"Coptoborus pseudotenuis","Euwallacea fornicatus","Ambrosiodmus tachygraphus","Xyleborus affinis"
0.99965733207596,0.993187195452872,0.999969074170437,0.99999819228735
0.99888550017954,0.986992513298988,0.999850781526726,0.999993165324125
0.997779673746555,0.9810565105676,0.999625391759458,0.999985120671374
0.99638147203687,0.975305240317265,0.999280340011594,0.999974159531756
0.994717884604561,0.969703186328556,0.998806077927769,0.999960350559937
0.992808990885617,0.964229017631636,0.998194872034524,0.999943745654539
0.990670915937012,0.958868294273389,0.99744025635869,0.999924386478575
0.988317261210697,0.953610470094039,0.996536733286442,0.999902307801769
0.985759896969535,0.948447425802736,0.995479591669424,0.999877539444179
0.983009441937132,0.943372663473222,0.994264787996115,0.999850107505994
0.980075572569776,0.938380826257836,0.992888864562945,0.999820035194569
0.976967232095329,0.933467393627702,0.991348890729471,0.99978734340694
0.973692777032062,0.92862847831245,0.989642419234252,0.999752051155319
0.970260082875985,0.923860685559767,0.987767452662291,0.999714175887187
0.966676622116853,0.919161012359979,0.985722416915066,0.999673733732011
0.962949522925845,0.914526773284451,0.983506139584514,0.999630739695338
0.959085614000546,0.909955544619539,0.981117831787865,0.99958520781417
0.955091459287143,0.905445121424726,0.978557072445465,0.999537151283226
0.9509733851699,0.900993483938214,0.975823794268748,0.999486582558903
0.946737501972876,0.896598770883958,0.972918270922347,0.999433513445861
0.942389721114448,0.892259257967763,0.969841104963811,0.999377955169886
0.93793576890574,0.887973340338612,0.966593216265624,0.999319918439758
0.933381197736904,0.883739518124292,0.963175830699291,0.999259413500217
0.928731395217158,0.87955638438192,0.959590468917991,0.999196450177657
0.923991591704143,0.875422614967987,0.95583893511801,0.999131037919787
0.919166866561198,0.871336959950709,0.951923305693251,0.999063185830296
0.914262153408166,0.867298236273855,0.947845917724217,0.998992902699294
0.909282244575603,0.863305321445345,0.943609357264451,0.998920197030204
0.904231794929311,0.859357148071955,0.939216447404972,0.998845077063614
0.899115325198606,0.855452699098086,0.934670236111393,0.99876755079854
0.893937224915401,0.851591003634558,0.929973983840022,0.998687626011448
0.888701755050266,0.847771133285217,0.92513115094861,0.998605310273338
0.88341305041496,0.843992198896121,0.920145384925033,0.998520610965143
0.878075121887446,0.840253347665586,0.91502050746328,0.998433535291657
0.872691858504573,0.836553760564028,0.909760501420861,0.998344090294166
0.867267029458699,0.832892650021144,0.904369497695416,0.998252282861937
0.861804286027364,0.829269257844924,0.898851762060939,0.998158119742702
0.856307163459114,0.825682853342581,0.893211682005772,0.99806160755224
0.850779082833761,0.822132731618132,0.887453753615559,0.997962752783164
0.845223352911281,0.818618212025151,0.881582568544609,0.997861561812994
0.839643171980282,0.815138636756326,0.87560280111883,0.997758040911588
0.834041629714183,0.811693369554102,0.869519195612559,0.997652196248001
0.828421709041003,0.808281794528844,0.863336553740284,0.997544033896816
0.822786288030797,0.804903315072805,0.857059722402532,0.997433559844022
0.81713814180322,0.801557352859715,0.850693581723141,0.99732077999245
0.81147994445646,0.798243346921133,0.844243033412756,0.997205700166836
0.805814271017753,0.79496075279181,0.837712989490774,0.997088326118526
0.800143599414866,0.791709041717258,0.831108361395172,0.996968663529862
0.794470312467279,0.788487699917552,0.824434049506705,0.996846718018278
0.788796699895275,0.78529622790208,0.817694933110901,0.996722495140121
0.783124960344742,0.782134139830566,0.810895860818166,0.996596000394239
0.7774572034252,0.779000962916225,0.804041641459184,0.996467239225326
0.771795451758337,0.775896236867342,0.797137035469666,0.996336217027072
0.766141643034207,0.772819513364002,0.790186746775409,0.996202939145119
0.760497632072136,0.769770355567012,0.783195415185611,0.996067410879831
0.754865192883375,0.76674833765636,0.776167609299475,0.995929637488914
0.749246020732507,0.763753044396871,0.769107819928318,0.99578962418987
0.74364173419469,0.760784070728882,0.762020454032739,0.995647376162322
0.738053877205862,0.757841021382037,0.754909829171861,0.9955028985502
0.732483921103125,0.754923510510434,0.747780168459337,0.995356196463808
0.726933266652653,0.752031161347555,0.74063559601858,0.99520727498178
0.721403246062566,0.749163605879539,0.733480132927726,0.995056139152925
0.715895124978354,0.74632048453549,0.726317693642955,0.994902793997981
0.710410104458587,0.743501445893625,0.719152082887221,0.994747244511266
0.704949322928778,0.740706146402191,0.711986992989948,0.994589495662252
0.699513858111415,0.737934250114132,0.704826001662003,0.994429552397057
0.694104728930346,0.735185428434622,0.697672570189188,0.994267419639855
0.688722897387834,0.732459359880607,0.690530042026549,0.99410310229422
0.683369270412754,0.729755729851604,0.683401641775106,0.993936605244403
0.678044701678551,0.727074230411048,0.676290474522001,0.993767933356547
0.672749993389728,0.724414560077524,0.66919952552466,0.993597091479835
0.667485898035756,0.721776423625309,0.662131660219264,0.993424084447594
0.662253120111456,0.719159531893643,0.655089624533725,0.993248917078339
0.657052317803005,0.716563601604234,0.648076045485299,0.993071594176767
0.651884104638872,0.713988355186519,0.6410934320431,0.992892120534708
0.646749051105079,0.711433520610234,0.634144176235978,0.99271050093203
0.641647686224319,0.708898831224888,0.627230554486498,0.992526740137501
0.636580499098562,0.706384025605764,0.620354729152184,0.992340842909612
0.631547940414859,0.70388884740609,0.613518750255601,0.992152813997364
0.6265504239142,0.70141304521505,0.606724557385408,0.991962658141016
0.621588327823299,0.698956372421324,0.59997398175106,0.991770380072803
0.616661996249339,0.696518587081883,0.593268748374495,0.99157598451762
0.61177174053772,0.694099451795754,0.586610478402766,0.991379476193674
0.60691784059297,0.691698733582518,0.580000691526302,0.991180859813109
0.602100546163012,0.689316203765292,0.573440808488182,0.990980140082606
0.597320078087079,0.686951637857995,0.566932153670538,0.990777321703947
0.592576629507574,0.684604815456667,0.560475957744945,0.990572409374569
0.587870367046276,0.682275520134664,0.554073360374419,0.990365407788081
0.583201431945286,0.679963539341546,0.547725412955355,0.990156321634762
0.578569941173202,0.677668664305475,0.541433081388515,0.989945155602042
0.573975988496999,0.675390689938975,0.535197248868877,0.989731914374958
0.569419645520165,0.673129414747889,0.529018718684909,0.98951660263659
0.564900962687635,0.670884640743405,0.522898217018478,0.989299225068479
0.56041997025813,0.668656173357,0.516836395737358,0.989079786351028
0.555976679244489,0.666443821358185,0.510833835172902,0.988858291163887
0.551571082322645,0.664247396774924,0.50489104687612,0.988634744186313
0.547203154709869,0.66206671481662,0.499008476345998,0.988409150097527
0.542872855012952,0.659901593799549,0.493186505724501,0.988181513577047
0.538580126046983,0.657751855074651,0.487425456453248,0.987951839305009
0.534324895625418,0.655617322957578,0.481725591887394,0.987720131962471
0.530107077322096,0.653497824660896,0.476087119862753,0.987486396231712
0.525926571205912,0.651393190228374,0.470510195212694,0.987250636796509
0.521783264548822,0.649303252471261,0.464994922231767,0.987012858342406
0.517677032507877,0.647227846906476,0.459541357083463,0.986773065556973
0.513607738781964,0.645166811696643,0.454149510149915,0.986531263130046
0.509575236243953,0.643119987591894,0.448819348321691,0.986287455753967
0.505579367548909,0.641087217873366,0.443550797226202,0.986041648123805
0.501619965719077,0.639068348298346,0.438343743393574,0.98579384493757
0.49769685470627,0.637063227046985,0.433198036359095,0.985544050896418
0.493809849932356,0.635071704670531,0.428113490701664,0.985292270704843
0.489958758808473,0.63309363404102,0.423089888017897,0.985038509070869
0.486143381233635,0.631128870302386,0.418126978831775,0.984782770706219
0.482363510073343,0.629177270822911,0.413224484439949,0.984525060326488
0.478618931618848,0.627238695149003,0.408382098692973,0.984265382651306
0.474909426027659,0.625313004960225,0.403599489712943,0.984003742404485
0.471234767745908,0.623400064025543,0.39887630154816,0.983740144314169
0.467594725913164,0.621499738160757,0.394212155765567,0.98347459311297
0.463989064750264,0.619611895187062,0.389606652981834,0.983207093538102
0.460417543930739,0.617736404890708,0.385059374334105,0.982937650331501
0.45687991893637,0.615873138983718,0.380569882891454,0.982666268239947
0.453375941397438,0.614021971065635,0.376137725008243,0.982392952015173
0.449905359418175,0.612182776586255,0.371762431620608,0.982117706413973
0.446467917887938,0.610355432809321,0.367443519487369,0.981840536198301
0.443063358778609,0.608539818777136,0.36318049237671,0.981561446135362
0.439691421428705,0.606735815276085,0.358972842200019,0.981280440997708
0.436351842814676,0.604943304803014,0.3548200500943,0.980997525563313
0.433044357809857,0.603162171532451,0.350721587454616,0.980712704615658
0.429768699431509,0.601392301284646,0.346676916917993,0.980425982943799
0.426524599076408,0.599633581494389,0.342685493300298,0.980137365342439
0.423311786745387,0.597885901180601,0.338746764487522,0.979846856611993
0.420129991257253,0.596149150916655,0.33486017228298,0.979554461558642
0.416978940452475,0.594423222801426,0.331025153211875,0.979260184994392
0.413858361387033,0.592708010431021,0.327241139284701,0.978964031737127
0.410767980516797,0.591003408871198,0.323507558720919,0.97866600661065
0.407707523872812,0.589309314630426,0.319823836634346,0.978366114444729
0.404676717227831,0.587625625633589,0.316189395681664,0.978064360075136
0.401675286254435,0.5859522411963,0.312603656675434,0.977760748343682
0.398702956675084,0.584289061999811,0.309066039162984,0.977455284098248
0.395759454404406,0.582635990066514,0.305575961972501,0.977147972192814
0.39284450568403,0.580992928735986,0.30213284372764,0.976838817487484
0.389957837210284,0.579359782641603,0.298736103331926,0.976527824848506
0.387099176255009,0.577736457687666,0.295385160424191,0.97621499914829
0.384268250779806,0.576122861027056,0.292079435806274,0.975900345265425
0.38146478954396,0.574518901039385,0.288818351844156,0.975583868084693
0.378688522206307,0.572924487309638,0.285601332843679,0.975265572497072
0.375939179421298,0.571339530607282,0.282427805401971,0.974945463399747
0.3732164929295,0.569763942865848,0.279297198735663,0.974623545696114
0.370520195642764,0.568197637162948,0.276208944986927,0.974299824295778
0.367850021724288,0.566640527700738,0.273162479508377,0.973974304114557
0.365205706663791,0.565092529786798,0.270157241127788,0.973646990074468
0.362586987348007,0.563553559815435,0.267192672393605,0.973317887103733
0.359993602126696,0.56202353524937,0.264268219802132,0.972987000136759
0.357425290874376,0.560502374601838,0.26138333400731,0.972654334114135
0.354881795047947,0.558989997419051,0.258537470013903,0.972319893982612
0.352362857740401,0.557486324263039,0.255730087354948,0.971983684695092
0.349868223730783,0.555991276694852,0.252960650254216,0.971645711210609
0.347397639530575,0.554504777258111,0.250228627774483,0.97130597849431
0.34495085342665,0.553026749462904,0.247533493952292,0.970964491517429
0.34252761552097,0.551557117770015,0.244874727919958,0.970621255257269
0.340127677767153,0.550095807575474,0.242251814015436,0.970276274697173
0.337750794004081,0.548642745195433,0.239664241880736,0.969929554826499
0.335396719986642,0.547197857851338,0.237111506549463,0.969581100640587
0.33306521341379,0.545761073655415,0.234593108524116,0.969230917140732
0.330756033954005,0.54433232159644,0.23210855384367,0.968879009334148
0.328468943268293,0.542911531525799,0.22965735414201,0.968525382233937
0.326203705030852,0.541498634143829,0.227239026697718,0.968170040859052
0.323960084947491,0.540093560986425,0.224853094475718,0.967812990234257
0.321737850771934,0.53869624441192,0.222499086161247,0.967454235390093
0.31953677232009,0.537306617588217,0.220176536186599,0.967093781362832
0.317356621482411,0.535924614480183,0.217884984751081,0.966731633194442
0.315197172234414,0.534550169837275,0.215623977834584,0.966367795932537
0.313058200645462,0.533183219181424,0.213393067205165,0.966002274630336
0.310939484885898,0.531823698795141,0.211191810421011,0.965635074346618
0.308840805232615,0.530471545709861,0.209019770827142,0.965266200145673
0.306761944073129,0.529126697694501,0.206876517547189,0.964895657097255
0.304702685908251,0.527789093244251,0.204761625470569,0.964523450276531
0.302662817353414,0.526458671569563,0.20267467523537,0.964149584764031
0.300642127138743,0.52513537258536,0.200615253207223,0.963774065645598
0.298640406107915,0.523819136900445,0.198582951454457,0.963396898012334
0.296657447215898,0.522509905807109,0.196577367719781,0.963018086960543
0.294693045525604,0.521207621270933,0.194598105388753,0.962637637591681
0.292746998203545,0.51991222592078,0.192644773455271,0.962255555012297
0.290819104514517,0.518623663038976,0.190716986484314,0.961871844333978
0.288909165815394,0.517341876551667,0.188814364572137,0.961486510673287
0.287016985548072,0.51606681101936,0.186936533304127,0.96109955915171
0.285142369231605,0.51479841162763,0.185083123710519,0.960710994895592
0.283285124453599,0.513536624178006,0.183253772220134,0.960320823036078
0.28144506086089,0.512281395079012,0.18144812061233,0.95992904870905
0.279621990149569,0.51103267133738,0.179665815967316,0.959535677055068
0.277815726054376,0.509790400549413,0.177906510614988,0.959140713219305
0.276026084337518,0.508554530892514,0.176169862082423,0.958744162351481
0.274252882776942,0.507325011116853,0.17445553304018,0.958346029605801
0.272495941154097,0.506101790537194,0.172763191247529,0.957946320140891
0.27075508124123,0.504884819024862,0.171092509496727,0.95754503911973
0.269030126788233,0.503674046999852,0.169443165556463,0.957142191709581
0.267320903509088,0.50246942542308,0.167814842114575,0.95673778308193
0.265627239067933,0.501270905788766,0.166207226720142,0.956331818412412
0.263948963064775,0.500078440116954,0.164620011725044,0.955924302880744
0.262285907020882,0.498891980946158,0.163052894225084,0.955515241670658
0.260637904363881,0.497711481326141,0.161505576000754,0.95510463996983
0.259004790412577,0.496536894810816,0.159977763457719,0.954692502969808
0.257386402361537,0.495368175451268,0.158469167567108,0.954278835865945
0.255782579265436,0.494205277788896,0.15697950380566,0.953863643857321
0.254193162023203,0.493048156848678,0.155508492095811,0.953446932146679
0.252617993361991,0.491896768132542,0.154055856745766,0.953028705940348
0.251056917820966,0.490751067612854,0.152621326389625,0.95260897044817
0.249509781734971,0.489611011726021,0.15120463392761,0.952187730883428
0.247976433218049,0.488476557366189,0.149805516466442,0.951764992462773
0.246456722146853,0.487347661879062,0.148423715259916,0.951340760406148
0.244950500143967,0.486224283055812,0.147058975649713,0.950915039936714
0.243457620561149,0.485106379127097,0.145711047006499,0.950487836280775
0.241977938462497,0.483993908757179,0.144379682671333,0.950059154667705
0.240511310607572,0.482886831038137,0.143064639897429,0.949629000329867
0.239057595434476,0.481785105484171,0.141765679792294,0.949197378502543
0.237616653042906,0.480688692026012,0.140482567260287,0.948764294423854
0.236188345177186,0.479597551005414,0.139215070945608,0.948329753334683
0.234772535209303,0.478511643169733,0.137962963175743,0.9478937604786
0.23336908812194,0.477430929666608,0.136726019905407,0.947456321101783
0.231977870491525,0.476355372038714,0.135504020660977,0.947017440452944
0.230598750471309,0.475284932218607,0.134296748485458,0.946577123783245
0.229231597774473,0.47421957252365,0.133103989883981,0.946135376346225
0.227876283657272,0.473159255651025,0.131925534769858,0.945692203397719
0.226532680902239,0.472103944672816,0.130761176411207,0.945247610195782
0.225200663801433,0.471053603031178,0.129610711378152,0.944801602000608
0.223880108139756,0.470008194533581,0.128473939490619,0.94435418407445
0.22257089117834,0.468967683348127,0.127350663766726,0.943905361681546
0.221272891638003,0.467932033998943,0.12624069037179,0.943455140088033
0.219985989682798,0.466901211361649,0.125143828567939,0.943003524561873
0.21871006690363,0.465875180658889,0.124059890664351,0.942550520372768
0.217445006301986,0.464853907455944,0.122988691968121,0.942096132792087
0.216190692273742,0.463837357656401,0.121930050735751,0.941640367092778
0.21494701059308,0.462825497497897,0.120883788125281,0.941183228549296
0.213713848396507,0.461818293547929,0.11984972814905,0.940724722437517
0.212491094166985,0.460815712699724,0.1188276976271,0.940264854034659
0.211278637718164,0.459817722168178,0.117817526141208,0.939803628619203
0.21007637017874,0.458824289485852,0.116819045989569,0.939341051470811
0.208884183976924,0.457835382499034,0.115832092142106,0.938877127870248
0.207701972825032,0.45685096936386,0.114856502196419,0.938411863099295
0.206529631704202,0.455871018542487,0.113892116334375,0.937945262440678
0.20536705684923,0.454895498799341,0.112938777279321,0.937477331177978
0.204214145733538,0.453924379197401,0.111996330253933,0.937008074595555
0.203070797054273,0.452957629094552,0.111064622938692,0.936537497978467
0.201936910717524,0.451995218139994,0.110143505430981,0.936065606612388
0.200812387823693,0.451037116270693,0.109232830204803,0.935592405783526
0.199697130652981,0.4500832937079,0.108332452071115,0.935117900778546
0.198591042651015,0.449133720953707,0.107442228138768,0.934642096884484
0.197494028414617,0.448188368787668,0.106562017776066,0.93416499938867
0.196405993677701,0.447247208263461,0.10569168257291,0.933686613578647
0.195326845297314,0.446310210705599,0.104831086303546,0.933206944742086
0.194256491239814,0.445377347706197,0.103980094889908,0.93272599816671
0.193194840567185,0.444448591121781,0.103138576365535,0.93224377914021
0.192141803423493,0.443523913070138,0.102306400840073,0.931760292950167
0.191097291021485,0.442603285927228,0.101483440464354,0.93127554488397
0.190061215629323,0.441686682324124,0.100669569396026,0.930789540228732
0.189033490557459,0.440774075144006,0.0998646637657616,0.930302284271215
0.188014030145654,0.439865437519198,0.0990686016440091,0.929813782297748
0.187002749750134,0.438960742828241,0.0982812630082924,0.929324039594142
0.185999565730887,0.438059964693019,0.0975025297110533,0.928833061445616
0.185004395439097,0.437163076975914,0.0967322854480258,0.928340853136714
0.184017157204726,0.436270053777014,0.0959704157271392,0.927847419951222
0.183037770324222,0.435380869431349,0.0952168078379382,0.927352767172093
0.182066155048378,0.434495498506176,0.0944713508215203,0.926856900081363
0.181102232570322,0.433613915798294,0.0937339354409758,0.926359823960076
0.180145925013649,0.43273609633141,0.0930044541523297,0.925861544088196
0.179197155420687,0.431862015353522,0.0922828010759754,0.925362065744537
0.178255847740901,0.43099164833436,0.0915688719685924,0.924861394206677
0.177321926819429,0.430124970962849,0.0908625641955451,0.924359534750881
0.176395318385763,0.429261959144611,0.0901637767037525,0.92385649265202
0.175475949042553,0.428402588999506,0.0894724099950212,0.923352273183495
0.174563746254551,0.427546836859199,0.088788366099837,0.922846881617157
0.173658638337682,0.426694679264771,0.0881115485516097,0.922340323223226
0.172760554448257,0.425846092964354,0.0874418623613582,0.921832603270215
0.171869424572306,0.425001054910803,0.0867792139928358,0.921323727024852
0.170985179515045,0.424159542259399,0.0861235113380846,0.920813699751998
0.170107750890472,0.423321532365586,0.0854746636934148,0.920302526714574
0.169237071111092,0.422487002782735,0.0848325817358007,0.919790213173479
0.168373073377767,0.421655931259938,0.0841971774996864,0.919276764387515
0.167515691669693,0.420828295739839,0.0835683643541974,0.918762185613308
0.166664860734496,0.420004074356488,0.0829460569807477,0.918246482105232
0.165820516078467,0.419183245433224,0.0823301713510394,0.917729659115329
0.164982593956897,0.418365787480592,0.0817206247054464,0.917211721893237
0.164151031364555,0.41755167919428,0.0811173355317762,0.916692675686108
0.163325766026271,0.416740899453094,0.080520223544404,0.916172525738537
0.16250673638765,0.415933427316949,0.0799292096637736,0.915651277292481
0.16169388160589,0.415129242024897,0.0793442159962556,0.915128935587185
0.160887141540731,0.414328322993171,0.0787651658143626,0.914605505859107
0.160086456745512,0.413530649813267,0.0781919835373096,0.914080993341841
0.159291768458345,0.41273620225004,0.0776245947119174,0.913555403266042
0.158503018593398,0.411944960239835,0.0770629259938521,0.913028740859353
0.157720149732298,0.411156903888631,0.076506905129194,0.912501011346326
0.156943105115638,0.410372013470225,0.0759564609363323,0.911972219948351
0.156171828634597,0.409590269424423,0.0754115232881779,0.911442371883581
0.155406264822667,0.40881165235527,0.0748720230946908,0.910911472366856
0.154646358847493,0.408036143029292,0.0743378922857133,0.910379526609632
0.153892056502808,0.407263722373763,0.0738090637941087,0.909846539819905
0.153143304200486,0.406494371475004,0.0732854715391956,0.90931251720214
0.152400048962687,0.405728071576689,0.0727670504104746,0.908777463957196
0.151662238414117,0.404964804078185,0.0722537362516424,0.908241385282253
0.150929820774377,0.404204550532906,0.0717454658448875,0.907704286370742
0.150202744850422,0.403447292646695,0.0712421768954633,0.907166172412271
0.149480960029114,0.402693012276218,0.0707438080165331,0.906627048592554
0.148764416269874,0.401941691427388,0.0702502987142814,0.906086920093336
0.148053064097434,0.401193312253802,0.0697615893732899,0.905545792092326
0.147346854594679,0.400447857055201,0.0692776212421685,0.905003669763127
0.14664573939559,0.39970530827595,0.0687983364194421,0.904460558275158
0.145949670678272,0.398965648503537,0.0683236778396838,0.903916462793592
0.145258601158086,0.398228860467089,0.0678535892598938,0.903371388479278
0.144572484080858,0.397494927035907,0.0673880152461176,0.902825340488678
0.143891273216195,0.396763831218025,0.0669269011602993,0.902278323973794
0.14321492285087,0.396035556158779,0.0664701931473669,0.901730344082098
0.142543387782312,0.395310085139398,0.066017838122544,0.901181405956466
0.141876623312174,0.394587401575616,0.0655697837588845,0.900631514735105
0.14121458523999,0.393867489016293,0.0651259784750269,0.900080675551489
0.140557229856911,0.39315033114206,0.0646863714231624,0.899528893534289
0.139904513939534,0.392435911763981,0.0642509124772146,0.898976173807306
0.139256394743803,0.391724214822223,0.0638195522212274,0.898422521489402
0.138612829999,0.391015224384756,0.0633922419379544,0.897867941694433
0.137973777901811,0.390308924646059,0.0629689335976494,0.897312439531187
0.13733919711047,0.38960529992584,0.0625495798470526,0.89675602010331
0.13670904673899,0.388904334667785,0.0621341339985694,0.896198688509247
0.13608328635146,0.388206013438306,0.0617225500196381,0.895640449842169
0.135461875956427,0.387510320925319,0.0613147825222836,0.895081309189916
0.134844776001345,0.386817241937023,0.0609107867528523,0.894521271634924
0.134231947367108,0.386126761400707,0.0605105185819272,0.893960342254167
0.133623351362649,0.38543886436156,0.0601139344944174,0.893398526119086
0.133018949719613,0.384753535981506,0.0597209915798206,0.89283582829553
0.132418704587099,0.384070761538041,0.0593316475226545,0.892272253843692
0.131822578526481,0.3833905264231,0.058945860593055,0.891707807818041
0.131230534506287,0.382712816141919,0.0585635896375369,0.891142495267264
0.130642535897156,0.382037616311927,0.0581847940699144,0.890576321234201
0.130058546466854,0.38136491266164,0.0578094338623796,0.890009290755783
0.129478530375365,0.380694691029577,0.057437469536735,0.889441408862971
0.128902452170041,0.380026937363178,0.0570688621557769,0.888872680580692
0.128330276780824,0.37936163771775,0.0567035733148285,0.888303110927779
0.127761969515521,0.378698778255408,0.0563415651334188,0.887732704916912
0.127197496055156,0.378038345244045,0.0559828002471036,0.887161467554554
0.126636822449374,0.377380325056302,0.0556272417994288,0.886589403840892
0.126079915111908,0.376724704168556,0.0552748534340309,0.886016518769779
0.12552674081611,0.376071469159919,0.0549255992868737,0.885442817328672
0.124977266690542,0.375420606711248,0.0545794439786175,0.884868304498573
0.124431460214621,0.374772103604169,0.054236352607119,0.884292985253973
0.123889289214325,0.374125946720107,0.0538962907400603,0.883716864562791
0.123350721857959,0.373482123039333,0.0535592244077032,0.883139947386315
0.122815726651973,0.372840619640019,0.0532251200957667,0.882562238679147
0.122284272436839,0.372201423697308,0.0528939447384273,0.881983743389145
0.12175632838298,0.371564522482385,0.0525656657114373,0.881404466457365
0.12123186398676,0.370929903361572,0.0522402508253603,0.880824412818004
0.120710849066514,0.370297553795424,0.051917668318922,0.880243587398347
0.120193253758648,0.369667461337837,0.0515978868524734,0.879661995118706
0.119679048513779,0.369039613635169,0.0512808755015651,0.87907964089237
0.119168204092929,0.368413998425371,0.0509666037506298,0.878496529625546
0.118660691563772,0.367790603537124,0.050655041486772,0.877912666217305
0.118156482296928,0.367169416888988,0.0503461589936625,0.87732805555953
0.11765554796231,0.366550426488565,0.0500399269455351,0.876742702536858
0.117157860525513,0.365933620431662,0.0497363164012855,0.876156612026629
0.116663392244258,0.365318986901474,0.0494352987986684,0.875569788898835
0.116172115664884,0.364706514167769,0.0491368459485925,0.87498223801606
0.115684003618872,0.364096190586083,0.0488409300295111,0.874393964233436
0.115199029219437,0.363488004596931,0.0485475235819061,0.873804972398585
0.114717165858148,0.362881944725015,0.0482565995028651,0.873215267351569
0.114238387201599,0.362277999578452,0.0479681310407484,0.872624853924838
0.113762667188125,0.361676157848003,0.0476820917899448,0.872033736943183
0.11328998002456,0.361076408306316,0.0473984556857156,0.871441921223678
0.112820300183038,0.360478739807174,0.0471171969991229,0.870849411575637
0.112353602397833,0.359883141284753,0.0468382903320435,0.870256212800561
0.111889861662247,0.359289601752887,0.0465617106122646,0.869662329692087
0.111429053225537,0.358698110304342,0.0462874330886612,0.869067767035942
0.110971152589876,0.3581086561101,0.0460154333264525,0.868472529609892
0.110516135507364,0.357521228418644,0.0457456872025375,0.867876622183696
0.110063977977068,0.356935816555263,0.0454781709009066,0.867280049519055
0.109614656242114,0.356352409921349,0.0452128609081298,0.866682816369568
0.109168146786802,0.355770997993717,0.0449497340089182,0.866084927480681
0.10872442633377,0.355191570323923,0.0446887672817578,0.865486387589645
0.10828347184119,0.35461411653759,0.0444299380946169,0.864887201425463
0.107845260500003,0.354038626333746,0.0441732241007219,0.864287373708853
0.107409769731188,0.353465089484168,0.0439186032344021,0.863686909152191
0.10697697718307,0.352893495832726,0.0436660537070037,0.863085812459477
0.106546860728657,0.352323835294746,0.0434155540028696,0.862484088326283
0.10611939846302,0.351756097856371,0.0431670828753835,0.86188174143971
0.105694568700701,0.35119027357393,0.0429206193430804,0.861278776478347
0.105272349973156,0.350626352573318,0.0426761426858186,0.860675198112222
0.104852721026232,0.350064325049381,0.0424336324410137,0.860071011002763
0.104435660817677,0.349504181265304,0.0421930683999351,0.859466219802754
0.104021148514683,0.348945911552008,0.0419544306040597,0.85886082915629
0.103609163491457,0.348389506307557,0.0417176993414869,0.858254843698738
0.103199685326829,0.347834955996566,0.0414828551434095,0.857648268056695
0.102792693801886,0.347282251149616,0.0412498787806424,0.857041106847944
0.102388168897641,0.34673138236268,0.0410187512602065,0.856433364681416
0.101986090792726,0.34618234029655,0.0407894538219671,0.855825046157145
0.101586439861124,0.345635115676271,0.0405619679353269,0.855216155866234
0.101189196669921,0.345089699290582,0.040336275295971,0.854606698390811
0.100794341977089,0.344546081991365,0.0401123578226638,0.853996678303989
0.100401856729307,0.344004254693093,0.0398901976540981,0.853386100169828
0.100011722059792,0.343464208372295,0.0396697771457924,0.852774968543298
0.0996239192861765,0.342925934067011,0.0394510788670391,0.852163287970238
0.0992384299084013,0.342389422876271,0.0392340855978998,0.85155106298732
0.0988552356066383,0.341854665959564,0.0390187803262492,0.850938298122008
0.098474318239242,0.341321654536319,0.0388051462448654,0.850324997892527
0.0980956598407235,0.340790379885393,0.038593166748565,0.849711166807818
0.0977192426197551,0.340260833344563,0.0383828254313851,0.84909680936751
0.0973450489571954,0.33973300631002,0.0381741060838084,0.848481930061877
0.0969730614041424,0.339206890235872,0.0379669926900321,0.847866533371806
0.0966032626800114,0.338682476633651,0.0377614694252796,0.847250623768762
0.0962356356706362,0.338159757071827,0.0375575206531548,0.84663420571475
0.095870163426395,0.337638723175322,0.0373551309230368,0.846017283662283
0.0955068291603595,0.337119366625032,0.037154284967516,0.845399862054348
0.0951456162464689,0.336601679157358,0.0369549676998694,0.844781945324369
0.0947865082177249,0.336085652563735,0.036757164211576,0.844163537896177
0.0944294887644115,0.335571278690166,0.0365608597698705,0.843544644183977
0.0940745417323361,0.33505854943677,0.0363660398153341,0.842925268592312
0.0937216511210927,0.334547456757323,0.0361726899595237,0.842305415516034
0.0933708010823478,0.334037992658809,0.0359807959826374,0.84168508934027
0.0930219759181469,0.333530149200976,0.0357903438312154,0.841064294440391
0.0926751600792441,0.333023918495899,0.035601319615877,0.840443035181981
0.0923303381634492,0.332519292707537,0.0354137096090924,0.839821315920807
0.0919874949139991,0.332016264051308,0.0352275002429877,0.839199141002787
0.0916466152179483,0.331514824793658,0.0350426781071852,0.838576514763958
0.0913076841045786,0.331014967251643,0.0348592299466753,0.837953441530454
0.0909706867438294,0.330516683792503,0.0346771426597216,0.837329925618466
0.0906356084447484,0.330019966833255,0.0344964032957975,0.836705971334222
0.0903024346539603,0.329524808840279,0.0343169990535547,0.836081582973953
0.0899711509541551,0.329031202328911,0.0341389172788227,0.835456764823866
0.0896417430625951,0.328539139863045,0.0339621454626376,0.834831521160118
0.0893141968296408,0.32804861405473,0.0337866712393021,0.834205856248786
0.0889884982372945,0.327559617563782,0.0336124823844739,0.83357977434584
0.0886646333977623,0.327072143097385,0.0334395668132835,0.83295327969712
0.0883425885520337,0.326586183409716,0.0332679125784798,0.832326376538302
0.0880223500684792,0.326101731301551,0.0330975078686048,0.831699069094879
0.0877039044414651,0.325618779619896,0.0329283410061941,0.831071361582133
0.0873872382899834,0.325137321257604,0.0327604004460052,0.830443258205108
0.0870723383563028,0.32465734915301,0.0325936747732733,0.829814763158586
0.0867591915046322,0.324178856289559,0.0324281527019911,0.829185880627063
0.086447784719802,0.323701835695445,0.0322638230732161,0.828556614784725
0.0861381051059633,0.323226280443248,0.0321006748534023,0.82792696979542
0.0858301398852999,0.322752183649579,0.031938697132757,0.827296949812642
0.0855238763967583,0.322279538474724,0.0317778791236215,0.8266665589795
0.0852193020947928,0.321808338122299,0.0316182101588763,0.826035801428699
0.0849164045481253,0.321338575838895,0.0314596796903705,0.825404681282519
0.0846151714385208,0.320870244913744,0.0313022772873727,0.824773202652786
0.0843155905595775,0.320403338678371,0.0311459926350468,0.824141369640858
0.0840176498155317,0.319937850506262,0.0309908155329484,0.8235091863376
0.0837213372200775,0.319473773812531,0.0308367358935448,0.822876656823363
0.0834266408952003,0.319011102053586,0.0306837437407557,0.822243785167962
0.0831335490700244,0.318549828726805,0.0305318292085164,0.821610575430657
0.0828420500796751,0.31808994737021,0.0303809825393602,0.820977031660132
0.0825521323641546,0.317631451562149,0.0302311940830241,0.820343157894478
0.0822637844672306,0.317174334920975,0.0300824542950723,0.819708958161168
0.0819769950353385,0.316718591104732,0.0299347537355412,0.819074436477043
0.0816917528164981,0.316264213810846,0.0297880830676042,0.818439596848291
0.0814080466592416,0.315811196775814,0.029642433056255,0.817804443270429
0.081125865511555,0.315359533774895,0.0294977945670103,0.817168979728285
0.0808451984198331,0.314909218621815,0.0293541585646323,0.816533210195977
0.080566034527846,0.314460245168459,0.0292115161118676,0.815897138636902
0.0802883630757178,0.314012607304578,0.0290698583682068,0.815260769003714
0.0800121733989186,0.313566298957494,0.0289291765886593,0.814624105238308
0.0797374549272674,0.313121314091807,0.0287894621225482,0.813987151271806
0.0794641971839477,0.312677646709109,0.0286507064123207,0.813349911024535
0.0791923897845342,0.312235290847692,0.0285129009923764,0.81271238840602
0.0789220224360313,0.311794240582273,0.0283760374879123,0.81207458731496
0.0786530849359228,0.311354490023704,0.0282401076137839,0.811436511639217
0.0783855671712343,0.310916033318701,0.0281051031733832,0.810798165255803
0.0781194591176033,0.310478864649563,0.027971016057532,0.810159552030859
0.0778547508383647,0.310042978233904,0.0278378382433914,0.80952067581965
0.0775914324836433,0.309608368324377,0.0277055617933863,0.808881540466541
0.0773294942894591,0.309175029208411,0.0275741788541458,0.808242149804992
0.0770689265768427,0.308742955207941,0.0274436816554582,0.807602507657539
0.0768097197509609,0.308312140679148,0.0273140625092405,0.806962617835785
0.0765518643002523,0.307882580012198,0.0271853138085231,0.806322484140385
0.076295350795574,0.307454267630982,0.027057428026448,0.805682110361035
0.0760401698893571,0.307027197992861,0.0269303977152819,0.805041500276458
0.0757863123147727,0.306601365588412,0.0268042155054424,0.804400657654394
0.0755337688849079,0.306176764941179,0.0266788741045384,0.80375958625159
0.0752825304919513,0.305753390607421,0.0265543662964234,0.803118289813786
0.0750325881063865,0.305331237175866,0.026430684940263,0.802476772075706
0.0747839327761983,0.30491029926747,0.0263078229696138,0.801835036761046
0.0745365556260838,0.304490571535167,0.0261857733915167,0.801193087582466
0.0742904478566768,0.30407204866364,0.0260645292856016,0.80055092824158
0.0740456007437786,0.303654725369074,0.0259440838032059,0.799908562428943
0.073802005637598,0.303238596398922,0.0258244301665033,0.799265993824047
0.0735596539620013,0.302823656531677,0.0257055616676465,0.798623226095308
0.0733185372137696,0.302409900576634,0.0255874716679206,0.797980262900059
0.0730786469618655,0.301997323373664,0.0254701535969084,0.797337107884541
0.0728399748467076,0.301585919792986,0.0253536009516679,0.796693764683896
0.0726025125794543,0.301175684734942,0.0252378072959195,0.796050236922158
0.0723662519412946,0.300766613129774,0.0251227662592462,0.795406528212246
0.0721311847827479,0.300358699937402,0.0250084715363036,0.794762642155957
0.0718973030229718,0.299951940147205,0.0248949168860409,0.79411858234396
0.0716645986490774,0.299546328777804,0.0247820961309328,0.793474352355787
0.0714330637154518,0.299141860876848,0.0246700031562212,0.792829955759829
0.0712026903430909,0.298738531520798,0.0245586319091687,0.792185396113328
0.0709734707189363,0.298336335814717,0.0244479763983202,0.791540676962373
0.0707453970952225,0.297935268892061,0.0243380306927762,0.790895801841893
0.0705184617888301,0.29753532591447,0.0242287889214752,0.790250774275655
0.0702926571806463,0.297136502071562,0.0241202452724854,0.789605597776253
0.0700679757149339,0.296738792580729,0.0240123939923074,0.78896027584511
0.0698444098987061,0.296342192686937,0.0239052293851846,0.788314811972469
0.0696219523011089,0.295946697662523,0.0237987458124237,0.78766920963739
0.0694005955528105,0.295552302806995,0.0236929376917247,0.78702347230775
0.0691803323453977,0.295159003446838,0.0235877994965191,0.786377603440232
0.0689611554307779,0.294766794935319,0.0234833257553172,0.785731606480328
0.0687430576205904,0.29437567265229,0.0233795110510645,0.785085484862334
0.0685260317856216,0.293985632004,0.0232763500205066,0.784439242009347
0.068310070855228,0.2935966684229,0.0231738373535616,0.783792881333263
0.0680951678167658,0.293208777367459,0.0230719677927026,0.783146406234772
0.0678813157150269,0.292821954321977,0.0229707361323468,0.782499820103362
0.0676685076516799,0.292436194796396,0.0228701372182533,0.781853126317312
0.0674567367847193,0.292051494326118,0.0227701659469293,0.781206328243692
0.0672459963279195,0.291667848471826,0.0226708172650437,0.780559429238363
0.0670362795502952,0.291285252819299,0.0225720861688481,0.779912432645974
0.066827579775568,0.290903702979235,0.022473967703606,0.779265341799964
0.0666198903816383,0.290523194587074,0.0223764569630298,0.778618160022561
0.0664132048000645,0.290143723302822,0.022279549088724,0.777970890624777
0.0662075165155455,0.289765284810875,0.0221832392696368,0.777323536906418
0.0660028190654116,0.289387874819849,0.0220875227415186,0.776676102156072
0.0657991060391193,0.289011489062405,0.0219923947863872,0.776028589651122
0.065596371077752,0.288636123295084,0.0218978507320005,0.775381002657736
0.0653946078735267,0.288261773298133,0.0218038859513359,0.774733344430877
0.0651938101693053,0.287888434875341,0.0217104958620758,0.774085618214296
0.0649939717581123,0.287516103853875,0.0216176759261015,0.773437827240543
0.0647950864826566,0.28714477608411,0.0215254216489913,0.772789974730958
0.0645971482348595,0.286774447439474,0.0214337285795274,0.772142063895683
0.0644001509553877,0.286405113816281,0.0213425923092075,0.771494097933658
0.0642040886331904,0.286036771133571,0.0212520084717637,0.770846080032626
0.064008955305043,0.285669415332955,0.0211619727426869,0.770198013369136
0.0638147450550946,0.285303042378454,0.0210724808387579,0.769549901108542
0.0636214520144212,0.284937648256344,0.0209835285175843,0.768901746405014
0.0634290703605829,0.284573228975003,0.0208951115771432,0.768253552401533
0.0632375943171865,0.284209780564755,0.0208072258553298,0.767605322229901
0.0630470181534527,0.283847299077721,0.0207198672295119,0.766957059010741
0.0628573361837884,0.283485780587663,0.0206330316160905,0.766308765853503
0.0626685427673624,0.283125221189841,0.0205467149700647,0.765660445856468
0.0624806323076874,0.282765617000859,0.0204609132846037,0.765012102106753
0.0622935992522046,0.28240696415852,0.020375622590623,0.764363737680313
0.0621074380918745,0.282049258821681,0.020290838956367,0.763715355641952
0.0619221433607708,0.281692497170108,0.0202065584869958,0.763066959045321
0.0617377096356796,0.281336675404332,0.0201227773241783,0.762418550932929
0.0615541315357026,0.280981789745505,0.0200394916456897,0.761770134336145
0.0613714037218634,0.280627836435264,0.0199566976650144,0.761121712275207
0.0611895208967205,0.280274811735583,0.0198743916309538,0.760473287759226
0.0610084778039818,0.279922711928644,0.019792569827239,0.759824863786192
0.060828269228125,0.279571533316692,0.0197112285721485,0.759176443342984
0.0606488899940209,0.279221272221899,0.0196303642181303,0.758528029405369
0.0604703349665618,0.278871924986234,0.0195499731514298,0.75787962493802
0.0602925990502931,0.278523487971322,0.0194700517917206,0.757231232894514
0.0601156771890482,0.278175957558317,0.0193905965917416,0.756582856217341
0.0599395643655893,0.277829330147764,0.0193116040369375,0.755934497837915
0.0597642556012492,0.277483602159473,0.0192330706451043,0.755286160676581
0.0595897459555804,0.277138770032385,0.0191549929660393,0.754637847642617
0.0594160305260035,0.276794830224448,0.0190773675811948,0.753989561634253
0.0592431044474637,0.276451779212483,0.0190001911033368,0.753341305538667
0.0590709628920878,0.276109613492063,0.0189234601762075,0.752693082232004
0.0588996010688464,0.275768329577384,0.0188471714741921,0.752044894579377
0.0587290142232189,0.275427924001139,0.0187713217019897,0.751396745434882
0.0585591976368622,0.275088393314399,0.0186959075942883,0.750748637641602
0.0583901466272834,0.274749734086487,0.0186209259154434,0.75010057403162
0.0582218565475147,0.274411942904856,0.0185463734591615,0.749452557426027
0.0580543227857931,0.274075016374969,0.0184722470481863,0.74880459063493
0.0578875407652424,0.27373895112018,0.0183985435339893,0.748156676457466
0.0577215059435589,0.273403743781614,0.0183252597964646,0.747508817681806
0.0575562138127006,0.27306939101805,0.0182523927436266,0.746861017085173
0.0573916598985791,0.272735889505802,0.0181799393113117,0.746213277433845
0.0572278397607549,0.272403235938607,0.018107896462884,0.74556560148317
0.0570647489921363,0.272071427027506,0.0180362611889442,0.744917991977574
0.0569023832186806,0.271740459500733,0.0179650305070417,0.744270451650576
0.0567407380990989,0.271410330103598,0.0178942014613912,0.743622983224792
0.0565798093245643,0.271081035598378,0.0178237711225915,0.742975589411955
0.0564195926184219,0.270752572764205,0.0177537365873485,0.74232827291292
0.056260083735903,0.270424938396955,0.0176840949782016,0.741681036417679
0.0561012784638418,0.270098129309137,0.0176148434432526,0.741033882605367
0.0559431726203948,0.269772142329786,0.0175459791558988,0.740386814144285
0.0557857620547634,0.269446974304354,0.0174774993145685,0.739739833691901
0.0556290426469188,0.269122622094605,0.0174094011424604,0.739092943894868
0.0554730103073308,0.268799082578505,0.0173416818872855,0.738446147389034
0.055317660976698,0.268476352650119,0.0172743388210123,0.737799446799458
0.0551629906256816,0.268154429219509,0.0172073692396153,0.737152844740419
0.055008995254642,0.267833309212622,0.0171407704628259,0.736506343815431
0.0548556708933773,0.267512989571198,0.0170745398338869,0.735859946617253
0.0547030136008656,0.267193467252658,0.0170086747193097,0.735213655727909
0.0545510194650084,0.266874739230008,0.016943172508634,0.734567473718693
0.0543996846023782,0.266556802491739,0.0168780306141908,0.73392140315019
0.0542490051579676,0.266239654041724,0.016813246470868,0.733275446572284
0.0540989773049412,0.26592329089912,0.0167488175358791,0.732629606524174
0.0539495972443903,0.265607710098272,0.0166847412885338,0.73198388553439
0.0538008612050893,0.265292908688611,0.0166210152300121,0.731338286120804
0.0536527654432558,0.264978883734564,0.0165576368831412,0.730692810790644
0.0535053062423113,0.264665632315451,0.0164946037921737,0.730047462040513
0.0533584799126468,0.264353151525395,0.0164319135225702,0.729402242356398
0.0532122827913877,0.264041438473222,0.0163695636607828,0.728757154213688
0.0530667112421644,0.263730490282376,0.0163075518140425,0.728112200077188
0.0529217616548817,0.263420304090815,0.016245875610148,0.727467382401135
0.0527774304454935,0.263110877050929,0.0161845326972575,0.72682270362921
0.0526337140557783,0.262802206329441,0.016123520743683,0.726178166194557
0.0524906089531165,0.26249428910732,0.0160628374376866,0.725533772519797
0.0523481116302715,0.262187122579688,0.0160024804872794,0.724889525017041
0.0522062186051709,0.261880703955733,0.0159424476200227,0.724245426087911
0.0520649264206923,0.261575030458621,0.0158827365828318,0.723601478123552
0.0519242316444487,0.261270099325403,0.0158233451417811,0.722957683504647
0.0517841308685781,0.260965907806932,0.0157642710819128,0.722314044601436
0.0516446207095336,0.260662453167775,0.0157055122070464,0.721670563773732
0.0515056978078771,0.260359732686127,0.015647066339592,0.721027243370934
0.0513673588280736,0.260057743653722,0.0155889313203638,0.720384085732048
0.0512296004582882,0.259756483375755,0.0155311050083975,0.719741093185699
0.051092419410185,0.259455949170792,0.0154735852807687,0.719098268050152
0.0509558124187288,0.25915613837069,0.015416370032414,0.718455612633325
0.0508197762419865,0.258857048320509,0.0153594571759535,0.71781312923281
0.0506843076609333,0.258558676378438,0.0153028446415162,0.717170820135885
0.0505494034792583,0.258261019915703,0.0152465303765661,0.716528687619536
0.0504150605231738,0.257964076316496,0.0151905123457319,0.715886733950471
0.0502812756412256,0.257667842977887,0.0151347885306372,0.715244961385139
0.0501480457041049,0.257372317309747,0.0150793569297335,0.714603372169747
0.0500153676044629,0.257077496734672,0.0150242155581347,0.713961968540278
0.0498832382567263,0.256783378687896,0.0149693624474532,0.713320752722507
0.0497516545969156,0.25648996061722,0.0149147956456391,0.712679726932024
0.049620613582464,0.256197239982934,0.0148605132168191,0.712038893374243
0.0494901121920386,0.255905214257736,0.0148065132411396,0.711398254244429
0.0493601474253639,0.25561388092666,0.0147527938146097,0.710757811727712
0.0492307163030459,0.255323237486996,0.0146993530489466,0.710117567999104
0.0491018158663986,0.255033281448219,0.0146461890714232,0.709477525223521
0.0489734431772725,0.25474401033191,0.0145933000247167,0.708837685555798
0.0488455953178833,0.254455421671687,0.0145406840667591,0.708198051140711
0.048718269390644,0.254167513013126,0.0144883393705897,0.707558624112992
0.0485914625179975,0.253880281913693,0.0144362641242087,0.70691940659735
0.0484651718422514,0.253593725942666,0.014384456530433,0.706280400708491
0.0483393945254135,0.253307842681069,0.0143329148067529,0.705641608551133
0.0482141277490302,0.253022629721596,0.0142816371851911,0.70500303222003
0.0480893687140253,0.252738084668543,0.0142306219121631,0.704364673799987
0.0479651146405407,0.252454205137733,0.0141798672483382,0.703726535365881
0.0478413627677787,0.252170988756454,0.0141293714685039,0.703088618982682
0.0477181103538463,0.251888433163382,0.0140791328614299,0.702450926705469
0.0475953546755995,0.251606536008517,0.014029149729735,0.701813460579452
0.047473093028491,0.251325294953111,0.0139794203897541,0.70117622263999
0.0473513227264173,0.251044707669603,0.0139299431714085,0.700539214912614
0.0472300411015694,0.250764771841551,0.0138807164180755,0.69990243941304
0.0471092455042832,0.250485485163565,0.0138317384864612,0.6992658981472
0.0469889333028917,0.250206845341238,0.0137830077464738,0.698629593111248
0.0468691018835797,0.249928850091086,0.0137345225810981,0.697993526291591
0.046749748650238,0.249651497140476,0.0136862813862724,0.697357699664907
0.0466308710243205,0.249374784227566,0.0136382825707653,0.69672211519816
0.0465124664447022,0.249098709101238,0.0135905245560553,0.696086774848626
0.0463945323675381,0.248823269521033,0.0135430057762105,0.695451680563912
0.0462770662661238,0.248548463257093,0.0134957246777703,0.694816834281973
0.0461600656307575,0.248274288090089,0.0134486797196283,0.694182237931137
0.0460435279686031,0.248000741811167,0.0134018693729161,0.693547893430125
0.0459274508035547,0.247727822221879,0.0133552921208888,0.692913802688069
0.0458118316761022,0.247455527134128,0.0133089464588115,0.692279967604534
0.0456966681431978,0.2471838543701,0.0132628308938472,0.69164639006954
0.0455819577781251,0.246912801762207,0.0132169439449453,0.691013071963583
0.0454676981703679,0.246642367153025,0.0131712841427324,0.690380015157652
0.0453538869254806,0.246372548395237,0.0131258500294031,0.689747221513255
0.0452405216649606,0.246103343351567,0.0130806401586129,0.689114692882439
0.0451276000261209,0.245834749894729,0.0130356530953716,0.688482431107808
