"Xyleborus xylographus","Xyleborus germanus","Sampsonius dampfi","Euwallacea fornicatus"
0.999952062409667,1,0.999999999948321,0.999969362101855
0.999773706162478,1,0.999999998894845,0.999899290273427
0.999439164634572,1,0.999999993370401,0.999797995463111
0.998932467408353,1,0.999999976366262,0.999669010460522
0.998241735954576,1,0.999999936652151,0.999514562402337
0.99735756743787,1,0.9999998582261,0.999336251753812
0.99627230790584,1,0.999999719842402,0.999135314862667
0.994979659038197,0.999999999999999,0.999999494592975,0.998912752345448
0.993474440786386,0.999999999999997,0.999999149528213,0.998669400999229
0.991752436926442,0.999999999999993,0.99999864530856,0.998405977896597
0.989810288620464,0.999999999999984,0.999997935880849,0.998123109245748
0.987645417448682,0.999999999999969,0.999996968175147,0.997821350236414
0.985255967278079,0.999999999999942,0.999995681818972,0.997501199227633
0.98264075849714,0.999999999999897,0.999994008866438,0.997163108213767
0.979799250494155,0.999999999999824,0.999991873540469,0.996807490747547
0.976731509655798,0.999999999999708,0.999989191986556,0.996434728069826
0.97343818103614,0.999999999999531,0.999985872036854,0.996045173940528
0.969920462413515,0.999999999999266,0.99998181298361,0.995639158507239
0.966180079834057,0.99999999999888,0.99997690536111,0.9952169914465
0.962219264005011,0.999999999998327,0.999971030735463,0.994778964545868
0.958040727089163,0.999999999997549,0.999964061501645,0.99432535384937
0.953647639588921,0.999999999996474,0.999955860687338,0.993856421457428
0.949043607110714,0.999999999995007,0.999946281763164,0.993372417050024
0.944232646877636,0.999999999993034,0.999935168458995,0.992873579185724
0.93921916391753,0.999999999990412,0.999922354586062,0.992360136417397
0.934007926899602,0.999999999986969,0.999907663864648,0.991832308256658
0.92860404362827,0.999999999982493,0.999890909757205,0.991290306012458
0.92301293623066,0.99999999997673,0.999871895306744,0.99073433352416
0.917240316095443,0.999999999969378,0.999850412980427,0.990164587805555
0.911292158636851,0.999999999960076,0.99982624451828,0.989581259613217
0.905174677969528,0.9999999999484,0.999799160787014,0.988984533950211
0.89889430158808,0.99999999993385,0.999768921638942,0.988374590514233
0.892457645150374,0.999999999915842,0.999735275776027,0.987751604097786
0.885871487466151,0.9999999998937,0.999697960619113,0.987115744946706
0.879142745792818,0.999999999866638,0.9996567021824,0.986467179082404
0.872278451538695,0.999999999833753,0.999611214953289,0.985806068592341
0.865285726470696,0.999999999794006,0.999561201777698,0.985132571892589
0.858171759518852,0.999999999746211,0.999506353750996,0.984446843965774
0.850943784264276,0.999999999689017,0.999446350114727,0.983749036577227
0.843609057190513,0.999999999620889,0.999380858159301,0.983039298471798
0.836174836770801,0.999999999540092,0.999309533132855,0.98231777555343
0.828648363455786,0.999999999444667,0.99923201815651,0.981584611049341
0.821036840617961,0.99999999933241,0.999147944146268,0.980839945660426
0.813347416500478,0.999999999200852,0.999056929741796,0.980083917699269
0.805587167209422,0.999999999047228,0.99895858124239,0.979316663217009
0.797763080779995,0.999999998868453,0.998852492550407,0.978538316120147
0.789882042338689,0.999999998661094,0.998738245122469,0.977749008278249
0.781950820375303,0.999999998421339,0.998615407928783,0.976948869623405
0.77397605413088,0.999999998144963,0.998483537420908,0.97613802824219
0.765964242100199,0.999999997827295,0.998342177508332,0.975316610460812
0.757921731640509,0.999999997463182,0.998190859544248,0.974484740924046
0.749854709671782,0.999999997046946,0.99802910232089,0.973642542668483
0.741769194447852,0.99999999657235,0.997856412074871,0.972790137190594
0.733671028372517,0.999999996032547,0.997672282502904,0.971927644510027
0.725565871829935,0.999999995420042,0.997476194788372,0.971055183228545
0.717459197994522,0.999999994726635,0.99726761763916,0.970172870584945
0.709356288581986,0.999999993943379,0.997046007337226,0.969280822506279
0.701262230500155,0.99999999306052,0.996810807800369,0.968379153655682
0.693181913355799,0.999999992067442,0.996561450656671,0.967467977477045
0.685120027771784,0.999999990952611,0.996297355332098,0.966547406236798
0.677081064467442,0.999999989703508,0.996017929151757,0.965617551062997
0.669069314054131,0.999999988306568,0.995722567455309,0.964678521981936
0.661088867497474,0.999999986747109,0.995410653727042,0.963730427952445
0.653143617197633,0.999999985009262,0.995081559741117,0.962773376898056
0.645237258639292,0.999999983075894,0.994734645722512,0.961807475737181
0.637373292563562,0.999999980928533,0.994369260524164,0.960832830411445
0.629555027614975,0.999999978547283,0.99398474182084,0.959849545912297
0.621785583417818,0.999999975910739,0.993580416320257,0.958857726306027
0.614067894037466,0.9999999729959,0.993155599991951,0.957857474757286
0.606404711783898,0.999999969778072,0.992709598314421,0.95684889355122
0.598798611316296,0.999999966230776,0.992241706541049,0.955832084114301
0.591251994009453,0.999999962325642,0.991751209985283,0.954807147033949
0.583767092544649,0.999999958032306,0.991237384325585,0.95377418207702
0.576345975689631,0.9999999533183,0.990699495930604,0.952733288207233
0.568990553234392,0.99999994814894,0.990136802205048,0.951684563601601
0.561702581051511,0.999999942487205,0.989548551956688,0.950628105665944
0.55448366625187,0.999999936293614,0.988933985784917,0.949564011049518
0.547335272408639,0.999999929526099,0.988292336491283,0.948492375658839
0.54025872482445,0.999999922139876,0.987622829512354,0.947413294670738
0.533255215818673,0.999999914087299,0.986924683375284,0.946326862544697
0.526325810013637,0.999999905317726,0.986197110176389,0.945233173034515
0.519471449600539,0.999999895777366,0.985439316083038,0.944132319199338
0.512692959567593,0.999999885409129,0.984650501859101,0.943024393414098
0.505991052874674,0.999999874152464,0.983829863414181,0.941909487379395
0.499366335560436,0.9999998619432,0.982976592376802,0.940787692130848
0.492819311769392,0.999999848713369,0.982089876691687,0.939659098047964
0.486350388687976,0.999999834391037,0.981168901241211,0.938523794862532
0.479959881379993,0.999999818900121,0.980212848491072,0.937381871666591
0.473648017513193,0.999999802160199,0.979220899160149,0.936233416919982
0.467414941969922,0.999999784086319,0.978192232914489,0.935078518457515
0.461260721335947,0.999999764588795,0.977126029085283,0.93391726349578
0.455185348262644,0.999999743573007,0.976021467410646,0.932749738639602
0.449188745698668,0.999999720939181,0.974877728800926,0.931576029888193
0.443270770988168,0.999999696582175,0.973693996127243,0.930396222640987
0.437431219833424,0.999999670391247,0.972469455032835,0.929210401703197
0.431669830120511,0.999999642249827,0.971203294766765,0.928018651291105
0.425986285607317,0.99999961203527,0.969894709039429,0.926821055037099
0.420380219473829,0.999999579618613,0.968542896899262,0.925617695994469
0.414851217735164,0.999999544864318,0.967147063629914,0.924408656641986
0.409398822518319,0.999999507630008,0.965706421667152,0.92319401888827
0.40402253520405,0.999999467766198,0.964220191534582,0.921973864075957
0.398721819435685,0.999999425116015,0.96268760279727,0.920748272985684
0.393496103996993,0.999999379514911,0.961107895032213,0.919517325839899
0.38834478556156,0.999999330790372,0.959480318814535,0.918281102306508
0.383267231316345,0.999999278761611,0.957804136718204,0.917039681502364
0.378262781462317,0.999999223239258,0.956078624329963,0.915793141996618
0.373330751595251,0.999999164025042,0.954303071275091,0.914541561813928
0.368470434969909,0.99999910091146,0.952476782253514,0.913285018437545
0.363681104650946,0.99999903368144,0.950599078084712,0.912023588812276
0.358962015553973,0.999998962107997,0.948669296759764,0.910757349347342
0.354312406380272,0.999998885953873,0.9466867944988,0.909486375919118
0.349731501448715,0.999998804971175,0.94465094681205,0.908210743873794
0.345218512428432,0.999998718901001,0.942561149562582,0.906930528029923
0.340772639975828,0.999998627473055,0.940416820028775,0.905645802680901
0.336393075279483,0.999998530405251,0.938217397964455,0.904356641597357
0.332079001516503,0.999998427403312,0.9359623466546,0.903063118029469
0.327829595223805,0.999998318160357,0.933651153964417,0.901765304709218
0.323644027587807,0.999998202356471,0.931283333379555,0.900463273852566
0.319521465655922,0.999998079658277,0.92885842503514,0.899157097161581
0.3154610734732,0.999997949718486,0.926375996731307,0.897846845826505
0.311462013147381,0.999997812175443,0.923835644932803,0.896532590527772
0.307523445845566,0.99999766665266,0.921236995750257,0.895214401437971
0.303644532725614,0.999997512758336,0.918579705900639,0.893892348223772
0.299824435805281,0.99999735008487,0.915863463644424,0.892566500047808
0.296062318772075,0.999997178208357,0.913087989696965,0.891236925570524
0.292357347736652,0.999996996688078,0.910253038111568,0.889903692951979
0.288708691932531,0.999996805065976,0.907358397131757,0.888566869853636
0.285115524364794,0.999996602866116,0.904403890010239,0.887226523440103
0.281577022410347,0.999996389594141,0.901389375792098,0.885882720380864
0.278092368372231,0.999996164736707,0.898314750059752,0.884535526851976
0.274660749990373,0.999995927760913,0.895179945637301,0.88318500853775
0.27128136091108,0.999995678113714,0.891984933251866,0.881831230632414
0.267953401117492,0.99999541522132,0.888729722149652,0.880474257841752
0.264676077323101,0.999995138488588,0.885414360664486,0.879114154384736
0.261448603330391,0.999994847298394,0.88203893673668,0.87775098399514
0.258270200356533,0.999994541010994,0.878603578380157,0.876384809923146
0.255140097328004,0.999994218963375,0.875108454095864,0.875015694936937
0.252057531145915,0.999993880468587,0.87155377322963,0.873643701324284
0.249021746923748,0.999993524815061,0.867939786272702,0.872268890894125
0.24603199819913,0.99999315126592,0.864266785103365,0.870891324978142
0.243087547121193,0.999992759058268,0.860535103168151,0.86951106443233
0.240187664615002,0.999992347402465,0.8567451156013,0.868128169638563
0.237331630524448,0.999991915481395,0.852897239281297,0.866742700506163
0.234518733734962,0.999991462449707,0.848991932823441,0.865354716473466
0.231748272277305,0.999990987433053,0.845029696507592,0.863964276509385
0.229019553413656,0.999990489527303,0.841011072140404,0.86257143911498
0.226331893707155,0.999989967797745,0.836936642851527,0.861176262325028
0.223684619075961,0.999989421278275,0.832807032823449,0.859778803709596
0.221077064832907,0.999988848970562,0.82862290695483,0.858379120375615
0.218508575711686,0.999988249843209,0.824384970457365,0.856977268968466
0.215978505880534,0.999987622830884,0.820093968386428,0.855573305673563
0.213486218944265,0.999986966833445,0.815750685105904,0.854167286217946
0.211031087935507,0.999986280715047,0.811355943687846,0.852759265871882
0.20861249529592,0.999985563303222,0.806910605247769,0.851349299450469
0.206229832848133,0.999984813387959,0.802415568216584,0.84993744131525
0.203882501759122,0.999984029720754,0.797871767550388,0.848523745375832
0.201569912495676,0.999983211013642,0.793280173879472,0.847108265091518
0.199291484772574,0.999982355938223,0.78864179259815,0.845691053472943
0.19704664749409,0.999981463124658,0.78395766289713,0.844272163083724
0.194834838689343,0.999980531160651,0.779228856740373,0.842851646042108
0.192655505442053,0.999979558590416,0.774456477788529,0.841429554022648
0.190508103815171,0.999978543913622,0.769641660271187,0.840005938257869
0.188392098770857,0.999977485584319,0.764785567810372,0.838580849539957
0.186306964086243,0.999976382009847,0.759889392197809,0.837154338222454
0.184252182265386,0.999975231549725,0.754954352128661,0.835726454221964
0.182227244447796,0.999974032514522,0.749981691894526,0.834297247019863
0.180231650313903,0.999972783164704,0.744972680038635,0.832866765664034
0.178264907987803,0.999971481709467,0.739928607976259,0.831435058770594
0.176326533937584,0.999970126305549,0.734850788583441,0.830002174525649
0.174416052873556,0.999968715056017,0.729740554757252,0.828568160687045
0.172532997644634,0.99996724600904,0.724599257950832,0.827133064586142
0.170676909133155,0.999965717156635,0.719428266686513,0.825696933129588
0.168847336148356,0.9999641264334,0.714228965050411,0.824259812801109
0.167043835318748,0.999962471715218,0.709002751171834,0.822821749663316
0.165265970983596,0.999960750817946,0.703751035690933,0.821382789359503
0.163513315083692,0.999958961496077,0.698475240218009,0.81994297711548
0.161785447051619,0.999957101441388,0.693176795787827,0.818502357741396
0.160081953701657,0.999955168281556,0.687857141312361,0.817060975633585
0.158402429119507,0.999953159578761,0.682517722035289,0.815618874776416
0.156746474551967,0.999951072828262,0.677159987991522,0.814176098744156
0.15511369829669,0.999948905456952,0.671785392475023,0.81273269070284
0.153503715592177,0.999946654821889,0.666395390518086,0.811288693412154
0.151916148508075,0.999944318208803,0.660991437385149,0.809844149227327
0.150350625835934,0.999941892830586,0.655574987084168,0.808399100101027
0.148806782980483,0.999939375825753,0.650147490898447,0.806953587585279
0.147284261851538,0.999936764256876,0.644710395941719,0.805507652833377
0.145782710756618,0.999934055109005,0.639265143739183,0.804061336601817
0.144301784294334,0.999931245288056,0.633813168837031,0.802614679252229
0.142841143248637,0.999928331619175,0.628355897442944,0.80116772075333
0.141400454483977,0.999925310845086,0.622894746099812,0.79972050068287
0.139979390841429,0.999922179624402,0.617431120394875,0.7982730582296
0.138577631035843,0.999918934529922,0.611966413706291,0.79682543219524
0.137194859554055,0.999915572046895,0.606502005988996,0.795377660996457
0.135830766554214,0.999912088571264,0.601039262601588,0.793929782666853
0.134485047766247,0.99990848040788,0.5955795331758,0.792481834858952
0.133157404393505,0.999904743768696,0.590124150529964,0.791033854846208
0.131847543015611,0.999900874770929,0.584674429627742,0.789585879525008
0.130555175492544,0.999896869435196,0.579231666583225,0.788137945416682
0.12928001886997,0.999892723683631,0.573797137713325,0.786690088669531
0.128021795285847,0.999888433337968,0.568372098638303,0.785242345060849
0.126780231878316,0.999883994117598,0.56295778343103,0.783794749998953
0.125555060694887,0.999879401637599,0.557555403815512,0.782347338525226
0.12434601860294,0.999874651406746,0.552166148415016,0.780900145316156
0.123152847201537,0.999869738825481,0.54679118205001,0.779453204685389
0.121975292734556,0.999864659183865,0.541431645085986,0.778006550585779
0.120813106005158,0.999859407659496,0.536088652831107,0.776560216611447
0.119666042291567,0.999853979315406,0.530763294983489,0.775114235999847
0.11853386126419,0.999848369097922,0.525456635127797,0.773668641633829
0.117416326904058,0.999842571834502,0.52016971028073,0.772223466043712
0.116313207422576,0.999836582231544,0.514903530484844,0.77077874140936
0.115224275182612,0.999830394872162,0.509659078450074,0.769334499562259
0.114149306620877,0.999824004213935,0.504437309242189,0.767890771987599
0.113088082171618,0.999817404586629,0.499239150017353,0.766447589826359
0.112040386191599,0.999810590189883,0.494065499801829,0.765004983877394
0.111006006886382,0.999803555090874,0.488917229315875,0.763562984599525
0.109984736237861,0.999796293221943,0.483795180840666,0.762121622113634
0.108976369933085,0.999788798378197,0.478700168127152,0.760680926204752
0.107980707294314,0.999781064215081,0.473632976345614,0.759240926324163
0.106997551210328,0.999773084245915,0.468594362074633,0.757801651591494
0.106026708068959,0.999764851839401,0.463585053328187,0.756363130796822
0.105067987690836,0.999756360217105,0.45860574961948,0.754925392402767
0.104121203264336,0.999747602450901,0.453657122060137,0.753488464546597
0.103186171281713,0.999738571460389,0.448739813493327,0.752052375042328
0.102262711476406,0.999729260010275,0.443854438659351,0.750617151382829
0.101350646761494,0.999719660707729,0.439001584392254,0.749182820741919
0.100449803169304,0.999709765999701,0.434181809845955,0.747749409976474
0.0995600097921321,0.999699568170213,0.429395646748409,0.746316945628524
0.0986810987240832,0.999689059337615,0.424643599682326,0.744885453927359
0.0978129050039978,0.99967823145181,0.41992614639093,0.743454960791628
0.0969552665594598,0.999667076291446,0.415243738107284,0.742025491831437
0.0961080241518655,0.999655585461075,0.410596799905707,0.74059707235045
0.0952710213225358,0.999643750388283,0.405985731073815,0.739169727347982
0.0944441043398592,0.999631562320783,0.401410905503748,0.7377434815211
0.0936271221474455,0.999619012323474,0.396872672101148,0.736318359266713
0.0928199263132777,0.999606091275473,0.392371355210505,0.734894384683663
0.0920223709798415,0.999592789867108,0.387907255055475,0.733471581574817
0.09123431281522,0.999579098596884,0.383480648192856,0.732049973449154
0.0904556109651357,0.999565007768404,0.379091787978876,0.730629583523847
0.0896861270059228,0.999550507487272,0.374740905046546,0.729210434726346
0.0889257248984161,0.999535587657949,0.370428207792813,0.727792549696458
0.088174270942739,0.999520237980584,0.366153882874321,0.72637595078842
0.0874316337339739,0.999504447947806,0.361918095710609,0.724960660072972
0.0866976841187024,0.999488206841484,0.357720990993608,0.723546699339427
0.0859722951523965,0.999471503729455,0.353562693202382,0.722134090097734
0.0852553420576472,0.999454327462214,0.349443307122028,0.720722853580539
0.0845467021832147,0.999436666669572,0.345362918365756,0.719313010745243
0.0838462549638857,0.999418509757283,0.341321593899203,0.717904582276053
0.0831538818811219,0.999399844903628,0.337319382566013,0.716497588586031
0.0824694664244861,0.999380660055975,0.333356315613874,0.715092049819138
0.0817928940538294,0.9993609429273,0.329432407220124,0.713687985852271
0.0811240521622285,0.999340680992668,0.325547655016173,0.7122854162973
0.0804628300396554,0.999319861485695,0.321702040609973,0.710884360503092
0.0798091188373678,0.999298471394957,0.317895530105849,0.709484837557541
0.0791628115330046,0.999276497460381,0.314128074621,0.708086866289578
0.0785238028963748,0.999253926169589,0.310399610798079,0.706690465271191
0.0778919894559251,0.999230743754219,0.30671006131324,0.705295652819428
0.0772672694658745,0.999206936186201,0.303059335379131,0.7039024469984
0.0766495428739997,0.999182489174008,0.2994473292423,0.702510865621274
0.0760387112900616,0.999157388158864,0.295873926674573,0.701120926252264
0.0754346779548612,0.99913161831093,0.292338999457947,0.699732646208612
0.0748373477099066,0.999105164525443,0.288842407862606,0.698346042562568
0.0742466269676871,0.999078011418828,0.285384001117717,0.696961132143355
0.0736624236825356,0.999050143324779,0.281963617874632,0.695577931539136
0.0730846473220712,0.999021544290297,0.27858108666224,0.694196457098971
0.0725132088392092,0.998992198071705,0.275236226334166,0.692816724934764
0.0719480206447275,0.998962088130622,0.271928846507599,0.691438750923206
0.0713889965803779,0.998931197629909,0.268658747993533,0.690062550707713
0.0708360518925318,0.998899509429577,0.265425723218223,0.688688139700355
0.070289103206349,0.998867006082666,0.262229556635713,0.687315533083773
0.0697480685004588,0.99883366983109,0.259070025131301,0.685944745813097
0.0692128670821446,0.998799482601451,0.255946898415816,0.684575792617851
0.0686834195630199,0.998764426000818,0.252859939410634,0.683208688003849
0.0681596478351861,0.998728481312476,0.249808904623358,0.681843446255092
0.0676414750478639,0.998691629491645,0.246793544514117,0.680480081435644
0.0671288255844856,0.998653851161161,0.243813603852453,0.679118607391512
0.0666216250402432,0.998615126607138,0.240868822064792,0.677759037752515
0.0661198002000775,0.998575435774585,0.237958933572488,0.676401385934135
0.0656232790171046,0.998534758263006,0.235083668120493,0.675045665139377
0.0651319905914671,0.998493073321959,0.232242751096652,0.673691888360607
0.064645865149603,0.998450359846591,0.2294359038417,0.672340068381386
0.0641648340239236,0.998406596373147,0.226662843950018,0.670990217778301
0.0636888296328907,0.99836176107444,0.223923285561205,0.669642348922777
0.0632177854614866,0.998315831755305,0.221216939642587,0.668296473982887
0.0627516360420689,0.998268785848016,0.218543514262723,0.666952604925158
0.0622903169355994,0.998220600407679,0.215902714856032,0.665610753516352
0.0618337647132436,0.998171252107598,0.213294244478646,0.664270931325264
0.0613819169383289,0.998120717234619,0.210717804055625,0.66293314972448
0.0609347121486578,0.998068971684438,0.208173092619638,0.661597419892154
0.0604920898391669,0.998015990956893,0.205659807541263,0.660263752813762
0.0600539904449229,0.997961750151231,0.203177644751042,0.658932159283843
0.0596203553244542,0.997906223961346,0.200726298953432,0.657602649907748
0.0591911267434035,0.997849386670997,0.198305463832802,0.65627523510336
0.0587662478585024,0.997791212149007,0.195914832251634,0.65494992510282
0.0583456627018549,0.997731673844431,0.193554096441073,0.653626729954236
0.0579293161655282,0.997670744781716,0.191222948184005,0.652305659523384
0.057517153986442,0.997608397555827,0.188921078990803,0.650986723495402
0.0571091227315506,0.997544604327367,0.186648180267917,0.649669931376473
0.0567051697833114,0.997479336817668,0.184403943479469,0.648355292495498
0.0563052433254361,0.99741256630387,0.182188060302021,0.647042816005763
0.0559092923289145,0.997344263613984,0.180000222772678,0.64573251088659
0.0555172665383108,0.997274399121936,0.1778401234307,0.644424385944986
0.0551291164583208,0.997202942742597,0.175707455452776,0.643118449817279
0.0547447933405902,0.997129863926805,0.173601912782149,0.641814710970741
0.0543642491707842,0.997055131656364,0.171523190251731,0.640513177705213
0.0539874366559068,0.996978714439044,0.169470983701399,0.639213858154703
0.0536143092118614,0.996900580303559,0.167444990089609,0.637916760288992
0.0532448209512506,0.996820696794545,0.165444907599515,0.636621891915216
0.0528789266714081,0.996739030967526,0.163470435739741,0.63532926067945
0.0525165818426597,0.996655549383873,0.161521275439966,0.634038874068276
0.0521577425968069,0.99657021810576,0.159597129141481,0.632750739410339
0.0518023657158304,0.996483002691114,0.157697700882872,0.631464863877902
0.0514504086208081,0.996393868188565,0.155822696380989,0.630181254488381
0.0511018293610418,0.99630277913239,0.153971823107339,0.628899918105881
0.0507565866033918,0.996209699537467,0.152144790360061,0.627620861442712
0.0504146396218119,0.996114592894219,0.150341309331628,0.626344091060902
0.0500759482870816,0.996017422163568,0.148561093172415,0.6250696133737
0.0497404730567332,0.995918149771899,0.146803857050276,0.623797434647064
0.0494081749651669,0.995816737606017,0.145069318206274,0.622527561001146
0.0490790156139523,0.995713147008127,0.143357196006678,0.621259998411762
0.0487529571623122,0.995607338770817,0.141667211991394,0.619994752711856
0.0484299623177838,0.995499273132052,0.139999089918926,0.618731829592952
0.0481099943270547,0.995388909770188,0.138352555808008,0.617471234606598
0.0477930169669707,0.995276207798995,0.136727337976038,0.616212973165797
0.0474789945357103,0.995161125762702,0.135123167074415,0.614957050546432
0.0471678918441237,0.995043621631062,0.133539776120915,0.613703471888682
0.0468596742072326,0.994923652794438,0.131976900529213,0.612452242198421
0.0465543074358881,0.994801176058915,0.130434278135663,0.611203366348616
0.0462517578285823,0.994676147641432,0.128911649223439,0.609956849080712
0.0459519921634123,0.994548523164952,0.127408756544165,0.608712695006005
0.045654977690191,0.994418257653658,0.125925345337099,0.607470908607009
0.0453606821227045,0.994285305528181,0.124461163346015,0.606231494238812
0.0450690736311121,0.994149620600868,0.123015960833847,0.60499445613042
0.0447801208344837,0.994011156071082,0.121589490595201,0.603759798386094
0.0444937927934771,0.993869864520552,0.120181507966838,0.602527524986678
0.0442100590031471,0.99372569790876,0.118791770836191,0.60129763979092
0.0439288893858859,0.993578607568373,0.117420039648035,0.600070146536768
0.0436502542844941,0.99342854420073,0.11606607740936,0.598845048842683
0.0433741244553755,0.993275457871376,0.114729649692559,0.597622350208914
0.0431004710618577,0.993119298005652,0.113410524636987,0.596402054018789
0.0428292656676321,0.992960013384345,0.112108472948979,0.595184163539974
0.0425604802303137,0.992797552139394,0.110823267900394,0.593968681925742
0.0422940870951174,0.992631861749666,0.109554685325765,0.592755612216217
0.0420300589886477,0.99246288903679,0.108302503618114,0.59154495733962
0.0417683690128009,0.992290580161076,0.107066503723503,0.590336720113498
0.041508990638777,0.992114880617487,0.105846469134384,0.589130903245947
0.0412518977011981,0.991935735231711,0.104642185881816,0.587927509336826
0.0409970643923342,0.991753088156291,0.103453442526597,0.586726540878961
0.0407444652564295,0.991566882866859,0.102280030149382,0.585528000259339
0.0404940751841329,0.991377062158443,0.101121742339831,0.584331889760291
0.0402458694070258,0.991183568141872,0.0999783751848488,0.583138211560674
0.0399998234922481,0.990986342240275,0.0988497272559642,0.581946967737031
0.0397559133372192,0.990785325185679,0.0977355995958999,0.580758160264754
0.0395141151644533,0.990580457015707,0.0966357957043832,0.57957179101923
0.0392744055164653,0.990371677070389,0.0955501215232345,0.57838786177698
0.0390367612507684,0.990158923989076,0.0944783854207927,0.577206374216791
0.038801159534958,0.989942135707477,0.0934203981757072,0.576027329920838
0.0385675778418834,0.989721249454806,0.0923759729601429,0.574850730375796
0.0383359939449042,0.989496201751063,0.0913449253224377,0.573676576973938
0.0381063859132294,0.989266928404435,0.0903270731692514,0.572504871014239
0.0378787321073386,0.98903336450883,0.0893222367472367,0.571335613703455
0.0376530111744825,0.988795444441553,0.0883302386242752,0.570168806157201
0.037429202044263,0.988553101861121,0.0873509036703045,0.569004449401019
0.0372072839242898,0.988306269705219,0.0863840590377744,0.567842544371441
0.0369872362959111,0.988054880188816,0.0854295341417569,0.566683091917032
0.0367690389100213,0.987798864802429,0.0844871606397461,0.565526092799439
0.0365526717829383,0.987538154310554,0.0835567724111695,0.564371547694417
0.036338115192354,0.987272678750259,0.0826382055366431,0.56321945719286
0.0361253496733537,0.987002367429946,0.0817312982769929,0.562069821801816
0.0359143560145049,0.986727148928295,0.0808358910520674,0.560922641945487
0.0357051152540121,0.986446951093386,0.0799518264193663,0.559777917966237
0.035497608675939,0.986161701042005,0.0790789490525087,0.558635650125577
0.0352918178064944,0.985871325159148,0.0782171057195571,0.557495838605151
0.0350877244103816,0.985575749097716,0.0773661452612224,0.556358483507702
0.0348853104872111,0.985274897778415,0.0765259185689719,0.555223584858047
0.0346845582679733,0.984968695389872,0.0756962785630484,0.554091142604025
0.0344854502115715,0.984657065388951,0.0748770801704309,0.552961156617453
0.0342879690014138,0.984339930501302,0.0740681803027429,0.551833626695059
0.0340920975420635,0.984017212722127,0.0732694378341344,0.550708552559424
0.033897818955944,0.983688833317188,0.0724807135791411,0.549585933859894
0.0337051165801021,0.983354712824036,0.0717018702705476,0.548465770173507
0.0335139739630234,0.983014771053504,0.0709327725372591,0.547348061005894
0.0333243748615032,0.982668927091432,0.070173286882198,0.546232805792182
0.0331363032375679,0.982317099300662,0.0694232816602399,0.545120003897887
0.03294974325545,0.981959205323284,0.0686826270561952,0.544009654619794
0.0327646792786124,0.981595162083157,0.067951195062854,0.542901757186838
0.0325810958668226,0.981224885788704,0.0672288594590974,0.541796310760968
0.032398977773276,0.980848291935985,0.0665154957880949,0.540693314438014
0.0322183099417665,0.980465295312061,0.0658109813355835,0.539592767248531
0.0320390775039048,0.980075809998652,0.0651151951082525,0.538494668158654
0.0318612657763819,0.979679749376092,0.0644280178122292,0.537399016070929
0.0316848602582787,0.979277026127592,0.0637493318316828,0.536305809825143
0.0315098466284192,0.978867552243823,0.0630790212075478,0.535215048199153
0.0313362107427682,0.978451239027809,0.0624169716163758,0.534126729909693
0.0311639386318709,0.978027997100154,0.0617630703493233,0.533040853613187
0.0309930164983352,0.977597736404603,0.0611172062912785,0.531957417906546
0.0308234307143549,0.977160366213936,0.0604792699001356,0.530876421327963
0.0306551678192735,0.976715795136219,0.0598491531862204,0.529797862357698
0.030488214517188,0.976263931121403,0.0592267496918727,0.528721739418854
0.0303225576745909,0.975804681468281,0.0586119544711867,0.527648050878152
0.0301581843180522,0.975337952831821,0.0580046640699213,0.526576795046691
0.029995081631937,0.974863651230864,0.0574047765055738,0.525507970180707
0.0298332369561616,0.974381682056207,0.0568121912476284,0.524441574482321
0.0296726377839852,0.973891950079075,0.0562268091979812,0.523377606100283
0.0295132717598378,0.973394359459988,0.0556485326715407,0.522316063130708
0.0293551266771821,0.97288881375802,0.0550772653770112,0.521256943617802
0.029198190476411,0.972375215940478,0.0545129123978587,0.520200245554586
0.0290424512427779,0.971853468392988,0.0539553801734631,0.519145966883609
0.0288878972043607,0.971323472930005,0.053404576480456,0.518094105497658
0.0287345167300583,0.970785130805748,0.0528604104142506,0.517044659240458
0.0285822983276188,0.970238342725571,0.0523227923707591,0.515997625907369
0.0284312306416994,0.969683008857779,0.0517916340283038,0.514953003246069
0.0282813024519572,0.969119028845879,0.0512668483297213,0.513910788957239
0.0281325026711699,0.968546301821297,0.050748349464658,0.512870980695239
0.027984820343387,0.967964726416551,0.0502360528520655,0.51183357606877
0.0278382446421096,0.967374200778884,0.0497298751228844,0.510798572641543
0.027692764868499,0.966774622584378,0.0492297341029293,0.50976596793293
0.027548370449614,0.966165889052539,0.0487355487959669,0.508735759418612
0.0274050509366757,0.965547896961373,0.048247239366991,0.507707944531226
0.0272627960033589,0.96492054266294,0.0477647271256926,0.506682520660998
0.0271215954441115,0.964283722099419,0.0472879345101273,0.50565948515637
0.0269814391724995,0.963637330819659,0.0468167850705764,0.50463883532463
0.0268423172195775,0.962981263996248,0.0463512034536056,0.503620568432527
0.0267042197322853,0.962315416443087,0.0458911153863161,0.502604681706881
0.0265671369718693,0.961639682633478,0.0454364476607913,0.501591172335189
0.0264310593123279,0.960953956718743,0.0449871281187366,0.500580037466224
0.0262959772388815,0.960258132547362,0.0445430856363123,0.499571274210631
0.0261618813464664,0.95955210368464,0.0441042501091575,0.49856487964151
0.0260287623382511,0.958835763432917,0.0436705524376065,0.497560850795004
0.0258966110241764,0.958109004852311,0.0432419245120935,0.496559184670864
0.0257654183195172,0.957371720782001,0.042818299198747,0.495559878233031
0.025635175243467,0.956623803862068,0.0423996103251735,0.494562928410191
0.025505872917744,0.955865146555875,0.0419857926664243,0.493568332096339
0.0253775025652179,0.955095641173004,0.0415767819311513,0.492576086151327
0.0252500555085586,0.954315179892754,0.0411725147479448,0.491586187401415
0.0251235231689051,0.953523654788189,0.0407729286518544,0.490598632639811
0.0249978970645544,0.952720957850753,0.0403779620710917,0.489613418627204
0.0248731688096704,0.951906981015448,0.0399875543139116,0.4886305420923
0.0247493301130133,0.951081616186574,0.0396016455556749,0.487649999732343
0.0246263727766866,0.95024475526404,0.0392201768260833,0.486671788213635
0.0245042886949045,0.949396290170236,0.0388430899965942,0.485695904172051
0.0243830698527771,0.948536112877479,0.0384703277680068,0.484722344213547
0.0242627083251142,0.947664115436027,0.0381018336582204,0.483751104914664
0.0241431962752469,0.946780190002655,0.0377375519901646,0.482782182823027
0.0240245259538669,0.945884228869811,0.0373774278798963,0.481815574457836
0.0239066896978834,0.944976124495328,0.0370214072248668,0.480851276310355
0.023789679929297,0.944055769532708,0.036669436692351,0.479889284844395
0.0236734891540901,0.94312305686197,0.0363214637080436,0.478929596496794
0.0235581099611343,0.942177879621065,0.0359774364448154,0.477972207677884
0.0234435350211137,0.941220131237839,0.0356373038116298,0.477017114771963
0.0233297570854643,0.94024970546257,0.0353010154426201,0.476064314137756
0.0232167689853289,0.939266496401044,0.0349685216863211,0.475113802108874
0.0231045636305283,0.938270398548194,0.0346397735950573,0.474165574994267
0.0229931340085465,0.937261306822274,0.0343147229144842,0.473219629078669
0.0228824731835312,0.936239116599585,0.0339933220732809,0.472275960623046
0.0227725742953101,0.935203723749724,0.0336755241729926,0.471334565865031
0.02266343055842,0.934155024671379,0.0333612829780217,0.470395441019359
0.0225550352611508,0.933092916328634,0.033050552905764,0.469458582278295
0.0224473817646044,0.932017296287797,0.0327432890168907,0.468523985812063
0.0223404635017655,0.930928062754737,0.0324394470057722,0.467591647769257
0.0222342739765877,0.929825114612722,0.0321389831910431,0.466661564277267
0.022128806763092,0.928708351460754,0.0318418545063075,0.465733731442682
0.022024055504478,0.927577673652377,0.0315480184909794,0.464808145351699
0.0219200139122495,0.926432982334972,0.0312574332812615,0.463884802070526
0.0218166757653511,0.925274179489509,0.0309700576012558,0.462963697645777
0.021714034909318,0.924101167970746,0.0306858507542075,0.462044828104867
0.0216120852554387,0.922913851547888,0.0304047726138799,0.4611281894564
0.0215108207799282,0.921712134945652,0.0301267836160572,0.460213777690556
0.0214102355231146,0.920495923885768,0.0298518447501741,0.459301588779466
0.0213103235886364,0.919265125128868,0.0295799175510725,0.458391618677593
0.0212110791426521,0.918019646516777,0.0293109640908795,0.457483863322101
0.0211124964130599,0.916759397015166,0.0290449469710102,0.456578318633225
0.0210145696887303,0.915484286756572,0.0287818293142885,0.455674980514631
0.0209172933187476,0.914194227083763,0.0285215747571883,0.45477384485378
0.0208206617116639,0.91288913059342,0.0282641474421906,0.453874907522281
0.0207246693347627,0.911568911180136,0.0280095120102574,0.452978164376242
0.0206293107133334,0.910233484080701,0.0277576335934176,0.45208361125662
0.0205345804299555,0.908882765918667,0.0275084778074682,0.45119124398956
0.0204404731237941,0.907516674749159,0.0272620107447824,0.450301058386742
0.0203469834899035,0.906135130103918,0.0270181989672303,0.449413050245709
0.0202541062785426,0.904738053036569,0.0267770094992054,0.448527215350205
0.0201618362944983,0.903325366168063,0.0265384098207571,0.447643549470499
0.0200701683964195,0.901896993732306,0.0263023678608289,0.446762048363714
0.0199790974961595,0.900452861621922,0.0260688519905985,0.445882707774143
0.0198886185581286,0.898992897434148,0.0258378310169203,0.445005523433568
0.0197987265986546,0.897517030516823,0.0256092741758671,0.444130491061577
0.0197094166853534,0.896025192014462,0.0253831511263717,0.443257606365866
0.0196206839365074,0.894517314914368,0.0251594319439645,0.442386865042554
0.0195325235204528,0.892993334092781,0.0249380871146078,0.441518262776479
0.0194449306549756,0.891453186361015,0.0247190875286234,0.4406517952415
0.0193579006067162,0.889896810511577,0.0245024044747144,0.439787458100793
0.0192714286905809,0.888324147364226,0.0242880096340781,0.438925247007143
0.0191855102691636,0.88673513981194,0.0240758750746083,0.438065157603231
0.0191001407521733,0.88512973286679,0.0238659732451884,0.43720718552192
0.019015315595871,0.88350787370565,0.0236582769700699,0.43635132638654
0.018931030302514,0.881869511715752,0.0234527594433391,0.435497575811163
0.0188472804198068,0.880214598540035,0.0232493942234673,0.43464592940088
0.0187640615403613,0.878543088122259,0.0230481552279454,0.433796382752074
0.0186813693011626,0.876854936751859,0.0228490167280013,0.432948931452686
0.0185991993830433,0.875150103108503,0.0226519533433974,0.432103571082484
0.0185175475101641,0.87342854830632,0.0224569400373088,0.431260297213323
0.0184364094495022,0.871690235937779,0.0222639521112805,0.430419105409406
0.0183557810103464,0.869935132117165,0.0220729652002615,0.429579991227541
0.0182756580437981,0.86816320552363,0.0218839552677153,0.42874295021739
0.0181960364422809,0.866374427443792,0.0216968986008061,0.427907977921722
0.018116912139055,0.864568771813842,0.0215117718056588,0.427075069876664
0.0180382811077391,0.862746215261109,0.0213285518026917,0.426244221611937
0.0179601393618388,0.860906737145086,0.0211472158220213,0.425415428651102
0.0178824829542805,0.85905031959784,0.0209677413989375,0.424588686511798
0.0178053079769526,0.857176947563806,0.0207901063694487,0.423763990705976
0.0177286105602519,0.855286608838908,0.0206142888658952,0.422941336740132
0.0176523868726366,0.853379294108978,0.0204402673126304,0.422120720115536
0.0175766331201854,0.851454996987447,0.0202680204217676,0.42130213632846
0.0175013455461619,0.849513714052255,0.0200975271889934,0.4204855808704
0.0174265204305848,0.847555444881968,0.0199287668894444,0.419671049228297
0.0173521540898048,0.845580192091036,0.019761719073648,0.418858536884759
0.0172782428760856,0.84358796136419,0.0195963635635249,0.418048039318271
0.0172047831771918,0.841578761489919,0.0194326804484541,0.417239552003413
0.017131771415981,0.839552604393005,0.0192706500813969,0.416433070411065
0.0170592040500029,0.837509505166074,0.0191102530750822,0.415628590008621
0.0169870775711013,0.835449482100126,0.0189514702982481,0.414826106260189
0.016915388505024,0.83337255671403,0.0187942828719436,0.414025614626793
0.0168441334110358,0.83127875378292,0.0186386721658858,0.413227110566579
0.0167733088815372,0.829168101365478,0.0184846197948724,0.412430589535004
0.0167029115416886,0.827040630830069,0.0183321076152508,0.411636046985038
0.0166329380490387,0.824896376879684,0.0181811177214399,0.41084347836735
0.0165633850931578,0.822735377575685,0.0180316324425063,0.410052879130502
0.0164942493952766,0.820557674360276,0.0178836343387918,0.409264244721137
0.0164255277079285,0.818363312077715,0.0177371061985939,0.408477570584158
0.0163572168145974,0.816152338994206,0.0175920310348957,0.407692852162919
0.01628931352937,0.813924806816454,0.017448392082147,0.406910084899398
0.0162218146965922,0.811680770708857,0.0173061727930939,0.40612926423438
0.0161547171905303,0.809420289309279,0.0171653568356572,0.405350385607626
0.0160880179150362,0.807143424743425,0.0170259280898583,0.404573444458054
0.0160217138032171,0.804850242637739,0.0168878706447925,0.403798436223907
0.0159558018171097,0.802540812130836,0.0167511687956474,0.403025356342916
0.0158902789473579,0.800215205883429,0.0166158070407683,0.402254200252477
0.0158251422128954,0.797873500086717,0.0164817700787672,0.401484963389806
0.0157603886606317,0.795515774469233,0.0163490428056761,0.400717641192106
0.0156960153651425,0.793142112302109,0.0162176103121439,0.399952229096725
0.015632019428364,0.79075260040275,0.0160874578806759,0.399188722541315
0.0155683979792905,0.78834732913689,0.0159585709829152,0.398427116963987
0.0155051481736771,0.785926392419005,0.0158309352769652,0.397667407803462
0.0154422671937446,0.783489887711096,0.0157045366047534,0.396909590499228
0.0153797522478896,0.781037916019773,0.0155793609894348,0.396153660491686
0.015317600570397,0.778570581891675,0.0154553946328344,0.395399613222296
0.0152558094211572,0.776087993407184,0.0153326239129291,0.394647444133725
0.0151943760853857,0.773590262172423,0.0152110353813676,0.393897148669988
0.0151332978733476,0.771077503309544,0.0150906157610274,0.393148722276594
0.0150725721200845,0.768549835445262,0.0149713519436097,0.392402160400678
0.0150121961851449,0.766007380697675,0.0148532309872694,0.391657458491147
0.0149521674523185,0.763450264661298,0.014736240114282,0.390914611998808
0.0148924833293736,0.760878616390383,0.0146203667087455,0.390173616376507
0.0148331412477973,0.758292568380453,0.0145055983143163,0.389434467079256
0.0147741386625398,0.755692256548076,0.0143919226319804,0.38869715956437
0.0147154730517612,0.753077820208891,0.0142793275178568,0.387961689291588
0.0146571419165813,0.750449402053856,0.0141678009810355,0.387228051723204
0.0145991427808335,0.747807148123736,0.0140573311814466,0.386496242324188
0.0145414731908205,0.745151207781855,0.0139479064277626,0.385766256562313
0.0144841307150739,0.742481733685061,0.0138395151753311,0.385038089908271
0.0144271129441164,0.739798881752973,0.0137321460241397,0.384311737835797
0.0143704174902267,0.737102811135479,0.0136257877168105,0.383587195821783
0.0143140419872081,0.73439368417851,0.0135204291366251,0.382864459346398
0.014257984090159,0.731671666388092,0.0134160593055791,0.382143523893196
0.0142022414752464,0.728936926392705,0.0133126673824656,0.381424384949235
0.0141468118394832,0.726189635903934,0.0132102426609874,0.380707038005182
0.0140916929005063,0.72342996967548,0.0131087745678976,0.379991478555428
0.0140368823963594,0.720658105460481,0.0130082526611674,0.379277702098192
0.0139823780852772,0.717874223967216,0.0129086666281822,0.378565704135625
0.0139281777454722,0.715078508813202,0.0128100062839632,0.377855480173921
0.0138742791749252,0.712271146477681,0.012712261569417,0.377147025723415
0.0138206801911769,0.709452326252554,0.0126154225496098,0.376440336298684
0.013767378631123,0.70662224019176,0.0125194794120684,0.37573540741865
0.0137143723508114,0.703781083059157,0.0124244224651057,0.375032234606675
0.0136616592252419,0.700929052274898,0.0123302421361713,0.374330813390659
0.0136092371481684,0.698066347860374,0.0122369289702266,0.373631139303139
0.0135571040319034,0.695193172381705,0.0121444736281438,0.372933207881377
0.0135052578071246,0.692309730891855,0.0120528668851287,0.372237014667453
0.0134536964226843,0.689416230871396,0.0119620996291666,0.371542555208362
0.0134024178454209,0.686512882167938,0.0118721628594916,0.370849825056097
0.0133514200599723,0.683599896934271,0.011783047685078,0.37015881976774
0.0133007010685921,0.680677489565278,0.0116947453231542,0.36946953490555
0.0132502588909673,0.677745876633619,0.0116072470977384,0.368781966037043
0.013200091564039,0.67480527682427,0.0115205444381957,0.368096108735085
0.0131501971418248,0.671855910867916,0.0114346288778169,0.367411958577965
0.0131005736952426,0.668898001473276,0.0113494920524173,0.366729511149485
0.0130512193119381,0.665931773258385,0.0112651256989572,0.366048762039032
0.0130021320961127,0.662957452680885,0.0111815216541814,0.365369706841665
0.0129533101683547,0.659975267967361,0.0110986718532795,0.364692341158186
0.0129047516654715,0.656985449041784,0.0110165683285656,0.364016660595218
0.0128564547403242,0.653988227453099,0.0109352032081768,0.363342660765282
0.0128084175616646,0.650983836302004,0.0108545687147915,0.36267033728687
0.0127606383139732,0.647972510166975,0.0107746571643657,0.361999685784515
0.0127131151972997,0.64495448502959,0.010695460964888,0.361330701888865
0.0126658464271051,0.641929998199185,0.0106169726151528,0.360663381236752
0.012618830234106,0.638899288236918,0.0105391847035512,0.359997719471262
0.0125720648641204,0.635862594879275,0.0104620899068795,0.359333712241802
0.0125255485779152,0.632820158961069,0.0103856809891649,0.358671355204166
0.0124792796510554,0.629772222337987,0.0103099508005084,0.358010644020599
0.0124332563737562,0.626719027808769,0.0102348922759442,0.357351574359867
0.0123874770507349,0.623660819037003,0.0101604984343159,0.356694141897315
0.0123419400010658,0.620597840472646,0.0100867623771688,0.356038342314929
0.012296643558037,0.617530337273327,0.0100136772876581,0.355384171301401
0.0122515860690075,0.614458555225423,0.00994123642947274,0.354731624552184
0.0122067658952672,0.61138274066505,0.00986943314577545,0.354080697769556
0.0121621814118983,0.608303140398945,0.00979826085815688,0.353431386662673
0.0121178310076377,0.60522000162533,0.00972771306560594,0.352783686947629
0.0120737130847412,0.602133571854816,0.00965778334349397,0.352137594347509
0.0120298260588502,0.599044098831366,0.00958846534257411,0.351493104592446
0.0119861683588581,0.595951830453428,0.00951975278799502,0.350850213419676
0.0119427384267801,0.592857014695198,0.00945163947832794,0.350208916573585
0.0118995347176231,0.589759899528191,0.00938411928460877,0.349569209805767
0.0118565556992577,0.586660732843024,0.00931718614939288,0.348931088875069
0.0118137998522918,0.583559762371611,0.00925083408582413,0.348294549547647
0.0117712656699452,0.580457235609691,0.00918505717671657,0.347659587597008
0.0117289516579258,0.577353399739825,0.00911984957364961,0.347026198804064
0.0116868563343074,0.574248501554881,0.00905520549607596,0.346394378957175
0.0116449782294084,0.571142787382041,0.0089911192304421,0.345764123852197
0.0116033158856724,0.568036503007392,0.00892758512932143,0.345135429292525
0.0115618678575499,0.564929893601172,0.00886459761055954,0.344508291089139
0.0115206327113811,0.561823203643661,0.00880215115643185,0.343882705060647
0.0114796090252806,0.558716676851808,0.00874024031281271,0.343258667033326
0.0114387953890227,0.555610556106618,0.00867885968835664,0.342636172841167
0.0113981904039285,0.552505083381356,0.00861800395369118,0.342015218325911
0.0113577926827541,0.549400499670587,0.00855766784062051,0.341395799337093
0.01131760084958,0.546297044920109,0.00849784614134117,0.340777911732077
0.0112776135397018,0.543194957957822,0.008438533707668,0.340161551376099
0.0112378293995219,0.540094476425559,0.0083797254502715,0.339546714142301
0.0111982470864428,0.536995836711921,0.00832141633792566,0.338933395911766
0.0111588652687613,0.533899273886155,0.00826360139676634,0.338321592573559
0.011119682625564,0.53080502163312,0.00820627570956022,0.337711300024757
0.0110806978466236,0.52771331218933,0.00814943441498356,0.337102514170487
0.011041909632297,0.524624376280178,0.0080930727069116,0.336495230923956
0.011003316693424,0.521538443058302,0.00803718583371748,0.335889446206486
0.0109649177512274,0.518455740043173,0.00798176909758098,0.335285155947545
0.0109267115372137,0.515376493061897,0.00792681785380697,0.334682356084777
0.0108886967930758,0.512300926191297,0.00787232751015352,0.334081042564036
0.0108508722705957,0.509229261701251,0.00781829352616887,0.333481211339411
0.0108132367315494,0.506161719999351,0.00776471141253809,0.33288285837326
0.0107757889476116,0.503098519576903,0.00771157673043843,0.332285979636234
0.0107385277002625,0.500039876956252,0.00765888509090401,0.331690571107305
0.010701451780695,0.496986006639497,0.0076066321541987,0.331096628773797
0.0106645599897233,0.493937121058595,0.00755481362919829,0.330504148631406
0.0106278511376921,0.490893430526864,0.00750342527278088,0.329913126684231
0.0105913240443869,0.487855143191905,0.00745246288922555,0.329323558944796
0.0105549775389457,0.484822464989984,0.00740192232961966,0.328735441434074
0.0105188104597711,0.481795599601826,0.00735179949127389,0.328148770181513
0.0104828216544434,0.478774748409912,0.00730209031714586,0.327563541225056
0.010447009979635,0.475760110457209,0.00725279079527095,0.326979750611165
0.0104113743010257,0.4727518824074,0.00720389695820159,0.326397394394843
0.0103759134932183,0.469750258506605,0.00715540488245383,0.32581646863965
0.0103406264396558,0.466755430546585,0.00710731068796165,0.325236969417734
