"Euwallacea validus","Sampsonius dampfi","Xyleborus obesus","Xyleborus seriatus"
0.995485389989635,0.999999999999823,0.929004677425754,0.994108403231217
0.992336301624405,0.999999999993407,0.88396071835648,0.988728523386682
0.98956568188782,0.999999999945355,0.847355654651299,0.98356025080201
0.987019263667113,0.999999999754961,0.815998399174006,0.978542074372902
0.984629972250848,0.999999999215271,0.788398637918502,0.973644582643176
0.982360570095405,0.999999997968903,0.763685752473493,0.96885019512483
0.98018752973431,0.999999995461349,0.74128844658104,0.964147068768562
0.978094720971106,0.999999990892187,0.720803759031401,0.959526596217947
0.97607044040332,0.999999983164469,0.701933045717309,0.954982182535479
0.974105834490934,0.999999970832518,0.684446834028181,0.950508574177843
0.97219398713145,0.999999952048287,0.6681638696924,0.946101459336266
0.970329356315215,0.999999924506403,0.65293782955687,0.941757214637231
0.968507408165733,0.999999885388011,0.638648481249979,0.937472736582763
0.966724369260566,0.999999831303499,0.625195571009233,0.933245324878227
0.964977053246001,0.999999758234177,0.612494462615836,0.929072599008532
0.963262735971928,0.999999661472984,0.600472942965365,0.924952436936884
0.961579063373034,0.999999535564263,0.589068829558279,0.920882928998378
0.959923982080022,0.999999374242671,0.578228144069322,0.916862342517653
0.958295686196415,0.99999917037125,0.567903694775175,0.912889094175453
0.956692575819044,0.999998915878715,0.558053960233881,0.908961728090755
0.955113224251192,0.999998601695977,0.548642198853028,0.905078898195945
0.953556351757931,0.999998217691953,0.539635730484813,0.901239353889058
0.952020804319058,0.999997752608673,0.531005350854041,0.897441928223993
0.95050553625118,0.999997193995727,0.522724849836155,0.893685528092054
0.949009595861829,0.999996528144064,0.514770611840976,0.889969125984485
0.947532113505955,0.999995740019177,0.507121281773955,0.886291753023738
0.94607229156514,0.999994813193694,0.499757483861371,0.88265249302298
0.94462939597992,0.999993729779388,0.492661583453666,0.879050477386438
0.94320274904737,0.999992470358637,0.485817484043136,0.875484880703093
0.941791723257549,0.999991013915344,0.479210453342785,0.87195491691652
0.940395735989147,0.999989337765342,0.472826973508344,0.868459835976877
0.939014244920562,0.999987417486295,0.466654611541919,0.864998920899096
0.937646744040433,0.999985226847117,0.460681906662919,0.861571485165396
0.93629276016343,0.999982737736924,0.454898272020572,0.858176870421359
0.934951849874237,0.999979920093536,0.449293908589614,0.854814444423652
0.933623596836294,0.999976741831541,0.443859729464344,0.851483599204565
0.932307609412782,0.999973168769944,0.438587293067044,0.848183749424261
0.931003518556093,0.999969164559415,0.433468744030402,0.844914330886244
0.929710975929179,0.999964690609142,0.428496760712153,0.841674799195405
0.928429652227956,0.999959706013326,0.423664508462888,0.838464628541063
0.92715923567874,0.999954167477313,0.418965597902047,0.835283310590059
0.92589943068857,0.999948029243395,0.414394047568127,0.832130353477048
0.924649956629588,0.999941243016287,0.409944250401497,0.829005280880985
0.923410546741311,0.999933757888304,0.405610943595365,0.825907631178245
0.922180947136926,0.999925520264255,0.401389181415243,0.822836956664137
0.920960915901638,0.999916473786073,0.397274310641813,0.819792822835606
0.919750222272713,0.999906559257196,0.39326194833827,0.816774807728855
0.918548645892209,0.999895714566723,0.389347961682414,0.813782501306379
0.917355976124567,0.999883874613372,0.385528449637178,0.810815504888584
0.916172011432204,0.999870971229243,0.381799726261791,0.807873430625723
0.914996558803113,0.999856933103436,0.378158305490302,0.8049559010064
0.913829433225183,0.999841685705522,0.374600887225219,0.802062548399275
0.912670457202603,0.999825151208908,0.371124344612225,0.799193014625039
0.911519460310234,0.999807248414118,0.367725712377613,0.796346950555981
0.910376278782316,0.999787892672013,0.364402176123775,0.793524015740815
0.90924075513228,0.999766995806987,0.361151062489899,0.790723878052627
0.908112737800799,0.999744466040163,0.357969830095412,0.78794621335807
0.906992080829508,0.999720207912622,0.354856061192731,0.785190705206078
0.905878643558111,0.999694122208698,0.351807453963822,0.782457044534574
0.904772290342823,0.999666105879376,0.348821815402008,0.779744929393786
0.903672890294315,0.999636051965829,0.345897054726631,0.777054064684899
0.902580317033504,0.999603849523133,0.343031177283513,0.774384161912928
0.901494448463699,0.999569383544188,0.340222278889005,0.771734938952744
0.900415166557777,0.999532534883918,0.337468540579578,0.769106119827351
0.899342357159153,0.999493180183756,0.334768223732695,0.766497434497518
0.898275909795467,0.999451191796488,0.332119665528023,0.763908618662016
0.897215717503986,0.999406437711497,0.329521274721005,0.761339413567713
0.896161676667816,0.999358781480451,0.32697152770347,0.758789565828896
0.895113686862108,0.999308082143503,0.324468964828303,0.756258827255203
0.894071650709505,0.999254194156036,0.322012186977329,0.753746954687618
0.893035473744158,0.999196967316044,0.319599852353449,0.751253709842022
0.892005064283674,0.999136246692175,0.317230673479763,0.748778859159824
0.890980333308443,0.999071872552526,0.314903414389956,0.746322173665248
0.889961194347814,0.999003680294245,0.312616887995578,0.743883428828871
0.888947563372636,0.998931500374006,0.310369953617113,0.74146240443705
0.887939358693747,0.998855158239446,0.308161514666829,0.739058884466887
0.886936500865985,0.998774474261618,0.305990516472416,0.736672656966417
0.885938912597363,0.998689263668552,0.303855944231354,0.734303513939738
0.884946518663066,0.998599336480005,0.301756821086748,0.731951251236783
0.883959245823955,0.998504497443479,0.299692206316146,0.729615668447511
0.882977022749282,0.998404545971605,0.297661193625532,0.727296568800256
0.881999779943357,0.998299276080968,0.295662909541293,0.724993759064021
0.88102744967591,0.998188476332493,0.293696511893547,0.722707049454518
0.88005996591593,0.998071929773464,0.291761188384712,0.720436253543747
0.879097264268751,0.9979494138813,0.289856155237688,0.718181188172955
0.878139281916205,0.997820700509181,0.287980655918426,0.715941673368776
0.877185957559652,0.997685555833641,0.286133959928078,0.71371753226243
0.876237231365707,0.997543740304231,0.284315361660259,0.711508591011801
0.875293044914527,0.997395008595389,0.282524179319295,0.70931467872628
0.87435334115049,0.997239109560614,0.280759753895625,0.707135627394221
0.87341806433514,0.997075786189086,0.2790214481948,0.704971271812909
0.872487160002267,0.996904775564856,0.277308645916787,0.702821449520903
0.871560574915002,0.996725808828734,0.275620750782499,0.700686000732665
0.870638257024818,0.99653861114302,0.273957185704719,0.698564768275357
0.869720155432328,0.996342901659208,0.272317392000742,0.696457597527722
0.868806220349789,0.99613839348882,0.27070082864428,0.694364336360943
0.867896403065216,0.995924793677505,0.269106971554325,0.692284835081413
0.866990655908017,0.995701803182564,0.267535312918809,0.690218946375318
0.866088932216087,0.99546911685405,0.265985360551073,0.688166525254961
0.865191186304253,0.995226423419615,0.264456637277272,0.686127429006763
0.86429737343404,0.994973405473244,0.262948680352949,0.684101517140859
0.863407449784657,0.994709739468071,0.261461040907167,0.682088651342228
0.862521372425156,0.994435095713422,0.25999328341265,0.680088695423302
0.861639099287716,0.994149138376272,0.258544985180515,0.678101515277983
0.860760589141971,0.993851525487295,0.257115735878239,0.676126978837025
0.85988580157035,0.993541908951674,0.255705137069618,0.674164956024717
0.859014696944383,0.993219934564869,0.254312801775526,0.672215318716823
0.858147236401901,0.992885242033513,0.252938354054377,0.670277940699726
0.857283381825126,0.99253746500164,0.251581428601243,0.668352697630741
0.856423095819569,0.992176231082424,0.250241670364657,0.666439466999539
0.85556634169373,0.991801161895627,0.248918734180184,0.664538128090646
0.854713083439546,0.991411873110951,0.247612284419895,0.662648561946993
0.853863285713558,0.991007974497487,0.246321994656928,0.660770651334443
0.853016913818758,0.990589069979463,0.245047547344385,0.658904280707306
0.852173933687101,0.990154757698488,0.243788633507829,0.657049336174763
0.851334311862632,0.989704630082493,0.242544952450715,0.655205705468202
0.85049801548522,0.989238273921568,0.241316211472112,0.653373277909404
0.849665012274853,0.988755270450894,0.240102125596109,0.651551944379583
0.84883527051649,0.988255195440971,0.238902417312346,0.649741597289214
0.848008759045427,0.987737619295353,0.237716816327114,0.647942130548654
0.847185447233174,0.987202107156057,0.236545059324546,0.646153439539508
0.8463653049738,0.986648219016883,0.235386889737386,0.644375421086729
0.845548302670745,0.986075509844806,0.234242057526912,0.642607973431419
0.844734411224072,0.985483529709649,0.233110318971564,0.640850996204308
0.843923602018136,0.984871823922218,0.231991436463882,0.639104390399898
0.843115846909665,0.98423993318109,0.230885178315364,0.637368058351244
0.84231111821622,0.983587393728233,0.229791318568894,0.635641903705346
0.841509388705038,0.98291373751362,0.22870963681837,0.633925831399145
0.840710631582224,0.982218492369027,0.227639918035236,0.632219747636095
0.839914820482292,0.981501182191172,0.226581952401582,0.630523559863302
0.839121929458031,0.980761327134337,0.22553553514954,0.628837176749196
0.838331932970697,0.979998443812642,0.224500466406682,0.627160508161739
0.837544805880496,0.979212045512102,0.223476551047166,0.625493465147144
0.836760523437373,0.978401642412595,0.222463598548369,0.623835959909081
0.835979061272078,0.977566741819868,0.221461422852782,0.622187905788377
0.835200395387498,0.976706848407694,0.220469842234929,0.62054921724317
0.834424502150259,0.975821464470266,0.2194886791731,0.618919809829527
0.833651358282575,0.974910090184929,0.218517760225694,0.61729960018249
0.832880940854334,0.97397222388532,0.217556915911972,0.615688505997562
0.832113227275428,0.973007362344965,0.216605980597047,0.614086446012596
0.831348195288297,0.972015001071398,0.215664792380912,0.612493339990097
0.830585822960694,0.970994634610804,0.21473319299137,0.610909108699905
0.82982608867866,0.969945756863225,0.213811027680677,0.609333673902264
0.829068971139697,0.968867861408306,0.212898145125758,0.607766958331267
0.828314449346134,0.96776044184156,0.21199439733186,0.606208885678646
0.827562502598684,0.966622992121121,0.211099639539481,0.604659380577925
0.826813110490184,0.965455006924901,0.210213730134463,0.603118368588903
0.826066252899495,0.964255982018084,0.20933653056112,0.601585776182478
0.825321909985589,0.963025414630849,0.208467905238268,0.60006153072578
0.824580062181786,0.96176280384618,0.207607721478059,0.598545560467631
0.823840690190152,0.960467650997634,0.206755849407494,0.597037794524301
0.823103774976048,0.959139460076865,0.205912161892531,0.595538162865559
0.822369297762826,0.957777738150724,0.205076534464663,0.594046596301023
0.821637240026666,0.956381995787696,0.204248845249887,0.592563026466781
0.820907583491554,0.954951747493429,0.203428974899975,0.591087385812294
0.820180310124382,0.953486512155065,0.202616806525947,0.589619607587557
0.819455402130189,0.951985813494076,0.201812225633667,0.588159625830533
0.818732841947515,0.950449180527262,0.201015120061496,0.586707375354827
0.818012612243884,0.948876148035551,0.200225379919902,0.585262791737616
0.817294695911396,0.947266257040205,0.199442897532972,0.583825811307816
0.816579076062438,0.945619055286015,0.198667567381751,0.582396371134488
0.815865736025492,0.943934097731019,0.197899286049336,0.580974409015465
0.815154659341067,0.942210947042287,0.197137952167669,0.579559863466213
0.814445829757714,0.940449174097234,0.196383466365961,0.578152673708901
0.813739231228153,0.938648358489938,0.195635731220693,0.576752779661686
0.813034847905488,0.936808089041882,0.194894651207129,0.575360121928209
0.812332664139521,0.934927964316533,0.194160132652306,0.57397464178729
0.811632664473154,0.933007593137106,0.193432083689416,0.572596281182819
0.810934833638873,0.93104659510688,0.192710414213574,0.571224982713843
0.810239156555325,0.929044601131358,0.191995035838876,0.569860689624841
0.809545618323974,0.927001253941574,0.191285861856747,0.56850334579618
0.808854204225832,0.924916208617781,0.190582807195498,0.567152895734752
0.808164899718276,0.922789133112784,0.189885788381073,0.56580928456479
0.807477690431934,0.920619708774097,0.189194723498936,0.564472458018847
0.806792562167643,0.91840763086412,0.188509532157061,0.563142362428947
0.806109500893484,0.916152609077492,0.187830135449981,0.561818944717902
0.805428492741881,0.913854368054756,0.187156455923881,0.560502152390783
0.804749524006765,0.911512647891463,0.186488417542664,0.559191933526551
0.804072581140807,0.909127204641797,0.185825945654999,0.557888236769837
0.803397650752715,0.906697810815823,0.185168966962286,0.556591011322875
0.802724719604586,0.904224255869407,0.184517409487522,0.555300206937576
0.802053774609321,0.901706346685875,0.183871202545036,0.554015773907751
0.801384802828101,0.899143908048446,0.183230276711067,0.552737663061463
0.800717791467914,0.896536783102479,0.182594563795148,0.551465825753528
0.800052727879137,0.893884833806561,0.181963996812288,0.550200213858136
0.799389599553176,0.891187941371445,0.181338509955902,0.548940779761614
0.798728394120155,0.888446006685889,0.180718038571485,0.547687476355307
0.798069099346648,0.885658950728389,0.180102519131002,0.546440257028588
0.797411703133478,0.882826714963847,0.179491889207959,0.545199075661994
0.796756193513541,0.879949261724214,0.178886087453151,0.54396388662047
0.796102558649694,0.877026574572123,0.178285053571055,0.54273464474674
0.795450786832681,0.874058658646601,0.177688728296846,0.541511305354793
0.794800866479102,0.871045540989902,0.177097053374029,0.540293824223467
0.794152786129428,0.867987270854558,0.176509971532652,0.53908215759016
0.793506534446053,0.864883919989759,0.175927426468092,0.537876262144638
0.792862100211394,0.861735582906186,0.175349362820396,0.536676095022951
0.792219472326024,0.858542377118468,0.174775726154157,0.535481613801448
0.791578639806842,0.855304443364439,0.174206462938907,0.5342927764909
0.790939591785288,0.852021945800422,0.173641520530019,0.533109541530715
0.790302317505591,0.848695072171808,0.173080847150092,0.531931867783251
0.789666806323048,0.845324033958206,0.172524391870815,0.530759714528227
0.789033047702345,0.841909066492533,0.171972104595287,0.529593041457221
0.788401031215908,0.838450429053392,0.171423936040788,0.528431808668265
0.787770746542285,0.834948404930198,0.170879837721976,0.527275976660521
0.787142183464567,0.831403301460521,0.170339761934512,0.526125506329054
0.786515331868831,0.827815450039172,0.169803661739086,0.524980358959682
0.785890181742623,0.824185206098637,0.169271490945841,0.523840496223913
0.785266723173464,0.820512949060485,0.168743204099186,0.522705880173967
0.784644946347385,0.81679908225746,0.168218756462976,0.521576473237868
0.784024841547501,0.813044032826025,0.167698104006055,0.520452238214631
0.783406399152594,0.809248251569176,0.167181203388156,0.519333138269513
0.782789609635743,0.805412212789422,0.166668011946138,0.518219136929342
0.782174463562965,0.801536414091879,0.166158487680558,0.517110198077926
0.781560951591889,0.797621376157493,0.165652589242564,0.516006285951529
0.780949064470455,0.793667642486514,0.165150275921103,0.514907365134425
0.780338793035638,0.789675779112313,0.164651507630431,0.51381340055451
0.779730128212189,0.78564637428583,0.164156244897927,0.512724357478996
0.779123061011411,0.781580038130901,0.163664448852185,0.511640201510168
0.778517582529947,0.777477402270839,0.163176081211391,0.510560898581201
0.7779136839486,0.773339119426693,0.162691104271977,0.509486414952051
0.777311356531165,0.769165862987672,0.162209480897528,0.508416717205402
0.776710591623288,0.764958326554305,0.161731174507959,0.507351772242683
0.776111380651349,0.760717223454951,0.161256149068937,0.50629154728014
0.775513715121358,0.756443286236349,0.160784369081543,0.505236009844969
0.774917586617874,0.752137266128955,0.160315799572178,0.504185127771512
0.774322986802947,0.747799932487894,0.159850406082698,0.503138869197507
0.773729907415071,0.743432072210356,0.159388154660767,0.502097202560395
0.773138340268165,0.739034489130406,0.158929011850443,0.501060096593688
0.772548277250566,0.734608003392164,0.158472944682959,0.500027520323382
0.77195971032404,0.73015345080236,0.158019920667724,0.498999443064436
0.771372631522815,0.725671682163393,0.15756990778352,0.49797583441729
0.770787032952623,0.721163562587967,0.157122874469899,0.496956664264449
0.770202906789767,0.716629970796496,0.156678789618767,0.495941902767107
0.769620245280201,0.712071798398453,0.156237622566156,0.494931520361826
0.769039040738623,0.707489949158942,0.155799343084179,0.493925487757266
0.768459285547588,0.702885338251699,0.155363921373159,0.492923775930954
0.767880972156634,0.698258891499875,0.154931328053931,0.491926356126114
0.767304093081424,0.693611544605879,0.154501534160314,0.490933199848531
0.766728640902899,0.688944242371636,0.154074511131742,0.489944278863469
0.766154608266452,0.68425793791062,0.153650230806059,0.488959565192629
0.765581987881112,0.679553591852999,0.153228665412462,0.487979031111155
0.765010772518738,0.674832171545297,0.152809787564608,0.487002649144681
0.764440955013233,0.67009465024593,0.152393570253852,0.486030392066417
0.76387252825977,0.665342006318003,0.151979986842643,0.485062232894287
0.763305485214027,0.66057522242073,0.151569011058054,0.484098144888097
0.762739818891437,0.655795284700851,0.151160616985446,0.483138101546751
0.76217552236645,0.651003181985392,0.15075477906227,0.482182076605501
0.761612588771808,0.646199904977109,0.150351472071998,0.481230044033244
0.761051011297834,0.641386445453934,0.149950671138181,0.480281978029845
0.760490783191722,0.636563795473712,0.149552351718625,0.479337853023513
0.759931897756855,0.631732946585503,0.149156489599701,0.478397643668199
0.759374348352119,0.626894889048691,0.148763060890755,0.477461324841043
0.758818128391235,0.622050611061099,0.148372042018648,0.476528871639847
0.758263231342105,0.617201097997282,0.1479834097224,0.475600259380591
0.757709650726158,0.612347331658144,0.147597141047947,0.474675463594977
0.757157380117717,0.607490289532946,0.147213213342999,0.473754460028013
0.756606413143371,0.602630944074795,0.146831604252015,0.472837224635626
0.756056743481356,0.597770261990556,0.14645229171126,0.471923733582309
0.755508364860946,0.592909203546208,0.146075253943983,0.471013963238801
0.754961271061861,0.588048721888513,0.145700469455675,0.470107890179801
0.754415455913667,0.58318976238385,0.145327917029429,0.46920549118171
0.753870913295208,0.578333261975051,0.144957575721396,0.4683067432204
0.753327637134026,0.573480148556944,0.144589424856319,0.467411623469027
0.752785621405803,0.568631340371347,0.144223444023172,0.466520109295858
0.752244860133805,0.563787745422106,0.143859613070869,0.465632178262137
0.751705347388341,0.558950260910796,0.143497912104069,0.464747808119974
0.75116707728622,0.554119772693607,0.143138321479057,0.46386697681027
0.750630043990227,0.549297154759879,0.142780821799704,0.462989662460663
0.750094241708599,0.544483268732698,0.142425393913516,0.462115843383502
0.749559664694515,0.53967896339194,0.142072018907742,0.461245498073854
0.749026307245587,0.534885074220037,0.141720678105576,0.460378605207527
0.748494163703366,0.530102422970739,0.141371353062418,0.459515143639133
0.747963228452849,0.525331817261053,0.141024025562214,0.458655092400163
0.747433495921994,0.520574050186516,0.140678677613861,0.457798430697097
0.74690496058125,0.515829899959871,0.140335291447687,0.456945137909534
0.746377616943083,0.511100129573226,0.139993849511993,0.456095193588348
0.745851459561512,0.506385486483635,0.139654334469658,0.455248577453871
0.74532648303166,0.50168670232209,0.139316729194818,0.454405269394091
0.744802681989301,0.497004492625792,0.138981016769594,0.453565249462886
0.744280051110416,0.492339556593569,0.138647180480891,0.452728497878269
0.74375858511076,0.487692576864245,0.138315203817257,0.451894995020666
0.743238278745431,0.483064219317707,0.137985070465791,0.451064721431205
0.742719126808449,0.478455132898442,0.137656764309119,0.450237657810042
0.742201124132332,0.473865949461198,0.13733026942242,0.449413785014691
0.741684265587691,0.469297283638433,0.137005570070508,0.448593084058389
0.74116854608282,0.464749732729186,0.136682650704971,0.447775536108479
0.740653960563299,0.460223876608954,0.136361495961353,0.446961122484808
0.740140504011596,0.455720277660129,0.136042090656398,0.44614982465815
0.739628171446683,0.451239480722555,0.135724419785338,0.445341624248652
0.739116957923644,0.446782013063679,0.135408468519235,0.444536503024291
0.738606858533308,0.442348384367828,0.135094222202363,0.443734442899359
0.738097868401866,0.437939086744041,0.134781666349643,0.442935425932961
0.737589982690509,0.433554594751933,0.134470786644126,0.442139434327538
0.737083196595065,0.429195365445002,0.134161568934515,0.441346450427403
0.736577505345636,0.42486183843082,0.133853999232737,0.440556456717295
0.736072904206253,0.420554435947494,0.13354806371155,0.439769435820957
0.735569388474522,0.41627356295581,0.133243748702204,0.438985370499727
0.735066953481281,0.41201960724642,0.132941040692134,0.438204243651148
0.734565594590267,0.407792939561506,0.132639926322696,0.437426038307593
0.734065307197772,0.403593913730221,0.132340392386946,0.43665073763491
0.733566086732324,0.399422866817351,0.132042425827451,0.435878324931084
0.733067928654354,0.395280119284517,0.131746013734147,0.435108783624909
0.732570828455879,0.391165975163324,0.131451143342228,0.434342097274689
0.732074781660182,0.387080722239796,0.131157802030074,0.433578249566939
0.731579783821504,0.383024632249506,0.13086597731721,0.432817224315116
0.731085830524734,0.378997961082742,0.130575656862312,0.432059005458358
0.730592917385101,0.375000948999127,0.130286828461231,0.431303577060235
0.730101040047879,0.371033820851068,0.129999480045067,0.430550923307529
0.729610194188089,0.367096786315428,0.129713599678264,0.429801028509012
0.729120375510205,0.363190040132839,0.129429175556741,0.429053877094248
0.728631579747867,0.359313762354072,0.129146196006059,0.42830945361241
0.728143802663595,0.355468118592883,0.128864649479613,0.427567742731111
0.727657040048509,0.35165326028478,0.128584524556858,0.426828729235238
0.727171287722049,0.347869324951165,0.128305809941561,0.42609239802582
0.726686541531704,0.344116436468313,0.12802849446009,0.425358734118892
0.72620279735274,0.340394705340667,0.127752567059723,0.424627722644378
0.725720051087932,0.336704228977932,0.12747801680699,0.423899348844996
0.725238298667302,0.333045091975488,0.127204832886042,0.423173598075158
0.724757536047857,0.329417366397633,0.126933004597045,0.422450455799902
0.724277759213333,0.325821112063205,0.126662521354604,0.421729907593821
0.723798964173941,0.322256376833114,0.126393372686209,0.421011939140017
0.723321146966117,0.318723196899373,0.126125548230711,0.420296536229058
0.72284430365227,0.315221597075199,0.125859037736816,0.419583684757953
0.722368430320546,0.311751591085794,0.125593831061614,0.418873370729136
0.721893523084577,0.308313181859398,0.125329918169122,0.418165580249462
0.721419578083253,0.304906361818293,0.125067289128855,0.417460299529217
0.720946591480474,0.301531113169341,0.124805934114422,0.416757514881137
0.72047455946493,0.298187408193792,0.124545843402139,0.41605721271944
0.720003478249863,0.294875209535976,0.124287007369672,0.415359379558867
0.719533344072843,0.291594470490629,0.124029416494695,0.414664002013736
0.719064153195542,0.288345135288517,0.12377306135357,0.41397106679701
0.718595901903518,0.285127139380134,0.123517932620056,0.413280560719365
0.718128586505987,0.281940409717177,0.123264021064029,0.412592470688282
0.717662203335616,0.278784865031571,0.123011317550223,0.411906783707139
0.717196748748306,0.275660416111821,0.122759813037001,0.411223486874323
0.716732219122977,0.272566966076467,0.122509498575133,0.410542567382338
0.716268610861368,0.269504410644457,0.122260365306601,0.409864012516942
0.715805920387825,0.26647263840223,0.122012404463418,0.409187809656272
0.715344144149096,0.263471531067364,0.121765607366471,0.408513946270003
0.714883278614138,0.260500963748609,0.121519965424376,0.407842409918494
0.714423320273911,0.257560805202174,0.121275470132356,0.407173188251956
0.713964265641183,0.254650918084119,0.121032113071132,0.40650626900963
0.713506111250338,0.251771159198746,0.120789885905834,0.405841640018969
0.713048853657185,0.248921379742868,0.12054878038493,0.405179289194829
0.712592489438764,0.24610142554586,0.120308788339167,0.404519204538676
0.712137015193165,0.243311137305406,0.120069901680529,0.403861374137791
0.711682427539336,0.240550350818863,0.119832112401221,0.403205786164497
0.711228723116906,0.237818897210168,0.11959541257265,0.402552428875382
0.710775898586001,0.235116603152243,0.119359794344438,0.401901290610536
0.710323950627065,0.232443291084832,0.119125249943443,0.401252359792802
0.709872875940686,0.229798779427748,0.118891771672796,0.400605624927024
0.709422671247419,0.227182882789479,0.118659351910948,0.399961074599311
0.708973333287614,0.224595412171146,0.118427983110741,0.399318697476307
0.708524858821245,0.222036175165781,0.118197657798485,0.398678482304471
0.708077244627742,0.21950497615293,0.117968368573052,0.398040417909359
0.707630487505823,0.217001616488571,0.11774010810498,0.397404493194922
0.70718458427333,0.214525894690349,0.117512869135599,0.396770697142805
0.706739531767067,0.21207760661814,0.117286644476158,0.396139018811656
0.706295326842634,0.209656545649971,0.117061427006975,0.395509447336443
0.705851966374275,0.207262502853295,0.116837209676596,0.39488197192778
0.705409447254714,0.204895267151669,0.116613985500963,0.394256581871253
0.704967766395001,0.202554625486851,0.1163917475626,0.393633266526764
0.704526920724359,0.20024036297637,0.116170489009808,0.393012015327874
0.70408690719003,0.197952263066577,0.11595020305587,0.392392817781156
0.703647722757126,0.195690107681264,0.115730882978274,0.391775663465554
0.703209364408476,0.193453677365856,0.115512522117939,0.391160542031749
0.702771829144485,0.19124275142726,0.115295113878456,0.390547443201533
0.702335113982982,0.189057108069403,0.115078651725346,0.389936356767191
0.701899215959079,0.186896524524525,0.114863129185315,0.389327272590882
0.701464132125025,0.184760777180286,0.114648539845533,0.388720180604036
0.701029859550071,0.182649641702747,0.114434877352917,0.388115070806752
0.700596395320325,0.180562893155287,0.114222135413427,0.387511933267205
0.700163736538613,0.178500306113522,0.114010307791364,0.386910758121055
0.699731880324349,0.176461654776301,0.113799388308693,0.386311535570867
0.699300823813392,0.174446713072829,0.113589370844361,0.385714255885537
0.69887056415792,0.172455254766009,0.113380249333633,0.385118909399718
0.698441098526289,0.170487053552055,0.113172017767436,0.384525486513259
0.69801242410291,0.168541883156469,0.112964670191711,0.383933977690649
0.697584538088116,0.16661951742642,0.11275820070677,0.383344373460459
0.697157437698034,0.164719730419645,0.112552603466675,0.382756664414801
0.696731120164458,0.162842296489904,0.112347872678612,0.382170841208786
0.696305582734725,0.160986990369087,0.112144002602277,0.381586894559986
0.695880822671589,0.159153587246038,0.11194098754928,0.38100481524791
0.695456837253101,0.157341862842173,0.111738821882542,0.380424594113475
0.695033623772483,0.155551593483969,0.111537500015713,0.379846222058488
0.694611179538013,0.15378255617239,0.111337016412592,0.379269690045135
0.694189501872903,0.152034528649336,0.111137365586557,0.378694989095473
0.693768588115181,0.150307289461178,0.110938542100002,0.378122110290922
0.693348435617577,0.148600618019458,0.110740540563779,0.377551044771773
0.692929041747404,0.146914294658819,0.110543355636656,0.376981783736695
0.692510403886448,0.145248100692258,0.110346982024773,0.376414318442243
0.692092519430851,0.143601818463746,0.110151414481111,0.375848640202378
0.691675385791003,0.141975231398301,0.109956647804968,0.37528474038799
0.691259000391428,0.140368124049588,0.109762676841435,0.374722610426424
0.690843360670676,0.138780282145105,0.109569496480893,0.374162241801011
0.690428464081217,0.137211492629029,0.109377101658502,0.373603626050607
0.690014308089328,0.135661543702787,0.109185487353709,0.373046754769132
0.689600890174992,0.134130224863424,0.108994648589752,0.372491619605115
0.689188207831792,0.132617326939823,0.10880458043318,0.371938212261247
0.688776258566804,0.131122642126857,0.108615277993372,0.371386524493934
0.688365039900496,0.129645964017521,0.108426736422069,0.37083654811286
0.687954549366627,0.128187087633115,0.108238950912906,0.370288274980543
0.687544784512144,0.126745809451537,0.108051916700954,0.36974169701191
0.687135742897084,0.125321927433753,0.10786562906227,0.369196806173867
0.686727422094472,0.123915241048484,0.107680083313445,0.368653594484877
0.686319819690227,0.122525551295198,0.107495274811168,0.368112054014536
0.685912933283063,0.121152660725431,0.107311198951787,0.367572176883165
0.685506760484392,0.119796373462515,0.107127851170884,0.367033955261392
0.685101298918228,0.118456495219768,0.106945226942845,0.366497381369751
0.684696546221099,0.117132833317178,0.10676332178045,0.365962447478276
0.684292500041946,0.115825196696657,0.106582131234453,0.365429145906101
0.683889158042035,0.114533395935907,0.106401650893178,0.364897469021068
0.683486517894864,0.113257243260938,0.106221876382116,0.364367409239335
0.683084577286075,0.11199655255731,0.10604280336353,0.363838959024984
0.68268333391336,0.110751139380116,0.105864427536061,0.363312110889646
0.682282785486376,0.109520820962782,0.105686744634342,0.362786857392112
0.681882929726654,0.108305416224708,0.105509750428616,0.362263191137966
0.681483764367518,0.107104745777803,0.10533344072436,0.361741104779202
0.681085287153988,0.105918631931959,0.105157811361913,0.361220591013865
0.680687495842704,0.104746898699497,0.104982858216109,0.360701642585679
0.680290388201841,0.103589371798633,0.104808577195913,0.360184252283689
0.679893962011017,0.102445878656005,0.104634964244065,0.359668412941898
0.679498215061219,0.10131624840829,0.104462015336723,0.359154117438919
0.679103145154717,0.100200311902958,0.104289726483119,0.358641358697617
0.678708750104982,0.0990979016981959,0.104118093725214,0.358130129684763
0.678315027736606,0.0980088520620325,0.103947113137352,0.357620423410691
0.677921975885224,0.0969329989707093,0.10377678082593,0.357112232928953
0.67752959239743,0.0958701801063181,0.103607092929067,0.356605551335986
0.677137875130705,0.0948202348537477,0.103438045616271,0.356100371770771
0.676746821953334,0.0937830042969622,0.103269635088119,0.355596687414502
0.676356430744331,0.0927583312146544,0.103101857575939,0.355094491490263
0.675966699393366,0.0917460600752851,0.102934709341492,0.354593777262695
0.675577625800681,0.090746037031555,0.102768186676662,0.354094538037677
0.675189207877027,0.0897581099143274,0.102602285903147,0.353596767162008
0.674801443543577,0.0887821282260282,0.102437003372157,0.353100458023088
0.674414330731865,0.0878179431335529,0.102272335464114,0.352605604048602
0.674027867383702,0.0868654074607032,0.102108278588351,0.352112198706216
0.673642051451113,0.0859243756801824,0.101944829182827,0.351620235503264
0.67325688089626,0.0849947039051603,0.101781983713832,0.351129707986445
0.672872353691373,0.0840762498804498,0.101619738675704,0.35064060974152
0.672488467818682,0.0831688729732983,0.101458090590545,0.350152934393016
0.672105221270342,0.0822724341638271,0.101297036007945,0.349666675603923
0.671722612048371,0.0813867960351344,0.101136571504703,0.34918182707541
0.671340638164575,0.080511822763084,0.10097669368456,0.348698382546524
0.670959297640486,0.079647380105795,0.100817399177924,0.348216335793908
0.670578588507293,0.0787933353928572,0.100658684641613,0.347735680631514
0.670198508805775,0.0779495575142824,0.100500546758583,0.34725641091032
0.669819056586233,0.0771159169092154,0.100342982237676,0.346778520518048
0.669440229908432,0.0762922855544164,0.100185987813364,0.34630200337889
0.669062026841528,0.0754785369525347,0.10002956024549,0.34582685345323
0.66868444546401,0.0746745461201848,0.0998736963190243,0.345353064737369
0.668307483863633,0.0738801895758435,0.0997183928438158,0.344880631263261
0.667931140137356,0.0730953453275797,0.0995636466543468,0.34440954709824
0.667555412391282,0.0723198928606315,0.0994094546094934,0.343939806344758
0.667180298740593,0.0715537131248429,0.0992558135922862,0.343471403140117
0.666805797309489,0.0707966885219754,0.099102720509676,0.343004331656218
0.666431906231131,0.0700487028929011,0.0989501722923003,0.342538586099292
0.666058623647576,0.0693096415046957,0.0987981658942542,0.342074160709651
0.66568594770972,0.0685793910376378,0.0986466982928621,0.341611049761432
0.665313876577238,0.0678578395721254,0.0984957664884544,0.341149247562348
0.664942408418526,0.067144876575525,0.0983453675041453,0.340688748453438
0.664571541410644,0.0664403928889533,0.0981954983856129,0.340229546808815
0.664201273739257,0.0657442807140134,0.0980461562008832,0.339771637035433
0.663831603598575,0.0650564335994836,0.0978973380401155,0.339315013572833
0.663462529191303,0.0643767464279715,0.0977490410153908,0.338859670892911
0.663094048728579,0.0637051154025469,0.0976012622605025,0.338405603499675
0.662726160429923,0.0630414380333498,0.0974539989307495,0.337952805929011
0.662358862523179,0.0623856131241955,0.097307248202732,0.337501272748451
0.661992153244459,0.0617375407591685,0.0971610072741489,0.337050998556939
0.661626030838092,0.0610971222892244,0.0970152733635986,0.336601977984602
0.661260493556571,0.0604642603188033,0.0968700437103808,0.33615420569252
0.660895539660496,0.0598388586924538,0.0967253155743018,0.335707676372507
0.660531167418522,0.0592208224814871,0.0965810862354815,0.33526238474688
0.660167375107309,0.0586100579706504,0.0964373529941623,0.334818325568243
0.65980416101147,0.0580064726448433,0.0962941131705204,0.334375493619262
0.659441523423516,0.0574099751758623,0.0961513641044796,0.333933883712454
0.659079460643809,0.0568204754091991,0.0960091031555269,0.333493490689964
0.658717970980507,0.0562378843508802,0.09586732770253,0.333054309423356
0.658357052749519,0.0556621141543603,0.095726035143557,0.3326163348134
0.657996704274453,0.0550930781074744,0.0955852228956984,0.332179561789861
0.657636923886564,0.0545306906194488,0.0954448883948909,0.33174398531129
0.657277709924709,0.0539748672079765,0.0953050290957429,0.331309600364818
0.656919060735297,0.053425524486362,0.0951656424713626,0.330876401965954
0.65656097467224,0.0528825801507343,0.0950267260131871,0.330444385158377
0.656203450096906,0.0523459529673376,0.0948882772308143,0.330013545013739
0.655846485378073,0.0518155627598976,0.0947502936518367,0.329583876631463
0.65549007889188,0.051291330397068,0.0946127728216755,0.329155375138546
0.655134229021781,0.0507731777799594,0.0944757123034189,0.328728035689364
0.654778934158499,0.0502610278297528,0.0943391096776605,0.328301853465476
0.654424192699982,0.0497548044754028,0.0942029625423394,0.327876823675433
0.654070003051354,0.0492544326414279,0.0940672685125841,0.327452941554586
0.653716363624873,0.0487598382357925,0.0939320252205548,0.327030202364894
0.653363272839885,0.0482709481378826,0.0937972303152909,0.326608601394742
0.65301072912278,0.0477876901865778,0.0936628814625575,0.326188133958752
0.652658730906949,0.0473099931684169,0.0935289763446951,0.325768795397594
0.652307276632737,0.0468377868058637,0.0933955126604702,0.325350581077812
0.651956364747406,0.0463710017456723,0.0932624881249282,0.324933486391634
0.651605993705084,0.0459095695473501,0.093129900469247,0.324517506756799
0.651256161966731,0.0454534226717262,0.0929977474405931,0.324102637616372
0.65090686800009,0.045002494469619,0.0928660268019786,0.323688874438574
0.650558110279649,0.0445567191706107,0.09273473633212,0.3232762127166
0.650209887286598,0.0441160318719228,0.0926038738252986,0.322864647968451
0.649862197508789,0.0436803685273967,0.0924734370912223,0.322454175736757
0.649515039440694,0.0432496659365838,0.0923434239548887,0.322044791588608
0.649168411583364,0.0428238617339381,0.0922138322564504,0.321636491115385
0.64882231244439,0.0424028943781145,0.0920846598510804,0.321229269932592
0.648476740537865,0.0419867031413778,0.0919559046088407,0.320823123679687
0.648131694384338,0.0415752280991163,0.0918275644145504,0.320418048019919
0.647787172510783,0.0411684101194634,0.0916996371676567,0.320014038640163
0.647443173450554,0.0407661908530257,0.0915721207821068,0.319611091250758
0.647099695743349,0.0403685127227216,0.0914450131862208,0.319209201585345
0.646756737935171,0.0399753189137256,0.0913183123225663,0.31880836540071
0.646414298578291,0.0395865533635193,0.0911920161478345,0.31840857847662
0.646072376231208,0.0392021607520522,0.0910661226327168,0.318009836615671
0.645730969458614,0.0388220864920094,0.090940629761784,0.317612135643129
0.645390076831356,0.038446276719186,0.0908155355333655,0.317215471406777
0.645049696926398,0.0380746782829681,0.0906908379594303,0.316819839776762
0.644709828326786,0.0377072387369215,0.0905665350654696,0.316425236645439
0.644370469621614,0.0373439063294877,0.09044262489038,0.316031657927226
0.64403161940598,0.0369846299947834,0.0903191054863484,0.315639099558452
0.643693276280959,0.036629359343508,0.0901959749187374,0.315247557497205
0.643355438853564,0.0362780446539552,0.0900732312659732,0.31485702772319
0.64301810573671,0.0359306368631299,0.0899508726194328,0.314467506237583
0.642681275549181,0.035587087557969,0.0898288970833346,0.314078989062881
0.642344946915594,0.0352473489666651,0.0897073027746277,0.313691472242763
0.642009118466365,0.0349113739500966,0.0895860878228849,0.313304951841948
0.641673788837676,0.0345791159933557,0.0894652503701943,0.31291942394605
0.641338956671438,0.0342505291973817,0.0893447885710539,0.312534884661441
0.641004620615263,0.0339255682706947,0.089224700592266,0.312151330115112
0.640670779322424,0.0336041885212297,0.0891049846128343,0.311768756454532
0.640337431451828,0.033286345848271,0.0889856388238599,0.311387159847517
0.64000457566798,0.0329719967344848,0.0888666614284401,0.311006536482087
0.639672210640948,0.0326610982380522,0.0887480506415676,0.310626882566338
0.639340335046339,0.0323536079848986,0.0886298046900301,0.310248194328308
0.639008947565257,0.0320494841610198,0.0885119218123126,0.309870468015837
0.638678046884277,0.0317486855049058,0.0883944002584988,0.309493699896446
0.638347631695414,0.0314511713000592,0.0882772382901747,0.309117886257201
0.638017700696087,0.0311569013676071,0.0881604341803326,0.308743023404586
0.637688252589093,0.0308658360590101,0.0880439862132767,0.308369107664371
0.637359286082574,0.0305779362488607,0.0879278926845288,0.307996135381489
0.637030799889983,0.030293163327776,0.0878121519007356,0.307624102919911
0.636702792730061,0.0300114791953807,0.0876967621795766,0.307253006662515
0.636375263326799,0.0297328462533825,0.0875817218496732,0.306882843010968
0.636048210409415,0.0294572273987344,0.0874670292504982,0.306513608385597
0.635721632712318,0.0291845860168879,0.0873526827322871,0.306145299225273
0.635395528975083,0.0289148859751337,0.0872386806559491,0.305777911987285
0.635069897942419,0.0286480916160282,0.0871250213929802,0.305411443147224
0.634744738364142,0.0283841677509086,0.087011703325376,0.305045889198858
0.634420048995145,0.0281230796534908,0.0868987248455463,0.304681246654019
0.634095828595368,0.0278647930535535,0.0867860843562303,0.304317512042484
0.633772075929773,0.0276092741307051,0.0866737802704122,0.303954681911856
0.633448789768313,0.0273564895082334,0.0865618110112379,0.303592752827452
0.633125968885903,0.0271064062470375,0.086450175011933,0.303231721372188
0.632803612062397,0.0268589918396396,0.0863388707157209,0.30287158414646
0.632481718082555,0.0266142142042777,0.0862278965757419,0.302512337768041
0.632160285736018,0.0263720416790778,0.0861172510549732,0.302153978871958
0.631839313817281,0.0261324430163029,0.08600693262615,0.301796504110388
0.631518801125666,0.0258953873766812,0.0858969397716863,0.301439910152546
0.631198746465294,0.025660844323809,0.0857872709835982,0.301084193684577
0.630879148645059,0.025428783818631,0.0856779247634259,0.300729351409442
0.630560006478602,0.0251991762139941,0.0855688996221581,0.300375380046817
0.630241318784285,0.0249719922492752,0.0854601940801566,0.300022276332982
0.629923084385163,0.0247472030450834,0.0853518066670811,0.299670037020719
0.629605302108959,0.0245247800980321,0.0852437359218155,0.2993186588792
0.629287970788041,0.0243046952755842,0.0851359803923946,0.298968138693888
0.628971089259393,0.0240869208109676,0.0850285386359313,0.298618473266434
0.628654656364589,0.023871429298159,0.0849214092185449,0.29826965941457
0.628338670949773,0.0236581936869378,0.0848145907152898,0.297921693972009
0.628023131865628,0.0234471872780082,0.0847080817100848,0.297574573788346
0.627708037967356,0.0232383837181866,0.0846018807956438,0.297228295728952
0.627393388114649,0.0230317569956563,0.0844959865734059,0.296882856674882
0.62707918117167,0.0228272814352893,0.0843903976534672,0.296538253522768
0.626765416007023,0.0226249316940289,0.0842851126545129,0.296194483184728
0.626452091493732,0.0224246827563399,0.0841801302037501,0.295851542588261
0.626139206509217,0.0222265099297199,0.0840754489368413,0.295509428676159
0.62582675993527,0.0220303888402725,0.0839710674978382,0.295168138406404
0.62551475065803,0.0218362954283433,0.0838669845391161,0.294827668752076
0.625203177567962,0.0216442059442153,0.08376319872131,0.294488016701257
0.624892039559833,0.0214540969438651,0.0836597087132499,0.294149179256939
0.624581335532687,0.0212659452847767,0.0835565131918971,0.29381115343693
0.624271064389824,0.0210797281218161,0.0834536108422817,0.293473936273761
0.623961225038776,0.0208954229031607,0.0833510003574402,0.293137524814595
0.623651816391286,0.0207130073662869,0.0832486804383535,0.292801916121137
0.623342837363284,0.0205324595340141,0.0831466497938859,0.29246710726954
0.623034286874867,0.0203537577106034,0.0830449071407247,0.292133095350321
0.622726163850272,0.0201768804779102,0.0829434512033197,0.291799877468268
0.622418467217859,0.0200018066915928,0.082842280713824,0.291467450742351
0.622111195910086,0.0198285154773711,0.082741394412035,0.291135812305639
0.621804348863492,0.0196569862273409,0.0826407910453361,0.290804959305207
0.621497925018667,0.0194871985963375,0.0825404693686389,0.290474888902056
0.621191923320238,0.0193191324983516,0.0824404281443255,0.290145598271022
0.620886342716847,0.0191527681029951,0.0823406661421923,0.289817084600693
0.620581182161125,0.0189880858320165,0.0822411821393934,0.289489345093327
0.620276440609676,0.0188250663558659,0.0821419749203845,0.289162376964763
0.619972117023055,0.018663690590307,0.0820430432768686,0.288836177444342
0.619668210365744,0.0185039396930789,0.0819443860077404,0.288510743774823
0.619364719606137,0.0183457950606022,0.0818460019190325,0.288186073212303
0.619061643716516,0.0181892383247337,0.0817478898238616,0.28786216302613
0.618758981673029,0.0180342513495664,0.0816500485423753,0.287539010498829
0.618456732455678,0.0178808162282734,0.081552476901699,0.28721661292602
0.618154895048286,0.0177289152799972,0.0814551737358843,0.286894967616334
0.617853468438491,0.0175785310467837,0.0813581378858565,0.286574071891341
0.617552451617715,0.0174296462905572,0.0812613681993635,0.286253923085465
0.617251843581152,0.0172822439901406,0.0811648635309253,0.285934518545912
0.616951643327746,0.0171363073383155,0.0810686227417831,0.285615855632589
0.616651849860169,0.0169918197389258,0.0809726446998495,0.285297931718028
0.616352462184805,0.0168487648040198,0.0808769282796589,0.28498074418731
0.616053479311732,0.0167071263510353,0.0807814723623187,0.284664290437991
0.615754900254698,0.0165668884000222,0.0806862758354608,0.284348567880025
0.615456724031107,0.0164280351709055,0.0805913375931924,0.284033573935691
0.615158949661999,0.0162905510807872,0.0804966565360497,0.283719306039516
0.61486157617203,0.0161544207412849,0.0804022315709493,0.283405761638205
0.614564602589456,0.0160196289559097,0.0803080616111423,0.28309293819057
0.614268027946111,0.0158861607174798,0.0802141455761669,0.28278083316745
0.613971851277393,0.0157540012055716,0.0801204823918032,0.282469444051647
0.613676071622243,0.0156231357840059,0.0800270709900267,0.28215876833785
0.613380688023129,0.0154935499983701,0.0799339103089639,0.281848803532568
0.613085699526025,0.0153652295735757,0.0798409992928462,0.281539547154054
0.612791105180397,0.0152381604114499,0.0797483368919671,0.281230996732242
0.612496904039184,0.0151123285883608,0.0796559220626365,0.280923149808674
0.612203095158779,0.0149877203528769,0.0795637537671382,0.280616003936429
0.611909677599014,0.0148643221234591,0.0794718309736858,0.280309556680062
0.611616650423141,0.0147421204861861,0.0793801526563804,0.280003805615528
0.611324012697816,0.0146211021925102,0.0792887177951673,0.279698748330119
0.61103176349308,0.0145012541570468,0.0791975253757949,0.279394382422399
0.610739901882346,0.0143825634553935,0.0791065743897718,0.279090705502133
0.610448426942376,0.0142650173219811,0.0790158638343258,0.278787715190222
0.61015733775327,0.0141486031479538,0.0789253927123631,0.278485409118643
0.609866633398448,0.0140333084790803,0.0788351600324273,0.278183784930377
0.609576312964632,0.0139191210136939,0.0787451648086587,0.277882840279348
0.609286375541829,0.0138060286006612,0.0786554060607551,0.277582572830359
0.608996820223318,0.0136940192373801,0.0785658828139312,0.277282980259028
0.608707646105631,0.0135830810678061,0.0784765940988801,0.276984060251723
0.608418852288537,0.0134732023805053,0.0783875389517337,0.276685810505505
0.608130437875028,0.0133643716067358,0.0782987164140242,0.276388228728057
0.607842401971302,0.013256577318556,0.0782101255326459,0.27609131263763
0.607554743686745,0.0131498082269591,0.0781217653598174,0.27579505996298
0.60726746213392,0.0130440531800338,0.0780336349530432,0.275499468443301
0.606980556428548,0.0129393011611516,0.0779457333750772,0.275204535828175
0.606694025689493,0.0128355412871786,0.0778580596938852,0.274910259877503
0.606407869038746,0.012732762806713,0.0777706129826081,0.274616638361447
0.606122085601413,0.0126309550983469,0.077683392319526,0.274323669060376
0.605836674505696,0.0125301076689532,0.0775963967880216,0.274031349764801
0.605551634882879,0.0124302101519959,0.0775096254765446,0.27373967827532
0.605266965867315,0.012331252305864,0.0774230774785763,0.273448652402559
0.604982666596407,0.0122332240122294,0.0773367518925944,0.273158269967112
0.604698736210599,0.0121361152744273,0.0772506478220381,0.272868528799491
0.604415173853355,0.0120399162158593,0.0771647643752734,0.27257942674006
0.604131978671148,0.0119446170784185,0.0770791006655589,0.272290961638985
0.603849149813446,0.0118502082209382,0.0769936558110117,0.272003131356175
0.603566686432696,0.0117566801176598,0.0769084289345743,0.271715933761227
