"Xylosandrus compactus","Xyleborus ferrugineus","Sampsonius dampfi","Coptoborus pseudotenuis"
1,0.999426131356097,0.999990628462194,0.999996877376808
1,0.998780571707019,0.999949629074117,0.999983512632535
1,0.998105430331574,0.999865292356629,0.999956362949413
1,0.997410686803126,0.9997293106844,0.999912952117196
1,0.996701267701414,0.999534929576942,0.999851280213789
1,0.995980155687154,0.999276358880655,0.999769637477795
1,0.995249365288109,0.998948490440664,0.999666515126759
1,0.994510354968133,0.998546737842942,0.999540554524647
1,0.993764232848718,0.998066936024634,0.999390515075444
1,0.993011871395206,0.997505274165501,0.999215252499868
1,0.992253976610678,0.996858248723354,0.99901370339116
1,0.991491132351385,0.996122629437261,0.998784873817169
1,0.990723830069486,0.995295434075649,0.998527830660054
1,0.989952489543852,0.994373909296459,0.998241694881018
1,0.9891774737869,0.993355515899799,0.997925636181696
1,0.988399100047732,0.992237917306174,0.997578868705421
1,0.987617648116907,0.991018970442472,0.997200647529681
1,0.986833366716252,0.989696718446501,0.996790265771739
1,0.986046478498355,0.988269384755422,0.996347052176965
1,0.985257184016307,0.986735368250596,0.995870369092354
1,0.984465664917274,0.9850932392077,0.99535961075102
1,0.983672086541787,0.983341735856361,0.994814201810283
1,0.982876600061627,0.981479761394617,0.994233596098376
1,0.982079344254939,0.979506381334581,0.993617275534039
1,0.98128044699286,0.977420821079427,0.992964749190322
1,0.980480026494326,0.975222463650484,0.992275552479312
1,0.979678192392859,0.972910847497896,0.991549246438696
1,0.978875046649493,0.970485664340239,0.990785417104394
1,0.97807068433881,0.967946756988124,0.989983674956119
1,0.977265194329547,0.965294117114882,0.989143654424831
1,0.976458659876987,0.962527882944146,0.988265013452763
1,0.975651159141108,0.959648336829873,0.98734743309808
1,0.974842765641828,0.956655902709262,0.986390617177394
1,0.974033548660709,0.953551143413309,0.985394291940298
1,0.973223573596805,0.950334757823491,0.984358205770869
1,0.972412902283091,0.947007577866339,0.983282128911773
1,0.971601593268812,0.943570565340664,0.982165853207149
1,0.97078970207227,0.940024808574768,0.981009191860936
1,0.969977281407846,0.93637151891337,0.979811979207716
1,0.969164381390492,0.932612027036074,0.978574070493501
1,0.968351049720443,0.928747779111096,0.977295341664185
1,0.967537331850509,0.924780332789707,0.975975689159659
1,0.966723271137965,0.920711353048331,0.97461502971182
1,0.965908908982804,0.91654260788662,0.973213300144896
1,0.965094284953851,0.912275963891014,0.971770457176696
1,0.964279436904054,0.907913381674341,0.97028647721956
1,0.963464401076122,0.903456911202925,0.968761356179928
1,0.962649212199478,0.898908687023411,0.967195109255542
1,0.961833903579439,0.89427092340218,0.965587770729472
1,0.961018507179382,0.889545909390706,0.963939393760195
1,0.960203053696581,0.884736003830623,0.962250050167101
1,0.959387572632319,0.879843630312498,0.960519830210852
1,0.958572092356817,0.874871272102503,0.958748842368126
1,0.957756640169454,0.869821467051218,0.95693721310032
1,0.956941242354694,0.864696802498728,0.955085086615896
1,0.956125924234114,0.859499910190075,0.953192624626051
1,0.955310710214859,0.854233461214854,0.951260006093526
1,0.954495623834841,0.848900160984466,0.949287426974351
1,0.953680687804942,0.843502744260119,0.947275099952424
1,0.952865924048482,0.838043970244237,0.945223254166828
1,0.952051353738156,0.832526617747408,0.943132134931869
1,0.95123699733066,0.826953480442412,0.941002003449826
1,0.950422874599179,0.821327362216286,0.938833136516451
1,0.949609004663894,0.815651072630653,0.93662582621931
1,0.948795406020672,0.809927422499919,0.934380379629051
1,0.947982096568067,0.804159219596138,0.932097118483753
1,0.947169093632759,0.798349264488642,0.929776378866509
1,0.946356413993539,0.792500346525748,0.92741851087643
1,0.945544073903948,0.786615239965071,0.925023878293298
1,0.94473208911367,0.780696700258197,0.922592858236086
1,0.943920474888751,0.774747460494688,0.920125840815614
1,0.943109246030739,0.768770228009617,0.9176232287816
1,0.942298416894803,0.762767681158059,0.915085437164419
1,0.941488001406918,0.756742466259231,0.912512892911851
1,0.940678013080154,0.750697194712231,0.909906034521157
1,0.939868465030145,0.744634440284628,0.907265311666811
1,0.939059369989786,0.738556736574481,0.904591184824227
1,0.938250740323196,0.732466574645692,0.901884124889844
1,0.937442588039008,0.726366400836021,0.89914461279792
1,0.936634924803016,0.720258614736454,0.89637313913442
1,0.935827761950225,0.714145567340115,0.893570203748353
1,0.935021110496335,0.708029559358367,0.890736315360962
1,0.934214981148687,0.701912839701278,0.887871991173129
1,0.933409384316724,0.6957976041192,0.8849777564714
1,0.932604330121965,0.689685994001806,0.882054144232997
1,0.931799828407541,0.683580095330556,0.879101694730234
1,0.930995888747312,0.677481937780253,0.876120955134687
1,0.930192520454585,0.67139349396506,0.873112479121544
1,0.929389732590456,0.665316678824109,0.87007682647448
1,0.928587533971803,0.659253349141592,0.867014562691472
1,0.927785933178936,0.65320530319607,0.863926258591896
1,0.926984938562933,0.6471742805336,0.860812489925303
1,0.926184558252676,0.641161961859118,0.857673836982224
1,0.925384800161598,0.635169969040492,0.854510884207363
1,0.92458567199416,0.629199865219558,0.851324219815531
1,0.923787181252076,0.623253155024454,0.848114435410664
1,0.922989335240281,0.617331284877545,0.84488212560825
1,0.922192141072682,0.611435643393264,0.841627887661506
1,0.921395605677675,0.605567561860241,0.838352321091598
1,0.92059973580346,0.599728314802135,0.835056027322229
1,0.919804538023155,0.593919120611694,0.83173960931887
1,0.919010018739712,0.588141142252646,0.828403671232937
1,0.918216184190664,0.58239548802414,0.825048818051163
1,0.917423040452686,0.576683212382585,0.821675655250444
1,0.916630593445998,0.571005316815888,0.818284788458394
1,0.915838848938613,0.565362750765198,0.814876823119852
1,0.915047812550423,0.559756412589471,0.811452364169556
1,0.914257489757157,0.554187150568305,0.808012015711203
1,0.913467885894187,0.548655763938656,0.804556380703086
1,0.91267900616021,0.543163003961264,0.801086060650496
1,0.911890855620804,0.537709575012721,0.797601655305061
1,0.911103439211866,0.5322961356994,0.794103762371177
1,0.910316761742927,0.526923299989515,0.790592977219679
1,0.909530827900361,0.521591638359905,0.787069892608893
1,0.908745642250495,0.516301678954174,0.783535098413172
1,0.907961209242608,0.511053908749143,0.779989181359045
1,0.907177533211835,0.505848774726612,0.77643272476905
1,0.906394618381983,0.500686685047721,0.772866308313359
1,0.905612468868252,0.495568010227294,0.769290507769248
1,0.904831088679875,0.490493084305758,0.765705894788471
1,0.90405048172267,0.485462206016378,0.762113036672595
1,0.903270651801518,0.480475639945728,0.758512496156327
1,0.902491602622766,0.475533617685453,0.754904831198843
1,0.901713337796546,0.47063633897353,0.751290594783158
1,0.900935860839042,0.465783972823416,0.747670334723512
1,0.90015917517467,0.460976658639552,0.74404459348078
1,0.89938328413821,0.456214507317885,0.740413907985885
1,0.898608190976861,0.451497602330164,0.736778809471179
1,0.897833898852248,0.446826000790902,0.733139823309757
1,0.897060410842362,0.442199734506004,0.729497468862665
1,0.896287729943449,0.437618811002208,0.725852259333928
1,0.895515859071842,0.433083214536523,0.722204701633356
1,0.894744801065745,0.428592907085032,0.718555296247034
1,0.893974558686963,0.424147829310465,0.714904537115434
1,0.893205134622586,0.419747901508048,0.711252911519051
1,0.892436531486623,0.415393024529247,0.707600899971471
1,0.891668751821601,0.411083080683061,0.703948976119774
1,0.890901798100103,0.406817934614636,0.700297606652161
1,0.890135672726284,0.402597434161001,0.696647251212696
1,0.889370378037329,0.398421411183837,0.692998362323036
1,0.888605916304887,0.394289682379194,0.689351385311052
1,0.887842289736452,0.390202050064184,0.685706758246167
1,0.887079500476724,0.386158302940689,0.682064911881332
1,0.886317550608918,0.382158216836194,0.678426269601469
1,0.885556442156052,0.378201555421869,0.674791247378252
1,0.884796177082196,0.374288070908108,0.671160253731082
1,0.884036757293688,0.370417504717737,0.667533689694117
1,0.883278184640322,0.366589588137127,0.663911948789204
1,0.882520460916504,0.36280404294552,0.660295417004559
1,0.881763587862383,0.359060582022859,0.656684472779047
1,0.881007567164945,0.35535890993646,0.653079486991915
1,0.880252400459092,0.351698723506881,0.649480822957808
1,0.879498089328682,0.348079712353358,0.645888836426928
1,0.878744635307557,0.3445015594192,0.642303875590163
1,0.877992039880529,0.340963941477537,0.638726281089046
1,0.87724030448436,0.337466529617844,0.635156386030369
1,0.876489430508708,0.334008989713663,0.631594516005311
1,0.875739419297052,0.330590982871948,0.628040989112909
1,0.874990272147596,0.327212165864485,0.624496115987725
1,0.874241990314152,0.323872191541808,0.620960199831545
1,0.873494575007003,0.320570709230093,0.617433536448965
1,0.872748027393743,0.31730736511143,0.613916414286694
1,0.872002348600101,0.314081802587974,0.610409114476438
1,0.871257539710745,0.310893662630382,0.60691191088121
1,0.870513601770066,0.307742584111009,0.603425070144897
1,0.869770535782946,0.304628204122296,0.599948851744971
1,0.869028342715508,0.301550158280797,0.596483508048157
1,0.86828702349585,0.298508081017281,0.593029284368959
1,0.86754657901476,0.295501605853345,0.589586419030855
1,0.866807010126419,0.292530365664961,0.586155143430056
1,0.866068317649087,0.289593992933384,0.582735682101684
1,0.865330502365771,0.286692119983832,0.579328252788214
1,0.864593565024882,0.283824379212356,0.575933066510078
1,0.863857506340877,0.280990403301291,0.572550327638284
1,0.863122326994889,0.278189825423686,0.569180233968919
1,0.862388027635335,0.275422279437102,0.56582297679942
1,0.861654608878523,0.272687400067161,0.562478741006501
1,0.86092207130924,0.269984823081197,0.559147705125585
1,0.860190415481323,0.267314185452394,0.555830041431668
1,0.85945964191823,0.264675125514752,0.552525916021467
1,0.858729751113586,0.262067283109223,0.549235488896758
1,0.858000743531726,0.259490299721365,0.5459589140488
1,0.857272619608226,0.256943818610824,0.542696339543728
1,0.856545379750418,0.254427484932981,0.539447907608829
1,0.855819024337902,0.251940945853057,0.536213754719595
1,0.855093553723038,0.249483850652991,0.532994011687453
1,0.85436896823144,0.247055850831371,0.529788803748096
1,0.853645268162448,0.24465660019671,0.52659825065031
1,0.852922453789599,0.242285754954338,0.52342246674522
1,0.852200525361085,0.239942973787181,0.520261561075872
1,0.851479483100201,0.23762791793068,0.517115637467061
1,0.850759327205789,0.235340251242103,0.513984794615351
1,0.850040057852665,0.233079640264494,0.510869126179179
1,0.849321675192048,0.23084575428549,0.507768720869004
1,0.848604179351971,0.22863826539123,0.504683662537415
1,0.847887570437688,0.226456848515591,0.501614030269132
1,0.847171848532077,0.224301181484931,0.498559898470845
1,0.846457013696027,0.222170945058581,0.495521336960829
1,0.845743065968826,0.220065822965254,0.492498411058263
1,0.845030005368533,0.217985501935568,0.489491181672228
1,0.844317831892353,0.215929671730882,0.486499705390295
1,0.843606545516995,0.213898025168593,0.483524034566683
1,0.84289614619903,0.21189025814409,0.480564217409917
1,0.842186633875237,0.209906069649516,0.477620298069967
1,0.841478008462952,0.207945161789497,0.474692316724788
1,0.840770269860395,0.206007239793987,0.471780309666258
1,0.840063417947008,0.204092012028385,0.468884309385455
1,0.839357452583774,0.202199190001055,0.466004344657232
1,0.838652373613536,0.200328488368379,0.463140440624078
1,0.83794818086131,0.198479624937489,0.460292618879207
1,0.83724487413459,0.19665232066679,0.457460897548866
1,0.836542453223649,0.194846299664391,0.454645291373823
1,0.835840917901833,0.193061289184568,0.451845811790008
1,0.835140267925856,0.191297019622364,0.449062467008286
1,0.834440503036078,0.189553224506429,0.446295262093345
1,0.833741622956788,0.187829640490205,0.443544199041663
1,0.83304362739648,0.18612600734155,0.440809276858548
1,0.83234651604812,0.184442067930897,0.438090491634232
1,0.831650288589413,0.182777568218028,0.435387836618994
1,0.830954944683063,0.181132257237566,0.432701302297308
1,0.830260483977027,0.179505887083238,0.430030876460995
1,0.829566906104768,0.177898212891019,0.427376544281369
1,0.828874210685504,0.176308992821205,0.424738288380379
1,0.828182397324446,0.1747379880395,0.422116088900709
1,0.827491465613038,0.173184962697182,0.419509923574864
1,0.826801415129196,0.171649683910409,0.416919767793205
1,0.82611224543753,0.170131921738733,0.414345594670942
1,0.825423956089577,0.168631449162877,0.411787375114089
1,0.824736546624023,0.167148042061828,0.40924507788435
1,0.824050016566916,0.165681479189312,0.406718669662967
1,0.823364365431889,0.164231542149686,0.4042081151135
1,0.822679592720365,0.162798015373309,0.40171337694356
1,0.821995697921767,0.161380686091427,0.399234415965481
1,0.821312680513726,0.159979344310632,0.396771191155938
1,0.820630539962274,0.15859378278692,0.39432365971452
1,0.819949275722049,0.157223796999395,0.391891777121241
1,0.819268887236487,0.155869185123662,0.389475497193016
1,0.81858937393801,0.15452974800494,0.38707477213909
1,0.817910735248218,0.153205289130922,0.384689552615431
1,0.817232970578072,0.151895614604437,0.382319787778096
1,0.816556079328076,0.150600533115915,0.379965425335561
1,0.815880060888455,0.149319855915711,0.377626411600045
1,0.815204914639334,0.148053396786298,0.375302691537816
1,0.814530639950905,0.146800972014365,0.372994208818491
1,0.813857236183606,0.145562400362839,0.370700905863347
1,0.813184702688279,0.144337503042859,0.368422723892638
1,0.812513038806342,0.143126103685722,0.366159602971936
1,0.811842243869947,0.141928028314824,0.363911482057506
1,0.811172317202141,0.140743105317608,0.361678299040714
1,0.810503258117024,0.13957116541755,0.359459990791494
1,0.809835065919901,0.138412041646194,0.357256493200869
1,0.809167739907437,0.13726556931525,0.355067741222542
1,0.808501279367803,0.136131585988775,0.352893668913579
1,0.807835683580828,0.135009931455452,0.350734209474172
1,0.807170951818139,0.133900447700973,0.348589295286509
1,0.806507083343307,0.132802978880554,0.346458857952766
1,0.805844077411984,0.131717371291579,0.344342828332223
1,0.805181933272048,0.130643473346387,0.342241136577507
1,0.80452065016373,0.129581135545226,0.34015371217
1,0.803860227319755,0.128530210449362,0.338080483954406
1,0.80320066396547,0.127490552654372,0.336021380172482
1,0.802541959318977,0.126462018763616,0.333976328495967
1,0.801884112591258,0.125444467361905,0.331945256058702
1,0.801227122986301,0.124437758989366,0.329928089487965
1,0.800570989701226,0.123441756115509,0.327924754935027
1,0.799915711926404,0.122456323113517,0.325935178104935
1,0.799261288845582,0.121481326234739,0.32395928428556
1,0.798607719635996,0.120516633583424,0.321996998375886
1,0.797955003468489,0.11956211509166,0.320048244913585
1,0.797303139507628,0.11861764249457,0.318112948101865
1,0.796652126911815,0.117683089305722,0.316191031835621
1,0.7960019648334,0.116758330792793,0.314282419726896
1,0.795352652418786,0.11584324395347,0.312387035129654
1,0.794704188808544,0.114937707491592,0.310504801163896
1,0.794056573137514,0.114041601793551,0.308635640739115
1,0.793409804534911,0.113154808904931,0.30677947657711
1,0.792763882124429,0.112277212507404,0.304936231234165
1,0.792118805024342,0.111408697895879,0.303105827122617
1,0.791474572347605,0.110549151955907,0.301288186531807
1,0.790831183201952,0.109698463141334,0.29948323164844
1,0.790188636689992,0.108856521452222,0.297690884576365
1,0.789546931909307,0.108023218413013,0.295911067355766
1,0.788906067952544,0.107198447050959,0.294143701981815
1,0.78826604390751,0.106382101874811,0.292388710422753
1,0.787626858857262,0.105574078853753,0.290646014637444
1,0.786988511880199,0.104774275396604,0.288915536592402
1,0.786351002050148,0.103982590331274,0.287197198278289
1,0.785714328436455,0.103198923884471,0.285490921725917
1,0.785078490104069,0.102423177661667,0.283796629021754
1,0.784443486113627,0.101655254627314,0.282114242322937
1,0.783809315521539,0.100895059085321,0.280443683871817
1,0.78317597738007,0.100142496659773,0.278784876010038
1,0.782543470737421,0.0993974742759079,0.277137741192158
1,0.78191179463781,0.0986599001413365,0.275502201998826
1,0.781280948121551,0.097929683727516,0.27387818114953
1,0.780650930225131,0.0972067357514662,0.27226560151491
1,0.780021739981287,0.0964909681577309,0.270664386128666
1,0.779393376419084,0.0957822941005824,0.26907445819905
1,0.778765838563985,0.0950806279264671,0.267495741119968
1,0.778139125437928,0.0943858851566893,0.265928158481687
1,0.777513236059398,0.093697982470334,0.264371634081176
1,0.776888169443499,0.0930168376874215,0.262826091932058
1,0.776263924602021,0.0923423697523003,0.261291456274218
1,0.775640500543514,0.0916744987172661,0.25976765158305
1,0.775017896273352,0.0910131457264125,0.258254602578359
1,0.774396110793805,0.0903582329997075,0.256752234232927
1,0.773775143104101,0.089709683817295,0.255260471780759
1,0.773154992200496,0.0890674225040178,0.253779240724994
1,0.772535657076335,0.0884313744141621,0.252308466845517
1,0.771917136722115,0.0878014659164177,0.25084807620626
1,0.771299430125553,0.0871776243790553,0.249397995162207
1,0.770682536271644,0.0865597781553162,0.247958150366113
1,0.770066454142721,0.0859478565690125,0.246528468774931
1,0.769451182718518,0.0853417899003358,0.245108877655978
1,0.768836720976228,0.0847415093718716,0.243699304592818
1,0.768223067890562,0.0841469471348185,0.242299677490897
1,0.767610222433806,0.0835580362554062,0.240909924582913
1,0.766998183575879,0.0829747107015149,0.239529974433945
1,0.766386950284386,0.0823969053294882,0.238159755946336
1,0.765776521524679,0.0818245558711429,0.236799198364346
1,0.765166896259904,0.0812575989209683,0.23544823127857
1,0.764558073451063,0.0806959719235152,0.234106784630137
1,0.763950052057059,0.0801396131609716,0.232774788714693
1,0.763342831034756,0.0795884617409234,0.231452174186172
1,0.762736409339022,0.0790424575842952,0.230138872060356
1,0.762130785922789,0.0785015414134736,0.228834813718251
1,0.761525959737096,0.077965654740605,0.227539930909249
1,0.76092192973114,0.0774347398560695,0.226254155754117
1,0.760318694852329,0.0769087398171282,0.224977420747795
1,0.759716254046323,0.0763875984367383,0.223709658762019
1,0.759114606257089,0.0758712602725384,0.222450803047765
1,0.75851375042694,0.075359670615999,0.221200787237535
1,0.757913685496587,0.0748527754817348,0.21995954534747
1,0.757314410405182,0.0743505215969802,0.218727011779308
1,0.756715924090364,0.0738528563912221,0.217503121322191
1,0.756118225488301,0.07335972798599,0.216287809154314
1,0.755521313533736,0.0728710851848004,0.215081010844437
1,0.754925187160028,0.0723868774632528,0.213882662353255
1,0.754329845299197,0.0719070549592773,0.212692700034625
0.999999999999999,0.753735286881963,0.071431568463528,0.211511060636669
0.999999999999999,0.753141510837788,0.0709603694099237,0.21033768130274
0.999999999999999,0.752548516094919,0.0704934098663321,0.209172499572274
0.999999999999999,0.751956301580424,0.0700306425253943,0.208015453381508
0.999999999999999,0.751364866220235,0.0695720206954907,0.206866481064093
0.999999999999999,0.750774208939187,0.0691174982918428,0.205725521351587
0.999999999999998,0.750184328661052,0.0686670298277514,0.204592513373839
0.999999999999998,0.749595224308585,0.0682205704059678,0.20346739665927
0.999999999999998,0.749006894803551,0.067778075710196,0.202350111135044
0.999999999999997,0.748419339066773,0.0673395019967259,0.201240597127152
0.999999999999997,0.74783255601816,0.0669048060861924,0.200138795360381
0.999999999999996,0.747246544576747,0.0664739453554616,0.199044646958211
0.999999999999996,0.746661303660728,0.0660468777296388,0.197958093442605
0.999999999999995,0.746076832187495,0.0656235616742019,0.196879076733723
0.999999999999994,0.745493129073667,0.0652039561872501,0.19580753914954
0.999999999999993,0.744910193235128,0.0647880207918757,0.1947434234054
0.999999999999992,0.744328023587061,0.0643757155286491,0.193686672613474
0.99999999999999,0.743746619043977,0.0639670009482197,0.192637230282152
0.999999999999988,0.74316597851975,0.0635618381040295,0.191595040315362
0.999999999999986,0.742586100927652,0.0631601885451386,0.190560047011811
0.999999999999984,0.742006985180378,0.062762014309159,0.189532195064171
0.999999999999981,0.741428630190084,0.0623672779152978,0.188511429558183
0.999999999999977,0.740851034868414,0.0619759423575044,0.187497695971714
0.999999999999973,0.740274198126533,0.0615879710977254,0.186490940173739
0.999999999999969,0.739698118875153,0.0612033280592589,0.185491108423279
0.999999999999963,0.739122796024567,0.0608219776202129,0.184498147368267
0.999999999999956,0.738548228484677,0.0604438846070623,0.183512004044372
0.999999999999949,0.73797441516502,0.0600690142883044,0.182532625873767
0.99999999999994,0.7374013549748,0.0596973323682107,0.181559960663844
0.999999999999929,0.736829046822915,0.0593288049806743,0.180593956605887
0.999999999999917,0.736257489617984,0.0589633986831514,0.17963456227369
0.999999999999902,0.735686682268373,0.0586010804506944,0.178681726622142
0.999999999999885,0.735116623682228,0.0582418176700759,0.177735398985762
0.999999999999865,0.734547312767491,0.0578855781340022,0.17679552907719
0.999999999999842,0.733978748431937,0.0575323300354158,0.175862066985655
0.999999999999814,0.733410929583193,0.0571820419618823,0.174934963175384
0.999999999999782,0.732843855128766,0.0568346828900648,0.174014168483993
0.999999999999745,0.732277523976065,0.0564902221802809,0.173099634120835
0.999999999999701,0.731711935032433,0.0561486295711434,0.17219131166532
0.99999999999965,0.731147087205164,0.0558098751742807,0.171289153065202
0.99999999999959,0.730582979401529,0.055473929469139,0.170393110634834
0.99999999999952,0.730019610528803,0.0551407632978623,0.169503137053402
0.999999999999439,0.729456979494283,0.0548103478602502,0.168619185363124
0.999999999999344,0.728895085205318,0.0544826547087915,0.167741208967432
0.999999999999233,0.728333926569324,0.0541576557437742,0.166869161629123
0.999999999999104,0.727773502493814,0.053835323208468,0.166002997468491
0.999999999998954,0.727213811886413,0.0535156296843801,0.165142670961437
0.999999999998779,0.726654853654886,0.0531985480865837,0.16428813693756
0.999999999998576,0.726096626707155,0.0528840516591145,0.163439350578221
0.999999999998339,0.725539129951325,0.0525721139704395,0.162596267414606
0.999999999998064,0.7249823622957,0.0522627089089917,0.161758843325753
0.999999999997744,0.724426322648806,0.0519558106787731,0.160927034536571
0.999999999997371,0.723871009919411,0.0516513937950243,0.160100797615854
0.999999999996939,0.723316423016548,0.0513494330799575,0.159280089474261
0.999999999996437,0.722762560849529,0.0510499036585558,0.158464867362301
0.999999999995855,0.722209422327969,0.0507527809544335,0.157655088868299
0.999999999995178,0.721657006361805,0.0504580406857596,0.156850711916346
0.999999999994394,0.721105311861312,0.0501656588612423,0.156051694764252
0.999999999993485,0.720554337737125,0.0498756117761732,0.155257996001475
0.999999999992431,0.720004082900258,0.0495878760085305,0.154469574547053
0.999999999991209,0.719454546262117,0.0493024284151417,0.153686389647522
0.999999999989795,0.718905726734524,0.0490192461279017,0.152908400874829
0.999999999988157,0.718357623229733,0.0487383065500487,0.15213556812424
0.999999999986261,0.717810234660443,0.0484595873524947,0.15136785161224
0.999999999984068,0.717263559939822,0.0481830664702122,0.150605211874432
0.999999999981532,0.716717597981522,0.047908722098672,0.14984760976343
0.9999999999786,0.716172347699691,0.0476365326903363,0.149095006446746
0.999999999975211,0.715627808008996,0.0473664769512029,0.148347363404681
0.999999999971295,0.715083977824636,0.0470985338374005,0.147604642428204
0.999999999966774,0.714540856062358,0.0468326825518347,0.146866805616845
0.999999999961553,0.713998441638474,0.0465689025408839,0.146133815376568
0.999999999955529,0.713456733469875,0.0463071734911431,0.145405634417659
0.999999999948578,0.712915730474049,0.0460474753262173,0.144682225752608
0.999999999940562,0.712375431569094,0.0457897882035605,0.143963552693989
0.999999999931321,0.711835835673733,0.0455340925113627,0.143249578852351
0.99999999992067,0.711296941707329,0.0452803688654821,0.142540268134097
0.999999999908399,0.710758748589902,0.0450285981064221,0.141835584739378
0.999999999894267,0.710221255242137,0.0447787612963537,0.141135493159982
0.999999999877997,0.709684460585406,0.0445308397161808,0.140439958177227
0.999999999859271,0.709148363541777,0.0442848148626482,0.139748944859863
0.999999999837726,0.708612963034028,0.0440406684454935,0.139062418561968
0.999999999812946,0.708078257985663,0.0437983823846389,0.13838034492086
0.999999999784454,0.707544247320922,0.0435579388074252,0.137702689855003
0.999999999751707,0.707010929964797,0.0433193200458854,0.137029419561924
0.999999999714079,0.706478304843044,0.0430825086340588,0.136360500516135
0.999999999670858,0.705946370882194,0.0428474873053436,0.135695899467061
0.99999999962123,0.705415127009569,0.0426142389898885,0.135035583436969
0.999999999564262,0.704884572153291,0.0423827468120217,0.13437951971891
0.99999999949889,0.704354705242296,0.0421529940877177,0.133727675874664
0.999999999423898,0.703825525206347,0.0419249643221006,0.133080019732695
0.999999999337899,0.703297030976042,0.0416986412069831,0.132436519386107
0.999999999239308,0.702769221482832,0.0414740086184425,0.131797143190613
0.999999999126318,0.702242095659026,0.0412510506144298,0.131161859762512
0.999999998996865,0.701715652437804,0.0410297514324148,0.13053063797667
0.999999998848599,0.701189890753233,0.0408100954870648,0.129903446964512
0.999999998678838,0.700664809540272,0.040592067367956,0.129280256112022
0.999999998484526,0.700140407734785,0.0403756518373187,0.128661035057751
0.999999998262182,0.699616684273553,0.0401608338278144,0.128045753690831
0.999999998007839,0.699093638094282,0.0399475984403452,0.12743438214901
0.999999997716983,0.698571268135614,0.0397359309418937,0.126826890816675
0.999999997384474,0.698049573337142,0.0395258167633954,0.126223250322906
0.99999999700446,0.69752855263941,0.0393172414976392,0.125623431539526
0.999999996570288,0.697008204983935,0.0391101908972006,0.125027405579168
0.999999996074388,0.696488529313205,0.0389046508724018,0.124435143793342
0.999999995508155,0.695969524570699,0.0387006074893027,0.123846617770528
0.999999994861805,0.695451189700887,0.0384980469677194,0.12326179933426
0.999999994124223,0.694933523649249,0.0382969556792716,0.122680660541237
0.99999999328278,0.694416525362274,0.0380973201454569,0.122103173679434
0.999999992323133,0.693900193787479,0.0378991270357531,0.121529311266228
0.999999991229001,0.693384527873409,0.037702363165747,0.120959046046532
0.999999989981899,0.692869526569653,0.0375070154952897,0.120392350990942
0.999999988560854,0.692355188826848,0.0373130711266776,0.119829199293892
0.999999986942074,0.691841513596688,0.0371205173028601,0.119269564371823
0.999999985098576,0.691328499831934,0.0369293414056713,0.118713419861362
0.999999982999767,0.690816146486424,0.0367395309540871,0.118160739617511
0.999999980610971,0.690304452515074,0.0365510736025069,0.117611497711842
0.999999977892895,0.689793416873894,0.0363639571390595,0.117065668430721
0.999999974801024,0.689283038519991,0.0361781694839317,0.116523226273517
0.999999971284946,0.688773316411579,0.0359936986877221,0.115984145950844
0.99999996728758,0.688264249507985,0.035810532929816,0.115448402382806
0.999999962744318,0.687755836769656,0.0356286605167841,0.11491597069725
0.999999957582047,0.687248077158171,0.035448069880804,0.114386826228039
0.999999951718052,0.68674096963624,0.0352687495781012,0.113860944513323
0.999999945058784,0.68623451316772,0.0350906882874157,0.113338301293843
0.999999937498464,0.685728706717616,0.0349138748084858,0.112818872511219
0.999999928917521,0.685223549252089,0.0347382980605556,0.112302634306275
0.999999919180824,0.684719039738465,0.0345639470809025,0.111789563017357
0.999999908135703,0.68421517714524,0.0343908110233845,0.111279635178676
0.999999895609712,0.683711960442085,0.034218879157008,0.110772827518649
0.999999881408123,0.683209388599856,0.0340481408645159,0.110269116958269
0.999999865311102,0.682707460590599,0.0338785856409937,0.109768480609465
0.999999847070534,0.682206175387552,0.0337102030924961,0.109270895773494
0.999999826406461,0.681705531965159,0.0335429829346918,0.108776339939332
0.999999803003075,0.68120552929907,0.0333769149915277,0.108284790782082
0.999999776504216,0.680706166366148,0.0332119891939097,0.107796226161389
0.999999746508318,0.680207442144478,0.0330481955784033,0.107310624119871
0.999999712562741,0.679709355613366,0.0328855242859511,0.106827962881561
0.999999674157395,0.679211905753354,0.0327239655606083,0.106348220850358
0.999999630717599,0.678715091546216,0.0325635097482944,0.10587137660849
0.999999581596062,0.67821891197497,0.0324041472955629,0.105397408914991
0.999999526063888,0.677723366023881,0.0322458687483878,0.104926296704189
0.999999463300494,0.677228452678466,0.0320886647509655,0.1044580190842
0.999999392382305,0.676734170925499,0.0319325260445338,0.103992555335442
0.999999312270083,0.676240519753018,0.0317774434662071,0.103529884909154
0.999999221794724,0.675747498150326,0.031623407947826,0.103069987425928
0.999999119641356,0.675255105108,0.0314704105148242,0.102612842674256
0.999999004331522,0.674763339617894,0.0313184422851095,0.102158430609079
0.999998874203226,0.674272200673144,0.03116749446796,0.101706731350361
0.999998727388604,0.673781687268171,0.0310175583629354,0.101257725181658
0.999998561788922,0.673291798398689,0.0308686253588029,0.100811392548715
0.999998375046606,0.672802533061704,0.0307206869324772,0.100367714058059
0.999998164513952,0.672313890255526,0.0305737346479754,0.0999266704756156
0.999997927218117,0.671825868979765,0.0304277601553846,0.0994882427253259
0.999997659821991,0.671338468235341,0.0302827551898445,0.0990524118877831
0.999997358580438,0.670851687024487,0.0301387115705434,0.0986191591988747
0.999997019291389,0.670365524350749,0.0299956211997265,0.0981884660484382
0.999996637241198,0.669879979218996,0.0298534760617187,0.0977603139789262
0.999996207143586,0.66939505063542,0.0297122682219598,0.0973346846840836
0.999995723071449,0.668910737607542,0.0295719898260525,0.0969115600076344
0.999995178380705,0.668427039144213,0.0294326330988227,0.09649092194198
0.999994565625277,0.667943954255618,0.0292941903433929,0.0960727526269075
0.999993876462196,0.667461481953283,0.0291566539402674,0.0956570343483098
0.999993101545697,0.666979621250076,0.0290200163464297,0.0952437495369154
0.999992230409068,0.666498371160209,0.0288842700944515,0.0948328807670274
0.999991251332856,0.666017730699244,0.0287494077916137,0.094424410755276
0.999990151197883,0.665537698884096,0.0286154221190393,0.0940183223593794
0.999988915321375,0.665058274733033,0.0284823058308366,0.0936145985769144
0.999987527274285,0.664579457265684,0.0283500517532547,0.0932132225440993
0.999985968677709,0.664101245503038,0.0282186527838493,0.0928141775345854
0.999984218976039,0.663623638467449,0.0280881018906603,0.0924174469582591
0.99998225518427,0.663146635182638,0.0279583921113988,0.092023014360055
0.99998005160656,0.662670234673698,0.0278295165526456,0.091630863418777
0.999977579522846,0.662194435967094,0.0277014683890605,0.0912409779459319
0.999974806839974,0.661719238090666,0.0275742408626006,0.0908533418845708
0.999971697703396,0.661244640073635,0.0274478272817495,0.0904679393081411
0.999968212065089,0.660770640946601,0.0273222210207571,0.0900847544193494
0.999964305202852,0.660297239741549,0.0271974155188878,0.089703771549032
0.999959927185627,0.65982443549185,0.0270734042796793,0.0893249751550363
0.999955022278928,0.659352227232262,0.0269501808702111,0.0889483498211126
0.999949528283806,0.658880613998936,0.0268277389203821,0.0885738802558138
0.999943375802076,0.658409594829417,0.0267060721221972,0.0882015512914053
0.999936487419789,0.657939168762643,0.0265851742290637,0.0878313478827843
0.999928776800022,0.657469334838951,0.0264650390550962,0.0874632551064093
0.999920147675181,0.657000092100079,0.0263456604744308,0.0870972581592367
0.999910492727914,0.656531439589165,0.0262270324205478,0.0867333423576693
0.999899692348623,0.656063376350752,0.0261091488856031,0.0863714931365112
0.999887613256296,0.655595901430788,0.025992003919768,0.0860116960479355
0.99987410696797,0.655129013876632,0.0258755916305781,0.0856539367604559
0.999859008100642,0.654662712737049,0.0257599061822894,0.0852982010579129
0.999842132487738,0.654196997062216,0.0256449417952431,0.0849444748384636
0.999823275090415,0.653731865903727,0.0255306927452389,0.0845927441135851
0.999802207681937,0.653267318314585,0.0254171533629157,0.0842429950070835
0.999778676281152,0.652803353349215,0.0253043180331399,0.0838952137541118
0.999752398308648,0.652339970063458,0.0251921811944021,0.0835493867001986
0.999723059436495,0.651877167514574,0.0250807373382211,0.0832055003002835
0.999690310099551,0.651414944761246,0.0249699810085549,0.0828635411177605
0.999653761633128,0.650953300863577,0.0248599068012205,0.0825234958235327
0.999612981998307,0.650492234883099,0.0247505093633191,0.082185351195072
0.999567491052393,0.650031745882765,0.0246417833926702,0.0818490941154891
0.999516755317856,0.649571832926956,0.0245337236372516,0.0815147115726117
0.999460182198598,0.649112495081482,0.0244263248946472,0.0811821906580704
0.99939711358751,0.648653731413582,0.0243195820115013,0.0808515185663921
0.999326818803984,0.648195540991924,0.0242134898829794,0.0805226825941029
0.999248486794339,0.64773792288661,0.0241080434522369,0.0801956701388388
0.999161217521985,0.647280876169173,0.024003237709893,0.0798704686984628
0.999064012467524,0.646824399912579,0.0238990676935114,0.0795470658701912
0.99895576415196,0.646368493191232,0.023795528487089,0.0792254493497278
0.998835244588656,0.645913155080967,0.0236926152205483,0.0789056069304054
0.998701092561725,0.645458384659061,0.0235903230692385,0.0785875265023351
0.998551799620145,0.645004181004222,0.0234886472534414,0.0782711960515629
0.998385694668151,0.644550543196603,0.0233875830378835,0.0779566036592343
0.99820092702332,0.64409747031779,0.0232871257312548,0.0776437375007668
0.997995447804468,0.643644961450814,0.0231872706857327,0.0773325858450284
0.997766989502043,0.643193015680143,0.0230880132965125,0.0770231370535255
0.997513043574257,0.642741632091687,0.0229893490013428,0.0767153795795959
0.997230835903107,0.642290809772798,0.0228912732800675,0.0764093019676112
0.99691729993579,0.641840547812271,0.0227937816541728,0.0761048928521848
0.996569047329301,0.641390845300343,0.0226968696863398,0.0758021409573872
0.996182335909557,0.640941701328695,0.0226005329800027,0.0755010350959703
0.995753034751878,0.640493114990453,0.0225047671789126,0.0752015641685956
0.995276586187568,0.640045085380184,0.022409567966706,0.0749037171630717
0.994747964542761,0.639597611593904,0.0223149310664791,0.0746074831535984
0.994161631421364,0.639150692729071,0.0222208522403669,0.0743128513000162
0.993511487355284,0.638704327884591,0.0221273272891279,0.0740198108470648
0.992790819663531,0.638258516160813,0.0220343520517328,0.0737283511236462
0.991992246388982,0.637813256659534,0.0219419224049596,0.0734384615420955
0.991107656219728,0.637368548483998,0.0218500342629925,0.0731501315974591
0.990128144353325,0.636924390738893,0.0217586835770256,0.0728633508667775
0.989043944329828,0.636480782530356,0.0216678663348723,0.0725781090083762
0.987844355946443,0.63603772296597,0.0215775785605786,0.0722943957611626
0.986517669476572,0.635595211154765,0.0214878163140413,0.0720122009439289
0.985051086553278,0.635153246207216,0.0213985756906306,0.071731514454662
0.983430638246088,0.63471182723525,0.0213098528208173,0.0714523262698588
0.98164110106571,0.634270953352235,0.0212216438698049,0.071174626443849
0.979665911878712,0.633830623672991,0.0211339450371652,0.0708984051081222
0.97748708300889,0.633390837313782,0.0210467525564791,0.0706236524706634
0.975085119148886,0.632951593392321,0.020960062694981,0.0703503588152927
0.972438938109313,0.632512891027765,0.020873871753208,0.0700785145010114
0.969525797896515,0.632074729340719,0.0207881760646528,0.0698081099613554
0.966321233135852,0.631637107453237,0.020702971995421,0.0695391357037521
0.962799004444111,0.631200024488815,0.0206182559438925,0.0692715823088853
0.958931064997472,0.630763479572398,0.0205340243403864,0.0690054404300652
0.954687549230378,0.630327471830376,0.0204502736468305,0.0687407007926032
0.950036789319173,0.629892000390583,0.0203670003564343,0.068477354193194
0.944945365826908,0.629457064382301,0.020284200993366,0.0682153914993019
0.939378199576841,0.629022662936255,0.0202018721124334,0.0679548036485542
0.933298692433229,0.628588795184614,0.0201200102987678,0.0676955816481377
0.926668925137302,0.628155460260994,0.0200386121675133,0.0674377165742043
0.919449920595687,0.627722657300452,0.0199576743635173,0.0671811995712783
0.911601980955684,0.627290385439489,0.0198771935610272,0.0669260218516717
0.90308510631935,0.626858643816048,0.0197971664633883,0.0666721746949036
0.893859501929453,0.626427431569516,0.0197175898027474,0.0664196494471251
0.883886178983203,0.625996747840722,0.0196384603397579,0.0661684375205502
0.873127651779138,0.625566591771934,0.0195597748632896,0.0659185303928903
0.861548730582386,0.625136962506863,0.0194815301901412,0.0656699196067957
0.849117405345154,0.624707859190659,0.0194037231647569,0.0654225967693006
0.83580581024281,0.624279280969911,0.0193263506589453,0.0651765535512747
0.821591252962691,0.623851226992648,0.0192494095716021,0.0649317816868781
0.806457285999183,0.623423696408338,0.019172896828436,0.0646882729730227
0.790394790172825,0.622996688367885,0.019096809381698,0.0644460192688374
0.773403033645541,0.622570202023629,0.0190211442099128,0.0642050124951393
0.755490663416029,0.622144236529349,0.0189458983176146,0.0639652446339081
0.73667658132279,0.621718791040258,0.0188710687350852,0.0637267077277676
0.716990653683174,0.621293864713004,0.0187966525180949,0.0634893938794691
0.696474203571576,0.620869456705667,0.0187226467476472,0.0632532952513821
0.675180237992073,0.620445566177763,0.0186490485297255,0.0630184040649881
0.653173369230202,0.620022192290238,0.0185758549950435,0.0627847126003799
0.630529400562157,0.619599334205472,0.0185030632987976,0.062552213195764
0.607334560956996,0.619176991087272,0.0184306706204229,0.06232089824697
0.583684390701203,0.618755162100878,0.0183586741633516,0.0620907602069621
0.559682298865578,0.618333846412957,0.018287071154774,0.0618617915853558
0.535437832759679,0.617913043191604,0.0182158588454028,0.0616339849479404
0.511064717323148,0.617492751606342,0.0181450345092392,0.0614073329162028
0.486678737151508,0.617072970828118,0.0180745954433427,0.0611818281668599
0.462395544110579,0.616653700029306,0.0180045389676021,0.0609574634313903
0.438328478246067,0.616234938383703,0.0179348624245109,0.0607342314955746
0.414586488469449,0.615816685066529,0.0178655631789434,0.0605121251990373
0.39127223244884,0.615398939254427,0.0177966386179346,0.0602911374347941
0.368480422992005,0.614981700125458,0.017728086150462,0.0600712611488024
0.346296472205809,0.614564966859107,0.0176599032072301,0.0598524893395165
0.32479546638819,0.614148738636276,0.0175920872404568,0.0596348150574474
0.304041485607249,0.613733014639282,0.0175246357236633,0.0594182314047247
0.28408726380432,0.613317794051862,0.0174575461514649,0.0592027315346645
0.264974169325625,0.612903076059168,0.0173908160393652,0.0589883086513407
0.246732472975449,0.612488859847766,0.0173244429235525,0.0587749560091591
0.229381861509653,0.612075144605633,0.0172584243606976,0.0585626669124367
0.212932149066407,0.611661929522161,0.0171927579277551,0.0583514347149843
0.197384137131471,0.611249213788151,0.017127441221766,0.0581412528196924
0.182730574774964,0.610836996595815,0.0170624718596627,0.0579321146781224
0.168957174434472,0.610425277138771,0.0169978474780764,0.0577240137900992
0.156043643757199,0.610014054612046,0.0169335657331464,0.0575169437033099
0.143964700270595,0.609603328212073,0.0168696243003316,0.0573108980129042
0.132691042322996,0.609193097136688,0.0168060208742238,0.0571058703610995
0.122190256329078,0.608783360585132,0.0167427531683637,0.0569018544367896
0.112427646502209,0.608374117758047,0.0166798189150585,0.056698843975156
0.103366978710477,0.607965367857475,0.0166172158652008,0.0564968327572836
0.0949711347189899,0.607557110086859,0.0165549417880913,0.0562958146097802
0.0872026768318173,0.607149343651039,0.0164929944712616,0.0560957834043982
0.0800243258434424,0.606742067756253,0.0164313717203,0.0558967330576604
0.07339935732031,0.606335281610132,0.0163700713586788,0.0556986575304897
0.0672919226544879,0.605928984421703,0.0163090912275837,0.0555015508278415
0.0616673021730672,0.605523175401385,0.0162484291857448,0.0553054069983386
0.0564920979604532,0.605117853760988,0.0161880831092696,0.055110220133912
0.0517343740619385,0.604713018713711,0.0161280508914779,0.0549159843694418
0.0473637514801437,0.604308669474144,0.0160683304427383,0.0547226938824039
0.0433514649331697,0.60390480525826,0.0160089196903067,0.054530342892518
0.0396703877813494,0.603501425283421,0.0159498165781662,0.0543389256614
0.0362950309024266,0.603098528768371,0.0158910190668692,0.0541484364922172
0.0332015206439229,0.602696114933237,0.0158325251333807,0.0539588697293463
0.0303675603368918,0.602294182999527,0.0157743327709237,0.0537702197580347
0.0277723792385972,0.601892732190129,0.0157164399888259,0.0535824810040649
0.0253966721969099,0.60149176172931,0.0156588448123687,0.053395647933422
