"Ambrosiodmus rubricollis","Xyleborus posticus","Ambrosiodmus tachygraphus","Euwallacea validus"
0.989731340453014,0.99999484034794,0.973479473503578,0.996482092249444
0.979495840213825,0.999977733759372,0.948821066000642,0.993712146841718
0.969403915956051,0.999947627314043,0.925554419152643,0.991176558408255
0.959475629353622,0.999903916514449,0.903508163460593,0.988785734637168
0.949717783811548,0.999846163666068,0.882563063070688,0.986499473203801
0.940132244952027,0.999774023460777,0.862624215990291,0.984294958173403
0.930718522166643,0.999687210353083,0.843611719516572,0.982157521052938
0.921474851405305,0.999585481106038,0.825456308516326,0.980076957604446
0.912398732197424,0.999468624294332,0.808096887375682,0.978045769670902
0.903487224422015,0.999336453476188,0.791478947046352,0.976058220591827
0.894737125102882,0.999188802492565,0.775553458549205,0.9741097829972
0.886145079602712,0.999025522088412,0.760276051204067,0.972196794752314
0.877707654403875,0.998846477400371,0.745606375169474,0.970316233621085
0.869421386161207,0.998651546036764,0.731507590944306,0.968465563623791
0.861282815459436,0.998440616576542,0.717945950697369,0.966642626745794
0.853288510364307,0.998213587373128,0.70489044861737,0.964845564456732
0.845435082967836,0.997970365585543,0.692312524747186,0.963072759469794
0.837719201011251,0.997710866382427,0.680185811285283,0.961322791628847
0.830137595982588,0.997435012279957,0.668485913274579,0.959594403896014
0.822687068649519,0.997142732585045,0.657190217583935,0.957886475713164
0.815364492702461,0.996833962922471,0.646277725474953,0.956198001847033
0.808166816991408,0.996508644829706,0.635728905045359,0.954528075379749
0.801091066708442,0.996166725406943,0.625525560577696,0.952875873879394
0.794134343775862,0.995808157012558,0.615650716378692,0.95124064804251
0.787293826634309,0.995432896996301,0.606088513123166,0.94962171228121
0.7805667695778,0.995040907464044,0.596824115051647,0.948018436856782
0.773950501747811,0.994632155069122,0.587843626637223,0.946430241255429
0.767442425872597,0.994206610826216,0.57913401755135,0.944856588570824
0.761040016818547,0.993764249944463,0.570683054932638,0.943296980709596
0.754740820005526,0.993305051677047,0.562479242105749,0.941750954274671
0.748542449726858,0.992828999184982,0.55451176301623,0.940218077010986
0.742442587405834,0.992336079413171,0.546770431746097,0.938697944720885
0.736438979813793,0.991826282977128,0.539245646558336,0.937190178574215
0.730529437269483,0.991299604058998,0.531928347988928,0.935694422752039
0.724711831835194,0.990756040311692,0.524809980564945,0.934210342373886
0.718984095521797,0.99019559277016,0.517882457778542,0.932737621667161
0.713344218512158,0.98961826576892,0.511138129990674,0.931275962344417
0.707790247410292,0.989024066865121,0.504569754976338,0.92982508215981
0.702320283521883,0.988413006766475,0.498170470856013,0.928384713620702
0.696932481170426,0.98778509926352,0.491933771186544,0.926954602834116
0.691625046052179,0.987140361165701,0.485853482009588,0.925534508470869
0.686396233632163,0.986478812240864,0.479923740677525,0.924124200832745
0.681244347582783,0.985800475157763,0.474138976295833,0.922723461010218
0.676167738266015,0.985105375431272,0.468493891637681,0.921332080119994
0.671164801259684,0.98439354136998,0.462983446401308,0.919949858613139
0.666233975927946,0.983665004025942,0.457602841693809,0.918576605645797
0.661373744035794,0.982919797146328,0.452347505636525,0.917212138505587
0.656582628407191,0.982157957126781,0.447213079997498,0.915856282087642
0.651859191626212,0.981379522966294,0.44219540776558,0.914508868415032
0.647202034780457,0.980584536223449,0.437290521588905,0.913169736198963
0.642609796245854,0.979773040973867,0.432494633007712,0.911838730434712
0.638081150511921,0.978945083768741,0.427804122417967,0.910515702029727
0.633614807046448,0.97810071359434,0.423215529708052,0.909200507460762
0.629209509198564,0.97723998183237,0.418725545516009,0.90789300845725
0.624864033139068,0.976362942221108,0.414331003059482,0.90659307170846
0.620577186836953,0.975469650817216,0.410028870494733,0.905300568592228
0.616347809070963,0.974560165958168,0.405816243764894,0.904015374923319
0.612174768475115,0.973634548225219,0.401690339901024,0.902737370719663
0.608056962617037,0.972692860406849,0.397648490742662,0.901466439984913
0.603993317108059,0.971735167462635,0.393688137047332,0.900202470505901
0.599982784743965,0.970761536487503,0.389806822961011,0.89894535366376
0.59602434467535,0.969772036676308,0.386002190823852,0.897694984257556
0.592117001606553,0.968766739288706,0.382271976287549,0.896451260339409
0.588259785022168,0.967745717614288,0.37861400372263,0.895214083060197
0.584451748440125,0.96670904693794,0.375026181895662,0.893983356524977
0.580691968690416,0.965656804505394,0.371506499897967,0.892758987657395
0.576979545218532,0.964589069488963,0.368053023308831,0.891540886072372
0.5733135994127,0.963505922953418,0.364663890577542,0.890328963956455
0.569693273954082,0.962407447822003,0.36133730960974,0.889123135955256
0.566117732189066,0.961293728842559,0.358071554544708,0.887923319067465
0.562586157522865,0.960164852553756,0.354864962711174,0.886729432544955
0.559097752833624,0.9590209072514,0.351715931750172,0.885541397798552
0.555651739906289,0.957861982954825,0.348622916894291,0.884359138309063
0.552247358885515,0.956688171373354,0.345584428393462,0.883182579543216
0.548883867746899,0.955499565872802,0.342599029078113,0.882011648874149
0.545560541785878,0.954296261442053,0.339665332051176,0.880846275506173
0.542276673123629,0.953078354659665,0.336781998501046,0.879686390403499
0.539031570229355,0.951845943660531,0.333947735628131,0.878531926222685
0.535824557458359,0.950599128102571,0.331161294678138,0.877382817248553
0.532654974605304,0.949338009133466,0.328421469075724,0.876238999333365
0.529522176472136,0.948062689357431,0.32572709265256,0.875100409839038
0.526425532450108,0.946773272802021,0.323077037964272,0.873966987582226
0.523364426115398,0.945469864884973,0.320470214691074,0.872838672782071
0.520338254837835,0.944152572381098,0.31790556811727,0.871715407010488
0.51734642940224,0.942821503389198,0.315382077685103,0.87059713314481
0.514388373641945,0.941476767299039,0.312898755618741,0.869483795322657
0.51146352408403,0.940118474758364,0.310454645614438,0.868375338898912
0.508571329605869,0.938746737639962,0.308048821593193,0.867271710404666
0.505711251102579,0.937361669008785,0.30568038651242,0.866172857508027
0.502882761164969,0.935963383089131,0.30334847123342,0.86507872897669
0.500085343767627,0.93455199523188,0.301052233441583,0.863989274642161
0.497318493966781,0.933127621881816,0.298790856616495,0.862904445365556
0.494581717607586,0.931690380545006,0.296563549049247,0.861824193004872
0.491874531040494,0.930240389756273,0.294369542904461,0.860748470383671
0.489196460846411,0.928777769046744,0.292208093324653,0.859677231261082
0.486547043570308,0.927302638911504,0.290078477574715,0.858610430303067
0.483925825463,0.925815120777334,0.287979994224445,0.857548023054874
0.481332362230812,0.924315336970569,0.285911962367139,0.856489965914617
0.478766218792854,0.922803410685058,0.283873720872416,0.855436216107937
0.476226969045636,0.921279465950249,0.281864627671523,0.854386731663669
0.473714195634781,0.9197436275994,0.279884059073489,0.853341471390485
0.471227489733588,0.918196021237919,0.277931409110578,0.852300394854449
0.468766450828201,0.916636773211848,0.276006088911581,0.851263462357446
0.466330686509174,0.915066010576498,0.274107526101577,0.850230634916447
0.463919812269205,0.91348386106523,0.272235164226867,0.849201874243558
0.461533451306836,0.911890453058403,0.270388462203847,0.848177142726825
0.459171234335908,0.910285915552494,0.268566893790665,0.847156403411756
0.456832799400588,0.908670378129387,0.26676994708058,0.84613961998353
0.454517791695784,0.907043970925849,0.264997124015968,0.845126756749853
0.452225863392751,0.9054068246032,0.263247939922017,0.844117778624437
0.449956673469737,0.903759070317171,0.261521923059172,0.843112651111077
0.447709887547486,0.902100839687976,0.25981861419346,0.842111340288295
0.445485177729451,0.900432264770589,0.258137566183862,0.841113812794515
0.443282222446555,0.89875347802524,0.256478343585957,0.840120035813775
0.441100706306345,0.897064612288138,0.254840522271073,0.839129977061917
0.438940319946414,0.895365800742422,0.25322368906026,0.83814360477326
0.436800759891942,0.893657176889353,0.25162744137241,0.837160887687721
0.434681728417215,0.891938874519745,0.250051386885878,0.836181795038378
0.43258293341101,0.890211027685653,0.248495143213014,0.835206296539437
0.430504088245717,0.888473770672311,0.246958337587036,0.834234362374608
0.428444911650068,0.886727237970335,0.245440606560686,0.833265963185858
0.426405127585377,0.884971564248197,0.243941595716173,0.832301070062525
0.424384465125164,0.883206884324968,0.242460959385893,0.831339654530797
0.422382658338066,0.881433333143343,0.240998360383475,0.830381688543509
0.420399446173925,0.879651045742948,0.239553469744704,0.829427144470282
0.418434572352964,0.877860157233944,0.238125966477903,0.828475995087955
0.416487785257936,0.876060802770915,0.236715537323363,0.827528213571329
0.414558837829182,0.87425311752707,0.235321876521453,0.826583773484192
0.412647487462477,0.872437236668733,0.233944685589041,0.825642648770615
0.410753495909601,0.870613295330158,0.232583673103875,0.824704813746519
0.408876629181547,0.868781428588647,0.231238554496604,0.823770243091495
0.40701665745427,0.866941771439992,0.229909051850115,0.822838911840867
0.405173354976927,0.865094458774231,0.228594893705896,0.821910795377993
0.403346499982505,0.863239625351742,0.227295814877132,0.820985869426787
0.401535874600787,0.861377405779654,0.226011556268269,0.82006411004447
0.39974126477357,0.859507934488597,0.224741864700775,0.819145493614522
0.397962460172077,0.857631345709788,0.223486492744865,0.81822999683984
0.396199254116496,0.855747773452455,0.222245198556945,0.817317596736091
0.394451443497574,0.853857351481603,0.22101774572254,0.816408270625255
0.392718828700226,0.851960213296126,0.219803903104517,0.815501996129348
0.39100121352907,0.850056492107265,0.218603444696362,0.81459875116432
0.389298405135864,0.848146320817417,0.21741614948035,0.813698513934122
0.38761021394876,0.846229831999296,0.216241801290386,0.812801262924936
0.385936453603342,0.844307157875449,0.215080188679363,0.811906976899565
0.384276940875392,0.842378430298124,0.213931104790854,0.811015634891971
0.382631495615321,0.840443780729502,0.212794347234969,0.810127216201964
0.380999940684242,0.838503340222282,0.211669717968229,0.809241700390028
0.379382101891612,0.836557239400631,0.210557023177303,0.808359067272288
0.377777807934415,0.834605608441494,0.20945607316646,0.807479296915609
0.376186890337836,0.832648577056263,0.2083666822486,0.806602369632821
0.374609183397389,0.830686274472817,0.207288668639739,0.805728265978071
0.373044524122441,0.828718829417919,0.206221854356803,0.804856966742292
0.371492752181123,0.826746370099983,0.205166065118635,0.803988452948787
0.369953709846559,0.824769024192199,0.20412113025007,0.80312270584893
0.368427241944389,0.822786918816032,0.203086882588996,0.802259706917973
0.366913195801561,0.820800180525074,0.202063158396268,0.801399437850956
0.365411421196329,0.818808935289276,0.20104979726839,0.80054188055872
0.363921770309455,0.816813308479528,0.200046642052854,0.799687017164021
0.362444097676561,0.814813424852619,0.19905353876606,0.798834829997738
0.360978260141601,0.812809408536543,0.198070336513695,0.79798530159517
0.359524116811441,0.810801383016186,0.197096887413528,0.79713841469243
0.358081529011483,0.808789471119357,0.196133046520487,0.79629415222292
0.356650360242346,0.806773795003195,0.195178671753983,0.795452497313891
0.355230476137538,0.804754476140924,0.194233623827378,0.794613433283089
0.353821744422115,0.802731635308969,0.193297766179525,0.793776943635471
0.352424034872297,0.800705392574436,0.192370964908322,0.792943012060013
0.351037219276006,0.798675867282933,0.191453088706198,0.792111622426576
0.349661171394311,0.796643178046757,0.190544008797472,0.791282758782855
0.348295766923755,0.794607442733425,0.189643598877521,0.790456405351398
0.346940883459536,0.792568778454557,0.188751735053694,0.789632546526686
0.345596400459522,0.790527301555109,0.187868295787921,0.788811166872287
0.344262199209078,0.788483127602941,0.186993161840945,0.787992251118069
0.34293816278669,0.786436371378743,0.186126216218143,0.787175784157481
0.34162417603035,0.78438714686629,0.185267344116874,0.786361751044892
0.340320125504695,0.782335567243036,0.184416432875294,0.785550136992983
0.339025899468886,0.780281744871052,0.183573371922612,0.784740927370209
0.337741387845181,0.778225791288286,0.182738052730722,0.783934107698305
0.336466482188222,0.776167817200157,0.181910368767177,0.783129663649854
0.33520107565498,0.774107932471479,0.181090215449451,0.782327581045904
0.333945062975376,0.772046246118708,0.180277490100465,0.781527845853638
0.332698340423528,0.769982866302502,0.179472091905315,0.780730444184088
0.331460805789636,0.767917900320614,0.178673921869185,0.779935362289912
0.330232358352475,0.765851454601084,0.177882882776393,0.779142586563201
0.329012898852476,0.763783634695754,0.177098879150538,0.778352103533342
0.327802329465393,0.761714545274085,0.176321817215719,0.777563899864925
0.326600553776537,0.759644290117281,0.175551604858785,0.77677796235569
0.325407476755557,0.757572972112714,0.174788151592587,0.775994277934519
0.324223004731758,0.755500693248645,0.174031368520208,0.775212833659472
0.323047045369952,0.753427554609242,0.173281168300121,0.774433616715855
0.321879507646808,0.751353656369887,0.172537465112277,0.773656614414334
0.320720301827709,0.749279097792768,0.171800174625063,0.772881814189088
0.319569339444099,0.747203977222762,0.171069213963127,0.772109203595992
0.318426533271293,0.74512839208358,0.170344501676032,0.771338770310847
0.317291797306763,0.743052438874212,0.169625957707715,0.77057050212763
0.316165046748867,0.740976213165622,0.168913503366735,0.769804386956798
0.315046197976025,0.738899809597722,0.168207061297275,0.769040412823608
0.313935168526324,0.736823321876605,0.167506555450885,0.768278567866479
0.312831877077541,0.734746842772047,0.166811911058935,0.767518840335382
0.311736243427579,0.732670464115249,0.166123054605769,0.766761218590269
0.310648188475305,0.730594276796846,0.165439913802527,0.766005691099518
0.309567634201773,0.728518370765157,0.164762417561627,0.765252246438422
0.308494503651834,0.726442835024678,0.164090495971875,0.764500873287698
0.307428720916118,0.724367757634819,0.163424080274198,0.763751560432027
0.306370211113378,0.722293225708873,0.162763102837976,0.763004296758624
0.305318900373194,0.720219325413221,0.162107497137948,0.76225907125583
0.304274715819014,0.718146141966758,0.161457197731693,0.761515873011733
0.303237585551549,0.716073759640548,0.160812140237656,0.760774691212815
0.302207438632487,0.714002261757699,0.160172261313705,0.760035515142624
0.301184205068535,0.711931730693448,0.159537498636211,0.759298334180467
0.300167815795777,0.709862247875463,0.15890779087963,0.758563137800131
0.299158202664342,0.707793893784348,0.158283077696573,0.757829915568629
0.298155298423372,0.705726747954353,0.157663299698355,0.757098657144961
0.297159036706286,0.703660888974282,0.157048398436005,0.756369352278903
0.296169352016328,0.701596394488598,0.156438316381726,0.755641990809817
0.295186179712407,0.699533341198717,0.155832996910797,0.754916562665484
0.294209455995202,0.697471804864487,0.155232384283892,0.754193057860952
0.293239117893536,0.695411860305854,0.154636423629821,0.75347146649741
0.292275103251025,0.693353581404703,0.15404506092867,0.75275177876108
0.291317350712968,0.691297041106876,0.153458242995334,0.752033984922125
0.290365799713503,0.689242311424361,0.152875917463429,0.751318075333583
0.289420390462995,0.687189463437641,0.15229803276958,0.750604040430314
0.288481063935678,0.685138567298219,0.151724538138063,0.749891870727966
0.287547761857521,0.683089692231288,0.151155383565804,0.74918155682196
0.286620426694331,0.681042906538566,0.150590519807718,0.748473089386493
0.285699001640076,0.678998277601272,0.150029898362379,0.747766459173553
0.284783430605432,0.676955871883266,0.14947347145802,0.747061657011961
0.283873658206541,0.674915754934309,0.14892119203884,0.746358673806414
0.282969629753985,0.672877991393483,0.148373013751626,0.745657500536561
0.282071291241956,0.67084264499274,0.147828890932671,0.74495812825608
0.281178589337641,0.668809778560575,0.147288778594982,0.74426054809178
0.280291471370789,0.666779454025843,0.146752632415776,0.743564751242711
0.279409885323486,0.664751732421684,0.146220408724248,0.742870728979297
0.278533779820106,0.662726673889584,0.145692064489612,0.74217847264247
0.277663104117451,0.660704337683544,0.145167557309405,0.741487973642835
0.276797808095078,0.658684782174366,0.144646845398043,0.740799223459834
0.275937842245788,0.656668064854048,0.144129887575628,0.74011221364093
0.275083157666308,0.654654242340291,0.143616643257004,0.739426935800808
0.274233706048122,0.652643370381102,0.143107072441035,0.738743381620576
0.273389439668482,0.650635503859502,0.142601135700136,0.738061542846995
0.272550311381576,0.64863069679833,0.142098794170004,0.737381411291709
0.271716274609858,0.646629002365141,0.141600009539592,0.73670297883049
0.270887283335526,0.64463047287719,0.14110474404128,0.736026237402503
0.270063292092161,0.642635159806509,0.140612960441262,0.735351179009566
0.269244255956515,0.640643113785066,0.140124622030137,0.734677795715442
0.268430130540435,0.638654384609999,0.139639692613698,0.734006079645121
0.267620871982942,0.636669021248936,0.13915813650391,0.733336022984132
0.266816436942446,0.63468707184538,0.138679918510086,0.732667617977852
0.266016782589094,0.63270858372418,0.138205003930238,0.732000856930832
0.26522186659726,0.630733603397049,0.137733358542614,0.731335732206134
0.264431647138158,0.62876217656817,0.137264948597407,0.730672236224673
0.263646082872595,0.626794348139847,0.136799740808642,0.730010361464574
0.26286513294384,0.624830162218226,0.136337702346216,0.729350100460534
0.262088756970623,0.622869662119068,0.135878800828119,0.728691445803202
0.261316915040253,0.620912890373581,0.135423004312801,0.728034390138557
0.260549567701855,0.618959888734294,0.1349702812917,0.727378926167303
0.259786675959726,0.617010698180993,0.134520600681919,0.726725046644272
0.259028201266802,0.615065358926691,0.134073931819055,0.726072744377833
0.258274105518238,0.61312391042365,0.13363024445017,0.725422012229312
0.257524351045097,0.611186391369436,0.133189508726905,0.72477284311242
0.256778900608152,0.609252839713024,0.132751695198728,0.724125229992691
0.256037717391783,0.607323292660927,0.132316774806323,0.723479165886922
0.255300764997988,0.605397786683367,0.131884718875103,0.722834643862631
0.254568007440487,0.603476357520474,0.131455499108862,0.722191657037512
0.253839409138931,0.601559040188512,0.131029087583542,0.721550198578908
0.253114934913205,0.59964586898614,0.130605456741128,0.720910261703286
0.25239454997783,0.597736877500685,0.130184579383664,0.720271839675716
0.25167821993645,0.595832098614449,0.129766428667383,0.719634925809366
0.250965910776427,0.593931564511031,0.129350978096953,0.718999513465
0.250257588863507,0.592035306681669,0.128938201519835,0.71836559605048
0.249553220936587,0.590143355931591,0.128528073120752,0.71773316702028
0.248852774102565,0.588255742386394,0.12812056741626,0.717102219875004
0.248156215831274,0.586372495498425,0.127715659249429,0.716472748160912
0.247463513950502,0.584493644053168,0.127313323784622,0.71584474546945
0.246774636641088,0.582619216175657,0.12691353650238,0.715218205436793
0.246089552432105,0.580749239336878,0.126516273194393,0.714593121743384
0.245408230196118,0.578883740360183,0.126121509958582,0.71396948811349
0.244730639144519,0.577022745427706,0.12572922319426,0.713347298314757
0.244056748822937,0.575166280086785,0.125339389597394,0.712726546157771
0.243386529106729,0.573314369256374,0.124951986155953,0.712107225495634
0.242719950196529,0.571467037233463,0.124566990145339,0.711489330223531
0.242056982613887,0.569624307699489,0.124184379123915,0.710872854278317
0.241397597196966,0.56778620372674,0.123804130928602,0.7102577916381
0.240741765096306,0.565952747784758,0.123426223670569,0.709644136321833
0.240089457770669,0.564123961746736,0.123050635730999,0.709031882388912
0.239440646982934,0.562299866895889,0.122677345756932,0.708421023938782
0.238795304796071,0.560480483931839,0.122306332657186,0.707811555110538
0.238153403569167,0.558665832976967,0.121937575598354,0.707203470082544
0.237514915953524,0.556855933582763,0.121571054000871,0.706596763072048
0.236879814888815,0.555050804736154,0.121206747535158,0.705991428334808
0.236248073599299,0.553250464865823,0.120844636117831,0.705387460164715
0.235619665590095,0.551454931848507,0.120484699907981,0.704784852893435
0.234994564643521,0.549664223015275,0.120126919303522,0.704183600890035
0.23437274481548,0.547878355157788,0.119771274937604,0.703583698560637
0.233754180431909,0.546097344534542,0.11941774767509,0.702985140348054
0.233138846085283,0.544321206877082,0.119066318609099,0.702387920731453
0.232526716631168,0.542549957396198,0.118716969057605,0.701792034225999
0.231917767184835,0.5407836107881,0.118369680560104,0.701197475382526
0.231311973117918,0.539022181240558,0.118024434874333,0.700604238787193
0.230709310055129,0.537265682439028,0.117681213973055,0.700012319061161
0.230109753871021,0.535514127572743,0.117340000040892,0.699421710860258
0.229513280686802,0.533767529340785,0.117000775471219,0.698832408874663
0.228919866867195,0.532025899958115,0.116663522863115,0.698244407828581
0.228329489017347,0.530289251161588,0.116328225018361,0.697657702479934
0.227742123979787,0.528557594215933,0.115994864938493,0.697072287620046
0.227157748831429,0.526830939919698,0.115663425821912,0.696488158073339
0.226576340880613,0.525109298611169,0.11533389106103,0.695905308697025
0.225997877664208,0.523392680174254,0.115006244239484,0.695323734380813
0.225422336944735,0.521681094044336,0.114680469129382,0.694743430046608
0.224849696707556,0.519974549214092,0.114356549688605,0.69416439064822
0.224279935158088,0.518273054239277,0.114034470058154,0.693586611171075
0.223713030719068,0.516576617244473,0.11371421455954,0.693010086631933
0.223148962027856,0.514885245928804,0.113395767692222,0.692434812078602
0.222587707933776,0.513198947571617,0.113079114131082,0.691860782589661
0.222029247495498,0.511517729038119,0.112764238723955,0.691287993274186
0.221473559978464,0.509841596784989,0.112451126489186,0.690716439271477
0.220920624852338,0.508170556865942,0.112139762613241,0.690146115750791
0.220370421788508,0.506504614937261,0.111830132448347,0.689577017911076
0.21982293065762,0.504843776263287,0.111522221510184,0.689009140980707
0.21927813152714,0.503188045721876,0.111216015475603,0.688442480217231
0.218736004658967,0.501537427809811,0.110911500180391,0.687877030907107
0.218196530507064,0.499891926648178,0.110608661617069,0.687312788365456
0.217659689715138,0.498251545987702,0.110307485932726,0.686749747935808
0.217125463114344,0.496616289214041,0.110007959426897,0.686187904989858
0.216593831721023,0.494986159353043,0.109710068549459,0.685627254927221
0.21606477673448,0.493361159075958,0.109413799898582,0.685067793175189
0.215538279534785,0.491741290704614,0.109119140218696,0.684509515188494
0.215014321680611,0.490126556216547,0.108826076398504,0.683952416449071
0.2144928849071,0.488516957250092,0.10853459546902,0.683396492465826
0.213973951123762,0.486912495109437,0.108244684601642,0.682841738774406
0.213457502412402,0.485313170769623,0.107956331106255,0.682288150936968
0.212943521025078,0.483718984881516,0.107669522429364,0.681735724541958
0.212431989382084,0.482129937776727,0.107384246152261,0.681184455203886
0.211922890069968,0.480546029472493,0.107100489989218,0.680634338563106
0.211416205839573,0.478967259676517,0.106818241785707,0.680085370285597
0.210911919604109,0.477393627791768,0.106537489516657,0.679537546062754
0.210410014437246,0.475825132921223,0.106258221284725,0.678990861611164
0.209910473571241,0.474261773872591,0.105980425318613,0.678445312672408
0.20941328039509,0.472703549162974,0.105704089971391,0.677900895012844
0.208918418452697,0.471150457023493,0.105429203718864,0.677357604423404
0.208425871441084,0.469602495403871,0.105155755157955,0.676815436719393
0.20793562320861,0.468059661976971,0.104883733005117,0.676274387740284
0.207447657753225,0.466521954143296,0.104613126094768,0.67573445334952
0.206961959220745,0.46498936903544,0.104343923377753,0.675195629434319
0.206478511903151,0.463461903522497,0.104076113919829,0.674657911905478
0.20599730023691,0.461939554214432,0.103809686900171,0.674121296697179
0.20551830880132,0.460422317466401,0.103544631609907,0.673585779766803
0.20504152231688,0.458910189383042,0.103280937450671,0.673051357094736
0.204566925643677,0.457403165822702,0.103018593933176,0.672518024684185
0.204094503779802,0.455901242401643,0.102757590675819,0.671985778560997
0.203624241859778,0.454404414498191,0.102497917403297,0.671454614773471
0.203156125153022,0.452912677256848,0.10223956394525,0.670924529392181
0.202690139062315,0.45142602559236,0.101982520234922,0.670395518509796
0.202226269122302,0.449944454193747,0.101726776307846,0.669867578240907
0.201764500998006,0.448467957528281,0.101472322300542,0.669340704721846
0.201304820483368,0.44699652984543,0.101219148449246,0.668814894110518
0.2008472134998,0.445530165180761,0.100967245088647,0.668290142586231
0.200391666094764,0.444068857359793,0.100716602650647,0.667766446349521
0.19993816444036,0.442612600001815,0.100467211663146,0.667243801621989
0.199486694831951,0.441161386523661,0.100219062748833,0.666722204646137
0.199037243686782,0.439715210143442,0.099972146624009,0.666201651685198
0.19858979754264,0.438274063884237,0.0997264540974135,0.66568213902298
0.198144343056515,0.436837940577745,0.09948197606908,0.6651636629637
0.197700867003292,0.435406832867893,0.0992387035292035,0.664646219831832
0.197259356274446,0.433980733214406,0.0989966275570242,0.664129805971941
0.196819797876769,0.432559633896334,0.0987557393197297,0.663614417748535
0.196382178931104,0.43114352701554,0.0985160300713727,0.663100051545908
0.195946486671097,0.429732404500149,0.0982774911518045,0.662586703767987
0.195512708441967,0.428326258107952,0.0980401139856243,0.662074370838181
0.195080831699294,0.426925079429779,0.0978038900811441,0.661563049199235
0.194650844007819,0.425528859892821,0.0975688110293681,0.661052735313077
0.194222733040258,0.424137590763925,0.0973348685029883,0.660543425660676
0.19379648657614,0.42275126315284,0.0971020542553932,0.660035116741896
0.193372092500649,0.421369868015426,0.0968703601196918,0.659527805075349
0.192949538803491,0.419993396156835,0.0966397780077517,0.65902148719826
0.192528813577767,0.418621838234632,0.0964102999092511,0.658516159666322
0.192109905018867,0.417255184761903,0.0961819178907437,0.658011819053557
0.191692801423373,0.415893426110303,0.0959546240947384,0.657508461952179
0.191277491187982,0.414536552513084,0.0957284107387912,0.657006084972459
0.190863962808437,0.413184554068069,0.0955032701146102,0.656504684742587
0.190452204878474,0.411837420740607,0.095279194587174,0.656004257908541
0.190042206088784,0.410495142366473,0.095056176593862,0.655504801133954
0.189633955225985,0.409157708654745,0.0948342086435976,0.655006311099983
0.189227441171608,0.407825109190639,0.0946132833160026,0.654508784505178
0.188822652901099,0.406497333438304,0.094393393260565,0.654012218065357
0.188419579482829,0.405174370743594,0.0941745311958174,0.653516608513474
0.188018210077118,0.403856210336784,0.0939566899085272,0.653021952599497
0.187618533935274,0.402542841335274,0.093739862252899,0.652528247090281
0.187220540398637,0.40123425274624,0.0935240411497866,0.652035488769447
0.186824218897647,0.399930433469258,0.0933092195859176,0.651543674437255
0.18642955895091,0.398631372298893,0.0930953906131279,0.651052800910488
0.186036550164283,0.397337057927252,0.0928825473476072,0.65056286502233
0.185645182229973,0.396047478946506,0.0926706829691546,0.650073863622247
0.185255444925638,0.394762623851372,0.0924597907204452,0.649585793575868
0.18486732811351,0.393482481041572,0.0922498639063061,0.649098651764872
0.184480821739519,0.392207038824249,0.0920408958930031,0.648612435086869
0.184095915832436,0.390936285416354,0.0918328801075361,0.648127140455287
0.183712600503018,0.389670208947003,0.0916258100369457,0.647642764799261
0.183330865943174,0.388408797459797,0.0914196792276284,0.647159305063515
0.182950702425132,0.387152038915113,0.0912144812846603,0.646676758208257
0.182572100300619,0.385899921192365,0.0910102098711324,0.646195121209067
0.182195050000055,0.384652432092227,0.0908068587074924,0.645714391056785
0.181819542031749,0.383409559338833,0.0906044215708972,0.645234564757408
0.181445566981113,0.382171290581939,0.090402892294573,0.644755639331978
0.181073115509882,0.380937613399064,0.090202264767185,0.64427761181648
0.180702178355339,0.379708515297585,0.090002532932215,0.643800479261736
0.180332746329559,0.378483983716822,0.0898036907873474,0.643324238733297
0.179964810318652,0.377264006030076,0.0896057323838639,0.642848887311347
0.179598361282024,0.376048569546646,0.0894086518260454,0.642374422090595
0.179233390251638,0.374837661513818,0.0892124432705829,0.641900840180175
0.178869888331294,0.373631269118821,0.0890171009259959,0.641428138703549
0.178507846695907,0.372429379490755,0.088822619052058,0.640956314798404
0.178147256590803,0.371231979702495,0.0886289919592311,0.640485365616555
0.177788109331015,0.37003905677256,0.088436214008106,0.640015288323846
0.177430396300596,0.368850597666963,0.0882442796088514,0.639546080100056
0.177074108951933,0.367666589301025,0.0880531832206694,0.639077738138803
0.176719238805072,0.366487018541168,0.0878629193512586,0.638610259647444
0.176365777447051,0.365311872206678,0.0876734825562845,0.638143641846988
0.176013716531241,0.364141137071444,0.0874848674388556,0.637677881972
0.175663047776693,0.362974799865665,0.087297068649008,0.637212977270507
0.175313762967499,0.361812847277541,0.0871100808831953,0.636748925003907
0.174965853952148,0.360655265954929,0.0869238988837864,0.636285722446881
0.174619312642902,0.359502042506977,0.0867385174385688,0.635823366887299
0.174274131015174,0.358353163505733,0.0865539313802584,0.635361855626135
0.173930301106915,0.357208615487729,0.0863701355860167,0.634901185977376
0.173587815018,0.356068384955543,0.0861871249769729,0.634441355267935
0.173246664909638,0.354932458379331,0.0860048945177528,0.633982360837565
0.172906843003771,0.353800822198334,0.0858234392160139,0.633524200038771
0.172568341582491,0.352673462822377,0.085642754121986,0.633066870236727
0.172231152987459,0.35155036663332,0.0854628343280182,0.632610368809193
0.171895269619335,0.350431519986504,0.0852836749681307,0.632154693146425
0.171560683937207,0.349316909212168,0.085105271217574,0.631699840651098
0.171227388458036,0.348206520616843,0.0849276182923919,0.631245808738223
0.1708953757561,0.347100340484724,0.084750711448991,0.630792594835062
0.170564638462449,0.345998355079019,0.0845745459837159,0.630340196381051
0.170235169264359,0.344900550643278,0.0843991172324286,0.629888610827715
0.169906960904807,0.343806913402697,0.0842244205700947,0.629437835638597
0.169580006181932,0.342717429565405,0.0840504514103735,0.628987868289169
0.169254297948519,0.341632085323726,0.0838772052052139,0.628538706266761
0.16892982911148,0.340550866855419,0.0837046774444556,0.62809034707048
0.168606592631346,0.339473760324905,0.0835328636554343,0.627642788211138
0.168284581521757,0.338400751884464,0.0833617594025932,0.627196027211167
0.167963788848968,0.337331827675417,0.0831913602870978,0.626750061604555
0.16764420773135,0.336266973829285,0.0830216619464568,0.626304888936762
0.167325831338909,0.335206176468934,0.0828526600541468,0.625860506764648
0.167008652892795,0.334149421709695,0.0826843503192427,0.625416912656402
0.166692665664832,0.333096695660464,0.0825167284860509,0.624974104191469
0.16637786297704,0.332047984424789,0.0823497903337489,0.624532078960474
0.166064238201173,0.331003274101933,0.0821835316760281,0.624090834565154
0.165751784758257,0.329962550787918,0.0820179483607418,0.623650368618284
0.165440496118129,0.328925800576556,0.0818530362695565,0.62321067874361
0.165130365798992,0.327893009560457,0.0816887913176083,0.622771762575775
0.164821387366964,0.326864163832021,0.0815252094531636,0.622333617760254
0.164513554435639,0.325839249484411,0.0813622866572832,0.621896241953279
0.16420686066565,0.324818252612513,0.0812000189434907,0.621459632821781
0.163901299764237,0.323801159313868,0.0810384023574454,0.62102378804331
0.163596865484819,0.322787955689604,0.0808774329766187,0.620588705305978
0.163293551626576,0.321778627845335,0.0807171069099745,0.620154382308388
0.162991352034024,0.320773161892053,0.0805574202976532,0.619720816759567
0.162690260596608,0.319771543946998,0.0803983693106605,0.619288006378905
0.162390271248293,0.318773760134517,0.0802399501505581,0.618855948896084
0.162091377967155,0.317779796586907,0.0800821590491604,0.618424642051021
0.161793574774987,0.316789639445232,0.0799249922682324,0.617994083593798
0.161496855736901,0.315803274860145,0.0797684460991936,0.617564271284601
0.161201214960935,0.314820688992667,0.0796125168628235,0.617135202893658
0.160906646597669,0.31384186801498,0.0794572009089712,0.616706876201174
0.160613144839841,0.312866798111183,0.0793024946162692,0.616279288997275
0.16032070392197,0.311895465478044,0.0791483943918496,0.61585243908194
0.160029318119978,0.310927856325735,0.078994896671064,0.615426324264944
0.159738981750822,0.309963956878554,0.0788419979172069,0.615000942365796
0.159449689172128,0.309003753375628,0.0786896946212419,0.614576291213683
0.159161434781826,0.308047232071611,0.0785379833015314,0.614152368647403
0.158874213017791,0.307094379237358,0.0783868605035698,0.613729172515316
0.158588018357493,0.306145181160592,0.0782363227997191,0.613306700675277
0.15830284531764,0.30519962414656,0.0780863667889478,0.612884950994584
0.158018688453833,0.304257694518665,0.0779369890965737,0.612463921349917
0.157735542360221,0.303319378619096,0.077788186374008,0.612043609627282
0.157453401669164,0.302384662809444,0.0776399552985042,0.611624013721957
0.157172261050893,0.301453533471295,0.0774922925729085,0.611205131538431
0.156892115213178,0.300525977006823,0.0773451949254137,0.610786960990353
0.156612958900999,0.299601979839368,0.0771986591093163,0.610369500000473
0.15633478689622,0.298681528413993,0.0770526819027752,0.609952746500591
0.156057594017267,0.297764609198041,0.0769072601085745,0.6095366984315
0.155781375118805,0.296851208681673,0.0767623905538885,0.609121353742933
0.155506125091427,0.295941313378395,0.0766180700900489,0.608706710393508
0.15523183886134,0.295034909825579,0.0764742955923153,0.608292766350678
0.154958511390053,0.294131984584964,0.0763310639596482,0.607879519590676
0.154686137674075,0.293232524243154,0.0761883721144844,0.607466968098463
0.154414712744606,0.292336515412099,0.0760462170025153,0.607055109867678
0.154144231667246,0.291443944729568,0.0759045955924667,0.606643942900584
0.153874689541689,0.290554798859615,0.075763504875883,0.606233465208017
0.153606081501437,0.289669064493024,0.0756229418669115,0.605823674809339
0.153338402713503,0.288786728347756,0.0754829036020912,0.605414569732383
0.153071648378128,0.287907777169378,0.0753433871401426,0.605006148013406
0.152805813728494,0.287032197731482,0.0752043895617606,0.604598407697039
0.152540894030443,0.286159976836101,0.0750659079694091,0.604191346836238
0.152276884582199,0.285291101314105,0.0749279394871189,0.603784963492233
0.152013780714089,0.284425558025598,0.0747904812602867,0.603379255734484
0.151751577788274,0.283563333860296,0.0746535304554768,0.60297422164063
0.151490271198473,0.282704415737904,0.0745170842602256,0.602569859296441
0.151229856369701,0.281848790608475,0.074381139882847,0.602166166795772
0.150970328758001,0.28099644545277,0.0742456945522417,0.601763142240516
0.150711683850184,0.280147367282602,0.0741107455177065,0.601360783740558
0.150453917163563,0.279301543141173,0.0739762900487474,0.600959089413727
0.150197024245706,0.278458960103401,0.0738423254348941,0.600558057385752
0.149941000674174,0.277619605276245,0.0737088489855167,0.600157685790213
0.149685842056269,0.276783465799011,0.073575858029644,0.599757972768503
0.149431544028791,0.275950528843657,0.0734433499157846,0.599358916469774
0.149178102257786,0.275120781615094,0.0733113220117487,0.5989605150509
0.1489255124383,0.274294211351464,0.0731797717044735,0.598562766676429
0.148673770294145,0.273470805324427,0.0730486963998491,0.598165669518542
0.14842287157765,0.272650550839429,0.0729180935225467,0.597769221757003
0.148172812069431,0.271833435235968,0.0727879605158492,0.597373421579125
0.147923587578152,0.271019445887851,0.072658294841483,0.596978267179721
0.147675193940294,0.270208570203439,0.0725290939794515,0.596583756761062
0.147427627019929,0.269400795625895,0.0724003554278714,0.596189888532837
0.147180882708482,0.268596109633416,0.0722720767028096,0.595796660712109
0.146934956924516,0.267794499739459,0.0721442553381225,0.595404071523275
0.146689845613503,0.266995953492966,0.0720168888852968,0.595012119198023
0.146445544747604,0.266200458478574,0.0718899749132922,0.594620801975291
0.146202050325451,0.265408002316825,0.0717635110083855,0.59423011810123
0.145959358371928,0.264618572664366,0.0716374947740168,0.593840065829159
0.145717464937958,0.263832157214143,0.0715119238306368,0.593450643419525
0.145476366100291,0.263048743695589,0.0713867958155561,0.593061849139868
0.145236057961292,0.262268319874805,0.0712621083827961,0.592673681264776
0.144996536648732,0.261490873554736,0.0711378592029408,0.592286138075847
0.144757798315583,0.260716392575343,0.0710140459629919,0.591899217861655
0.144519839139814,0.259944864813759,0.0708906663662233,0.591512918917703
0.144282655324188,0.259176278184454,0.0707677181320384,0.59112723954639
0.144046243096059,0.258410620639382,0.0706451989958285,0.590742178056974
0.143810598707178,0.25764788016813,0.0705231067088332,0.590357732765529
0.143575718433493,0.256888044798056,0.0704014390380014,0.589973901994911
0.143341598574955,0.256131102594425,0.0702801937658546,0.589590684074721
0.143108235455326,0.255377041660537,0.070159368690351,0.589208077341266
0.142875625421988,0.254625850137854,0.0700389616247515,0.588826080137523
0.142643764845751,0.253877516206116,0.0699189703974864,0.588444690813103
0.142412650120671,0.253132028083455,0.0697993928520249,0.588063907724213
0.14218227766386,0.252389374026507,0.069680226846744,0.587683729233624
0.141952643915303,0.25164954233051,0.0695614702548003,0.587304153710629
0.141723745337678,0.250912521329408,0.0694431209640024,0.586925179531014
0.141495578416172,0.250178299395942,0.0693251768766853,0.586546805077018
0.141268139658307,0.249446864941741,0.0692076359095848,0.5861690287373
0.141041425593759,0.248718206417403,0.0690904959937147,0.585791848906903
0.140815432774187,0.247992312312582,0.0689737550742444,0.585415263987223
0.140590157773055,0.247269171156058,0.0688574111103776,0.58503927238597
0.140365597185463,0.246548771515807,0.0687414620752331,0.584663872517137
0.140141747627974,0.245831101999074,0.0686259059557258,0.584289062800964
0.13991860573845,0.245116151252431,0.0685107407524498,0.583914841663908
0.13969616817588,0.244403907961835,0.0683959644795621,0.583541207538605
0.139474431620219,0.243694360852687,0.0682815751646677,0.583168158863841
0.139253392772218,0.242987498689876,0.0681675708487056,0.582795694084516
0.139033048353268,0.242283310277831,0.0680539495858369,0.582423811651614
0.138813395105234,0.24158178446056,0.0679407094433324,0.582052510022169
0.1385944297903,0.24088291012169,0.0678278485014633,0.581681787659233
0.138376149190808,0.240186676184504,0.0677153648533911,0.581311643031843
0.138158550109102,0.239493071611965,0.0676032566050599,0.580942074614994
0.137941629367373,0.238802085406753,0.0674915218750893,0.580573080889599
0.137725383807507,0.238113706611284,0.0673801587946682,0.580204660342467
0.137509810290931,0.237427924307729,0.0672691655074507,0.579836811466263
0.137294905698462,0.236744727618037,0.067158540169451,0.579469532759487
0.137080666930161,0.236064105703942,0.0670482809489418,0.579102822726432
0.13686709090518,0.235386047766982,0.0669383860263518,0.578736679877164
0.136654174561619,0.234710543048495,0.0668288535941651,0.578371102727485
0.13644191485638,0.234037580829635,0.0667196818568215,0.578006089798905
0.136230308765023,0.233367150431366,0.0666108690306177,0.577641639618614
0.136019353281622,0.232699241214461,0.0665024133436093,0.577277750719447
0.135809045418626,0.232033842579499,0.0663943130355144,0.576914421639861
0.135599382206718,0.231370943966854,0.0662865663576173,0.576551650923903
0.135390360694674,0.230710534856689,0.0661791715726736,0.576189437121178
0.13518197794923,0.230052604768938,0.0660721269548166,0.575827778786826
0.134974231054942,0.229397143263292,0.0659654307894639,0.575466674481489
0.134767117114054,0.228744139939179,0.065859081373225,0.575106122771282
0.134560633246361,0.228093584435742,0.0657530770138106,0.57474612222777
0.134354776589079,0.227445466431817,0.0656474160299421,0.574386671427932
0.134149544296713,0.226799775645903,0.0655420967512613,0.574027768954142
0.133944933540924,0.226156501836135,0.0654371175182433,0.573669413394133
0.133740941510407,0.225515634800251,0.0653324766821074,0.573311603340974
0.133537565410755,0.224877164375559,0.0652281726047307,0.572954337393044
0.133334802464339,0.224241080438899,0.0651242036585623,0.572597614153999
0.133132649910176,0.223607372906605,0.0650205682265376,0.572241432232752
0.132931105003811,0.222976031734463,0.064917264701994,0.571885790243439
0.132730165017191,0.22234704691767,0.064814291488588,0.571530686805401
0.132529827238539,0.221720408490785,0.0647116470002111,0.571176120543147
0.132330088972242,0.221096106527685,0.0646093296609092,0.570822090086338
0.13213094753872,0.220474131141513,0.0645073379048003,0.570468594069754
0.131932400274316,0.219854472484627,0.0644056701759949,0.570115631133271
0.131734444531172,0.219237120748547,0.0643043249285155,0.569763199921832
0.131537077677118,0.218622066163897,0.064203300626219,0.569411299085428
0.13134029709555,0.218009299000351,0.0641025957427169,0.569059927279065
0.131144100185318,0.21739880956657,0.0640022087612995,0.568709083162744
0.130948484360614,0.216790588210144,0.063902138174858,0.568358765401432
0.130753447050857,0.216184625317527,0.0638023824858093,0.568008972665042
0.13055898570058,0.215580911313974,0.0637029402060207,0.567659703628402
0.130365097769323,0.21497943666347,0.0636038098567352,0.567310956971235
0.130171780731519,0.214380191868668,0.0635049899684978,0.566962731378133
0.129979032076388,0.213783167470817,0.0634064790810821,0.566615025538534
0.129786849307829,0.213188354049688,0.0633082757434189,0.566267838146694
0.12959522994431,0.212595742223505,0.0632103785135231,0.565921167901667
0.129404171518767,0.212005322648867,0.0631127859584237,0.565575013507281
0.129213671578494,0.211417086020677,0.0630154966540928,0.565229373672109
0.12902372768504,0.21083102307206,0.0629185091853763,0.564884247109455
0.128834337414109,0.210247124574284,0.0628218221459245,0.564539632537321
0.128645498355453,0.209665381336687,0.062725434138124,0.564195528678388
0.128457208112774,0.209085784206584,0.0626293437730294,0.563851934259995
0.12826946430362,0.208508324069196,0.0625335496702967,0.563508848014112
0.128082264559288,0.207932991847558,0.0624380504581164,0.563166268677319
0.127895606524725,0.207359778502436,0.0623428447731477,0.562824194990784
0.127709487858429,0.206788675032242,0.0622479312604532,0.562482625700239
0.127523906232351,0.206219672472943,0.0621533085734341,0.562141559555958
0.127338859331799,0.205652761897978,0.0620589753737663,0.561800995312737
0.127154344855344,0.205087934418158,0.0619649303313366,0.561460931729868
0.126970360514725,0.204525181181586,0.06187117212418,0.56112136757112
0.126786904034753,0.203964493373558,0.061777699438417,0.560782301604715
0.126603973153219,0.203405862216472,0.0616845109681927,0.560443732603311
0.126421565620802,0.202849278969733,0.0615916054156142,0.560105659343972
0.126239679200979,0.202294734929657,0.0614989814906912,0.559768080608155
0.126058311669929,0.201742221429377,0.0614066379112751,0.559430995181684
0.12587746081645,0.201191729838745,0.061314573403,0.55909440185473
0.125697124441865,0.200643251564234,0.0612227866992232,0.558758299421792
0.125517300359933,0.200096778048836,0.061131276540967,0.558422686681671
0.125337986396766,0.199552300771969,0.0610400416768608,0.558087562437455
0.125159180390738,0.19900981124937,0.0609490808630834,0.557752925496495
0.124980880192398,0.198469301032995,0.0608583928633065,0.557418774670385
0.124803083664389,0.197930761710921,0.0607679764486379,0.557085108774941
0.124625788681359,0.197394184907237,0.060677830397566,0.556751926630185
0.124448993129879,0.196859562281944,0.0605879534959041,0.556419227060318
0.124272694908358,0.19632688553085,0.0604983445367357,0.556087008893706
0.124096891926962,0.195796146385463,0.06040900232036,0.555755270962855
0.123921582107532,0.195267336612888,0.0603199256542382,0.555424012104396
0.1237467633835,0.19474044801572,0.06023111335294,0.555093231159063
0.123572433699813,0.194215472431935,0.0601425642380906,0.554762926971674
0.123398591012848,0.193692401734784,0.0600542771383182,0.554433098391109
0.123225233290335,0.193171227832683,0.0599662508892021,0.554103744270297
0.123052358511282,0.192651942669107,0.0598784843332212,0.55377486346619
0.122879964665888,0.192134538222479,0.0597909763197029,0.553446454839747
0.122708049755475,0.191619006506059,0.0597037257047724,0.553118517255915
0.122536611792406,0.191105339567835,0.0596167313513026,0.552791049583613
0.122365648800011,0.190593529490413,0.0595299921288643,0.552464050695706
0.12219515881251,0.190083568390902,0.0594435069136769,0.552137519468993
0.12202513987494,0.189575448420807,0.05935727458856,0.551811454784186
0.121855590043078,0.189069161765914,0.0592712940428841,0.551485855525893
0.121686507383371,0.188564700646175,0.0591855641725233,0.551160720582598
0.121517889972861,0.1880620573156,0.0591000838798076,0.550836048846642
0.121349735899111,0.18756122406214,0.0590148520734755,0.550511839214208
0.121182043260139,0.187062193207575,0.0589298676686275,0.550188090585302
0.121014810164339,0.186564957107399,0.0588451295866797,0.549864801863735
0.120848034730415,0.186069508150703,0.0587606367553176,0.549541971957103
0.120681715087311,0.185575838760066,0.0586763881084512,0.549219599776773
0.12051584937414,0.185083941391434,0.0585923825861694,0.548897684237863
0.120350435740117,0.184593808534008,0.0585086191346949,0.548576224259228
0.120185472344486,0.184105432710127,0.0584250967063407,0.548255218763436
0.12002095735646,0.183618806475153,0.0583418142594657,0.547934666676759
