"Ambrosiodmus tachygraphus","Xylosandrus crassiusculus","Xylosandrus compactus","Xyleborus xylographus"
0.991272714596177,0.999998076869122,0.9562670533609,0.999938135153853
0.97843492247412,0.999992938854677,0.931915624215977,0.999705384928884
0.963669281680154,0.999984888813442,0.912334169576066,0.999266133155306
0.947708978524295,0.999974074001197,0.895486750388321,0.998598200729079
0.930977556778992,0.999960592698689,0.880507966206367,0.997685125206844
0.913759561586916,0.999944518323723,0.866924260852187,0.996513966063254
0.89626053045646,0.999925909252903,0.85443969575151,0.995074319281475
0.878634945637584,0.999904813807413,0.842853228954625,0.993357785855157
0.861001580923646,0.999881273130078,0.832020172976352,0.991357651909844
0.843452906819295,0.99985532299413,0.821831890057326,0.989068680674947
0.826061325091376,0.999826995012906,0.812204116553525,0.986486968493409
0.808883547591062,0.999796317487786,0.803069791821213,0.983609839440339
0.791963807776069,0.999763316024904,0.794374420675016,0.980435763958116
0.775336294413351,0.999728013997292,0.786072947180483,0.976964292641317
0.759027042249719,0.99969043289984,0.778127573983961,0.973195999547075
0.743055428938204,0.999650592627638,0.770506196994855,0.969132431349815
0.727435377561108,0.999608511698139,0.763181254061493,0.964776059881482
0.71217633348658,0.999564207431194,0.75612886018747,0.960130236399662
0.697284064740882,0.999517696096908,0.749328145998776,0.955199146470607
0.682761322110074,0.9994689930385,0.742760743504509,0.949987764736125
0.668608386293542,0.999418112775445,0.736410380634125,0.944501809108295
0.654823523151902,0.999365069090886,0.730262557464491,0.938747694138212
0.641403363537637,0.999309875106315,0.724304284721437,0.932732483455931
0.628343220815927,0.999252543345872,0.718523870399342,0.926463841292515
0.615637356621362,0.999193085792076,0.712910744016449,0.919949983180782
0.603279203420145,0.999131513934439,0.707455310635124,0.913199625995319
0.591261550899487,0.999067838812104,0.702148828661526,0.906221937539135
0.579576701977307,0.999002071051443,0.696983306819719,0.899026485916959
0.568216603239079,0.998934220899375,0.691951416719362,0.891623188956353
0.557172953809418,0.998864298253016,0.68704641820504,0.884022263949103
0.54643729601292,0.998792312686175,0.682262095258902,0.876234177988539
0.536001090641532,0.998718273473129,0.677592700675914,0.868269599174667
0.525855779201113,0.998642189610025,0.673032908077538,0.860139348949434
0.515992835140113,0.998564069834217,0.668577770100252,0.851854355810144
0.506403805754522,0.998483922641791,0.664222681808493,0.843425610630778
0.497080346204383,0.998401756303485,0.659963348550693,0.83486412379976
0.488014246859574,0.998317578879212,0.65579575761225,0.826180884359097
0.479197455009106,0.998231398231319,0.651716153128067,0.817386821304733
0.470622091813138,0.998143222036739,0.647721013805371,0.808492767181798
0.462280465245702,0.998053057798145,0.643807033079292,0.79950942408202
0.454165079664775,0.997960912854221,0.639971101382492,0.79044733212418
0.446268642551803,0.997866794389122,0.636210290258561,0.781316840472747
0.438584068882354,0.997770709441224,0.632521838089016,0.772128080925071
0.431104483521072,0.99767266491122,0.628903137237085,0.762890944073967
0.423823221975776,0.997572667569625,0.625351722439349,0.753615058030626
0.41673382979569,0.997470724063751,0.621865260299737,0.744309769672599
0.409830060856334,0.997366840924196,0.618441539760043,0.734984128363316
0.403105874737239,0.99726102457089,0.615078463437896,0.725646872073355
0.396555433367644,0.997153281318736,0.61177403973724,0.716306415819459
0.39017309708877,0.997043617382882,0.608526375648474,0.706970842325161
0.383953420258577,0.996932038883659,0.605333670165778,0.697647894796757
0.377891146505483,0.996818551851199,0.602194208257965,0.68834497170027
0.371981203720922,0.996703162229778,0.599106355336888,0.67906912341876
0.366218698866405,0.996585875881885,0.596068552173997,0.669827050664941
0.360598912658582,0.996466698592054,0.59307931022136,0.660625104521209
0.35511729418542,0.99634563607047,0.590137207298437,0.651469287977961
0.349769455497729,0.99622269395637,0.587240883610192,0.642365258841165
0.344551166212667,0.996097877821242,0.584389038065913,0.633318333881468
0.339458348159396,0.995971193171857,0.581580424871418,0.624333494099577
0.334487070091513,0.995842645453127,0.578813850370205,0.615415390985967
0.329633542486185,0.995712240050808,0.576088170111653,0.60656835365713
0.324894112445921,0.995579982294067,0.573402286126642,0.597796396755349
0.320265258715496,0.995445877457903,0.570755144392925,0.589103229004352
0.31574358682366,0.99530993076545,0.568145732474334,0.580492262318853
0.311325824356837,0.995172147390162,0.565573077319486,0.571966621372068
0.307008816369948,0.995032532457887,0.563036243207005,0.56352915353147
0.302789520937774,0.994891091048836,0.560534329825527,0.555182439079386
0.298665004848793,0.994747828199459,0.558066470477844,0.546928801641337
0.294632439442268,0.994602748904229,0.555631830399525,0.538770318751377
0.290689096588294,0.994455858117339,0.553229605183236,0.530708832489815
0.286832344809744,0.994307160754325,0.550859019300752,0.522745960134767
0.283059645544326,0.994156661693603,0.548519324715381,0.514883104774802
0.279368549544452,0.994004365777946,0.546209799578128,0.507121465835566
0.275756693412148,0.993850277815888,0.54392974700154,0.499462049478557
0.272221796265919,0.993694402583067,0.541678493905636,0.49190567883537
0.26876165653619,0.993536744823504,0.539455389930837,0.484453004045392
0.265374148885759,0.993377309250834,0.537259806413218,0.47710451206949
0.26205722125154,0.993216100549474,0.535091135417767,0.469860536256341
0.258808892003813,0.99305312337575,0.532948788825716,0.462721265641914
0.255627247219084,0.992888382358965,0.530832197472289,0.455686753966189
0.252510438062703,0.992721882102436,0.528740810331538,0.448756928394433
0.249456678277343,0.992553627184471,0.526674093745142,0.441931597933343
0.246464241773495,0.992383622159321,0.524631530692349,0.435210461535039
0.243531460318189,0.992211871558084,0.522612620098397,0.428593115884341
0.240656721318184,0.992038379889572,0.520616876178983,0.42207906286694
0.23783846569399,0.991863151641151,0.518643827818521,0.415667716717992
0.235075185841123,0.991686191279536,0.516693017980088,0.409358410852412
0.232365423675132,0.991507503251562,0.514764003145126,0.403150404379634
0.22970776875699,0.991327091984926,0.512856352781082,0.397042888306931
0.227100856495592,0.991144961888893,0.510969648835321,0.391034991436512
0.224543366424163,0.990961117354982,0.509103485253743,0.385125785962587
0.222034020547518,0.990775562757619,0.507257467522672,0.379314292775426
0.219571581757201,0.99058830245477,0.505431212232636,0.373599486480079
0.217154852311661,0.990399340788549,0.503624346662809,0.367980300138022
0.214782672378704,0.990208682085802,0.501836508384918,0.362455629740402
0.212453918637578,0.990016330658668,0.500067344885529,0.357024338421901
0.210167502938157,0.989822290805123,0.498316513205683,0.351685260424484
0.207922371014775,0.989626566809499,0.496583679596928,0.346437204820465
0.205717501252378,0.989429162942989,0.494868519192841,0.341278959004404
0.203551903502737,0.98923008346413,0.493170715695215,0.336209291963379
0.201424617948579,0.989029332619268,0.491489961074114,0.331226957335155
0.199334714013577,0.988826914643011,0.489825955281059,0.326330696263687
0.197281289316208,0.988622833758659,0.488178405974666,0.321519240061269
0.195263468665614,0.988417094178622,0.48654702825807,0.316791312686496
0.193280403097636,0.988209700104827,0.484931544427539,0.312145633047021
0.191331268949301,0.988000655729101,0.483331683731703,0.307580917135866
0.189415266970116,0.987789965233549,0.481747182140851,0.303095880009813
0.187531621468567,0.987577632790916,0.4801777821258,0.298689237618185
0.18567957949233,0.987363662564935,0.47862323244586,0.294359708490013
0.183858410040741,0.987148058710664,0.477083287945435,0.290106015287362
0.182067403308142,0.986930825374809,0.475557709358843,0.285926886232276
0.180305869956794,0.986711966696041,0.474046263122967,0.281821056414548
0.178573140418076,0.986491486805297,0.472548721197335,0.277787268987208
0.176868564220791,0.986269389826072,0.471064860891302,0.273824276256368
0.17519150934541,0.986045679874702,0.469594464697979,0.269930840671745
0.173541361603157,0.985820361060635,0.468137320134601,0.266105735723936
0.171917524038893,0.985593437486696,0.466693219589034,0.262347746754214
0.17031941635679,0.985364913249338,0.465261960172129,0.258655671682371
0.168746474367838,0.985134792438892,0.463843343575672,0.255028321657838
0.167198149458265,0.984903079139799,0.462437175935661,0.251464521639073
0.165673908078005,0.984669777430841,0.461043267700672,0.247963110905954
0.164173231248371,0.984434891385361,0.459661433505097,0.244522943509671
0.162695614088138,0.984198425071477,0.458291492047026,0.241142888664364
0.16124056535727,0.983960382552289,0.456933265970573,0.23782183108453
0.159807607017569,0.983720767886074,0.455586581752452,0.234558671272031
0.158396273809542,0.983479585126482,0.454251269592626,0.231352325756263
0.157006112844821,0.98323683832272,0.452927163308834,0.228201727290918
0.155636683213515,0.982992531519731,0.451614100234855,0.225105825010515
0.154287555605859,0.982746668758365,0.450311921122335,0.222063584549725
0.152958311947602,0.98249925407555,0.449020470046024,0.219073988128328
0.151648545048572,0.982250291504449,0.447739594312303,0.216136034604474
0.15035785826388,0.981999785074619,0.446469144370836,0.213248739498754
0.149085865167262,0.981747738812156,0.445208973729234,0.210411134991435
0.147832189236074,0.981494156739846,0.443958938870615,0.207622269895081
0.146596463547472,0.981239042877302,0.442718899173921,0.204881209604616
0.14537833048533,0.980982401241096,0.4414887168369,0.202187036026781
0.144177441457478,0.980724235844893,0.440268256801639,0.199538847490807
0.142993456622852,0.980464550699575,0.439057386682547,0.196935758641983
0.14182604462816,0.980203349813364,0.43785597669669,0.194376900319739
0.140674882353693,0.979940637191931,0.43666389959639,0.19186141942169
0.139539654667941,0.97967641683852,0.435481030603997,0.189388478755065
0.138420054190642,0.979410692754046,0.434307247348748,0.18695725687677
0.137315781063963,0.979143468937206,0.433142429805637,0.18456694792333
0.136226542731495,0.978874749384576,0.431986460236221,0.182216761431789
0.13515205372475,0.978604538090707,0.430839223131275,0.179905922152637
0.134092035456885,0.978332839048223,0.429700605155253,0.177633669855714
0.133046216023376,0.978059656247905,0.428570495092454,0.175399259129998
0.132014330009375,0.97778499367878,0.427448783794858,0.173201959178105
0.1309961183035,0.977508855328205,0.426335364131555,0.171041053606269
0.129991327917812,0.977231245181942,0.425230130939714,0.16891584021052
0.128999711813759,0.976952167224241,0.424132980977034,0.166825630759721
0.128021028733847,0.976671625437908,0.423043812875622,0.164769750776061
0.127055043038835,0.976389623804378,0.421962527097253,0.162747539313583
0.126101524550257,0.976106166303782,0.420889025889955,0.160758348735251
0.12516024839805,0.975821256915014,0.419823213245872,0.158801544489034
0.124230994873135,0.975534899615787,0.418764994860373,0.156876504883446
0.123313549284736,0.975247098382702,0.417714278092342,0.154982620862945
0.122407701822284,0.974957857191296,0.416670971925621,0.153119295783549
0.121513247421742,0.974667180016102,0.415634986931573,0.151285945189011
0.120629985636172,0.974375070830699,0.414606235232704,0.14948199658786
0.119757720510414,0.974081533607761,0.413584630467331,0.147706889231575
0.118896260459713,0.973786572319105,0.412570087755244,0.145960073894159
0.118045418152161,0.97349019093574,0.411562523664339,0.144241012653324
0.117205010394818,0.973192393427902,0.410561856178179,0.142549178673511
0.116374858023378,0.972893183765101,0.409568004664468,0.140884055990917
0.115554785795255,0.97259256591616,0.408580889844384,0.139245139300703
0.114744622285977,0.972290543849246,0.407600433762768,0.137631933746519
0.113944199788759,0.971987121531912,0.406626559759119,0.136043954712498
0.113153354217158,0.971682302931125,0.405659192439385,0.134480727617815
0.112371925010689,0.971376092013301,0.404698257648517,0.132941787713925
0.111599755043313,0.97106849274433,0.403743682443756,0.13142667988456
0.110836690534685,0.970759509089606,0.402795395068638,0.129934958448575
0.110082580964084,0.970449145014052,0.401853324927698,0.12846618696569
0.109337278986914,0.970137404482148,0.400917402561832,0.127019938045201
0.108600640353704,0.969824291457947,0.399987559624314,0.125595793157691
0.107872523831508,0.969509809905099,0.399063728857444,0.124193342449782
0.107152791127649,0.969193963786875,0.398145844069799,0.122812184561967
0.106441306815687,0.968876757066175,0.397233840114077,0.121451926449517
0.105737938263586,0.968558193705556,0.396327652865511,0.12011218320651
0.105042555563962,0.968238277667236,0.395427219200838,0.118792577892957
0.104355031466376,0.967917012913118,0.394532476977803,0.117492741365055
0.103675241311576,0.967594403404793,0.393643365015186,0.116212312108542
0.103003062967658,0.967270453103558,0.392759823073332,0.114950936075158
0.102338376768042,0.966945165970423,0.391881791835167,0.113708266522194
0.101681065451241,0.96661854596612,0.391009212887698,0.11248396385512
0.10103101410234,0.966290597051108,0.390142028703961,0.111277695473257
0.100388110096142,0.965961323185583,0.389280182625429,0.110089135618486
0.0997522430419191,0.96563072832948,0.388423618844839,0.108917965226957
0.099123304729725,0.96529881644248,0.387572282389454,0.107763871783775
0.0985011890782119,0.964965591484007,0.386726119104725,0.106626549180624
0.0978857920839073,0.964631057413237,0.385885075638349,0.10550569757631
0.0972770117719041,0.964295218189092,0.385049099424719,0.104401023260167
0.0966747481479175,0.963958077770244,0.384218138669738,0.103312238518314
0.0960789031516669,0.963619640115111,0.383392142336006,0.102239061502696
0.0954893806115405,0.963279909181857,0.382571060128354,0.101181216102901
0.0949060862005028,0.962938888928387,0.38175484247972,0.100138431820686
0.0943289273932057,0.962596583312342,0.380943440537363,0.0991104436471835
0.0937578134242663,0.962252996291096,0.380136806149396,0.0980969919427476
0.0931926552476739,0.96190813182175,0.379334891851634,0.0970978223193876
0.0926333654972939,0.961561993861122,0.378537650854755,0.0961126855257576
0.0920798584484317,0.961214586365743,0.377745037031742,0.0951413373346466
0.0915320499804268,0.960865913291847,0.376957004905636,0.0941835384329362
0.0909898575402438,0.960515978595362,0.37617350963755,0.0932390543139729
0.0904532001070309,0.960164786231899,0.375394507014967,0.092307655172317
0.0899219981576164,0.959812340156742,0.374619953440305,0.0913891158008209
0.0893961736329147,0.959458644324836,0.373849805919735,0.0904832154899931
0.088875649905215,0.959103702690778,0.373084022052252,0.0895897379296058
0.088360351746325,0.958747519208797,0.372322560018996,0.0887084711124992
0.0878502052965453,0.958390097832748,0.371565378572805,0.087839207240543
0.0873451380344496,0.958031442516093,0.370812437028003,0.0869817426327075
0.0868450787474461,0.957671557211889,0.370063695250415,0.0861358776352068
0.0863499575030977,0.957310445872768,0.369319113647601,0.0853014165336672
0.0858597056211786,0.956948112450928,0.3685786531593,0.08447816746728
0.0853742556464448,0.956584560898108,0.367842275248093,0.0836659423448995
0.0848935413221,0.956219795165579,0.367109941890255,0.0828645567630431
0.084417497563933,0.955853819204119,0.366381615566818,0.082073829925753
0.0839460604351107,0.955486636963999,0.365657259254817,0.0812935845662797
0.0834791671216063,0.955118252394962,0.364936836418731,0.080523646870551
0.0830167559082427,0.954748669446206,0.364220311002103,0.0797638464023816
0.0825587661553376,0.954377892066359,0.363507647419336,0.079014016030392
0.0821051382759278,0.954005924203465,0.362798810547669,0.0782739918565928
0.0816558137135616,0.953632769804959,0.362093765719319,0.077543613146603
0.0812107349206392,0.953258432817646,0.361392478713786,0.0768227222614627
0.0807698453372866,0.95288291718768,0.360694915750322,0.0761111645910037
0.0803330893707496,0.95250622686054,0.360001043480559,0.0754087884887471
0.0799004123752912,0.952128365781012,0.359310828981282,0.0747154452082894
0.0794717606325791,0.95174933789316,0.35862423974736,0.074030988841144
0.0790470813325502,0.951369147140305,0.357941243684818,0.0733552762560076
0.0786263225547384,0.950987797465002,0.357261809104052,0.0726881670394154
0.0782094332500513,0.950605292809014,0.356585904713181,0.0720295234377559
0.0777963632229872,0.950221637113289,0.355913499611539,0.0713792103006127
0.0773870631142764,0.949836834317933,0.35524456328329,0.0707370950254022
0.0769814843839372,0.949450888362185,0.354579065591183,0.0701030475032795
0.0765795792947348,0.949063803184395,0.353916976770422,0.0694769400662796
0.0761813008960328,0.948675582721992,0.353258267422667,0.0688586474356696
0.0757866030080247,0.94828623091146,0.352602908510147,0.0682480466714783
0.0753954402063378,0.947895751688313,0.351950871349898,0.0676450171231812
0.0750077678069977,0.947504148987068,0.351302127608105,0.0670494403815086
0.0746235418517436,0.947111426741214,0.350656649294566,0.0664612002313555
0.0742427190936864,0.946717588883187,0.35001440875726,0.0658801826057637
0.0738652569832992,0.946322639344343,0.349375378677016,0.0653062755409518
0.0734911136547318,0.945926582054929,0.348739532062294,0.0647393691323702
0.0731202479124404,0.945529420944053,0.348106842244066,0.0641793554917535
0.0727526192181255,0.945131159939659,0.347477282870788,0.0636261287051505
0.0723881876779673,0.944731802968494,0.34685082790348,0.0630795847919068
0.0720269140301527,0.944331353956082,0.346227451610893,0.0625396216645755
0.0716687596326871,0.943929816826692,0.345607128564769,0.062006139089739
0.0713136864514805,0.943527195503311,0.344989833635193,0.0614790386497154
0.0709616570487041,0.943123493907615,0.344375541986036,0.0609582237051317
0.0706126345714081,0.942718715959934,0.343764229070475,0.0604435993583409
0.070266582740395,0.942312865579226,0.343155870626608,0.0599350724176655
0.0699234658393418,0.941905946683048,0.342550442673142,0.0594325513624454
0.0695832487041649,0.941497963187519,0.341947921505169,0.0589359463088735
0.0692458967126201,0.941088919007298,0.341348283690017,0.0584451689765965
0.0689113757741336,0.940678818055546,0.340751506063177,0.0579601326560678
0.0685796523198572,0.940267664243898,0.340157565724306,0.0574807521766302
0.0682506932929423,0.939855461482431,0.339566440033308,0.0570069438753145
0.0679244661390267,0.939442213679634,0.338978106606478,0.0565386255663335
0.0676009387969289,0.939027924742376,0.338392543312724,0.0560757165112578
0.0672800796895462,0.938612598575872,0.337809728269859,0.0556181373898569
0.066961857714949,0.938196239083655,0.337229639840949,0.055165810271587
0.0666462422376686,0.937778850167541,0.33665225663074,0.0547186585877147
0.0663332030801718,0.9373604357276,0.336077557482145,0.0542766071040571
0.0660227105145209,0.936940999662121,0.335505521472788,0.0538395818943272
0.065714735254209,0.936520545867582,0.33493612791162,0.0534075103140671
0.065409248446173,0.936099078238614,0.334369356335588,0.0529803209751582
0.0651062216629743,0.935676600667976,0.333805186506365,0.0525579437208929
0.0648056268951465,0.935253117046514,0.333243598407143,0.0521403096015941
0.0645074365437045,0.934828631263134,0.332684572239469,0.0517273508507713
0.0642116234128117,0.934403147204767,0.332128088420157,0.0513190008617992
0.063918160702601,0.933976668756337,0.331574127578232,0.0509151941651071
0.063627022002147,0.933549199800727,0.331022670551946,0.0505158664058671
0.0633381812825836,0.933120744218749,0.330473698385834,0.0501209543221685
0.0630516128903663,0.932691305889109,0.329927192327828,0.0497303957236686
0.0627672915406731,0.932260888688372,0.329383133826415,0.0493441294707069
0.0624851923109431,0.931829496490934,0.328841504527848,0.0489620954538735
0.0622052906345469,0.931397133168983,0.328302286273407,0.0485842345740187
0.0619275622945887,0.930963802592472,0.327765461096698,0.0482104887226974
0.0616519834178339,0.93052950862908,0.327231011221009,0.047840800763033
0.0613785304687624,0.930094255144184,0.326698919056704,0.0474751145109957
0.0611071802437416,0.929658046000821,0.326169167198662,0.0471133747170825
0.0608379098653179,0.929220885059659,0.325641738423761,0.0467555270483908
0.0605706967766251,0.92878277617896,0.325116615688404,0.0464015180710762
0.0603055187359037,0.928343723214548,0.324593782126087,0.0460512952331854
0.0600423538111321,0.927903730019778,0.324073221045003,0.0457048068478559
0.0597811803747647,0.9274628004455,0.323554915925694,0.0453620020768734
0.0595219770985749,0.927020938340025,0.323038850418735,0.045022830914579
0.059264722948602,0.926578147549094,0.322525008342459,0.0446872441721175
0.0590093971801975,0.926134431915844,0.322013373680724,0.0443551934620211
0.0587559793331705,0.925689795280774,0.321503930580704,0.0440266311831165
0.0585044492270276,0.92524424148171,0.320996663350733,0.0437015105057532
0.0582547869563088,0.924797774353777,0.32049155645817,0.0433797853573405
0.0580069728860123,0.92435039772936,0.319988594527309,0.0430614104081908
0.0577609876471115,0.923902115438072,0.319487762337314,0.042746341057658
0.0575168121321575,0.923452931306725,0.318989044820197,0.042434533420567
0.0572744274909684,0.923002849159289,0.318492427058819,0.0421259443139271
0.0570338151264019,0.922551872816868,0.31799789428493,0.0418205312439218
0.0567949566902096,0.922100006097658,0.31750543187724,0.0415182523931697
0.0565578340789715,0.92164725281692,0.317015025359516,0.0412190666082501
0.0563224294301085,0.921193616786943,0.316526660398713,0.0409229333874866
0.0560887251179719,0.920739101817014,0.316040322803136,0.0406298128689849
0.0558567037500064,0.920283711713382,0.315555998520628,0.0403396658189153
0.0556263481629885,0.919827450279229,0.315073673636789,0.0400524536200388
0.055397641419334,0.919370321314631,0.31459333437322,0.0397681382604675
0.0551705668034774,0.918912328616531,0.314114967085798,0.0394866823226573
0.0549451078183186,0.918453475978703,0.313638558262975,0.0392080489726238
0.054721248181737,0.917993767191721,0.313164094524109,0.0389322019493805
0.0544989718231715,0.917533206042922,0.312691562617811,0.0386591055545915
0.0542782628802637,0.917071796316381,0.312220949420331,0.0383887246424352
0.0540591056955648,0.916609541792869,0.311752241933953,0.0381210246096731
0.0538414848133036,0.916146446249829,0.311285427285431,0.0378559713859207
0.0536253849762137,0.915682513461338,0.310820492724439,0.0375935314241149
0.0534107911224212,0.915217747198076,0.310357425622044,0.0373336716911734
0.0531976883823882,0.914752151227295,0.309896213469211,0.0370763596588429
0.0529860620759139,0.914285729312786,0.30943684387532,0.0368215632947309
0.0527758977091901,0.913818485214845,0.308979304566715,0.0365692510535169
0.0525671809719109,0.913350422690243,0.308523583385268,0.0363193918683404
0.0523598977344352,0.912881545492194,0.30806966828697,0.0360719551423605
0.0521540340450008,0.91241185737032,0.307617547340538,0.0358269107404833
0.0519495761269897,0.911941362070626,0.307167208726047,0.0355842289812545
0.0517465103762418,0.911470063335458,0.306718640733582,0.0353438806289127
0.0515448233584186,0.910997964903482,0.306271831761909,0.0351058368855996
0.051344501806413,0.910525070509643,0.305826770317162,0.0348700693837249
0.0511455326178072,0.910051383885142,0.305383445011561,0.0346365501784817
0.0509479028523741,0.909576908757396,0.304941844562133,0.0344052517405081
0.0507515997296259,0.909101648850016,0.304501957789469,0.0341761469486946
0.0505566106264041,0.908625607882766,0.304063773616484,0.033949209083131
0.0503629230745137,0.908148789571541,0.303627281067203,0.0337244118181919
0.0501705247583993,0.907671197628328,0.303192469265566,0.0335017292157577
0.0499794035128613,0.90719283576118,0.302759327434248,0.033281135718566
0.0497895473208134,0.906713707674187,0.302327844893493,0.0330626061436936
0.0496009443110796,0.906233817067437,0.301898011059971,0.0328461156761646
0.0494135827562285,0.905753167636994,0.301469815445647,0.0326316398626817
0.0492274510704474,0.905271763074863,0.30104324765667,0.0324191546054786
0.0490425378074518,0.904789607068962,0.300618297392272,0.0322086361562922
0.0488588316584326,0.904306703303089,0.300194954443693,0.0320000611104479
0.0486763214500377,0.903823055456894,0.299773208693109,0.0317934064010614
0.0484949961423896,0.903338667205849,0.299353050112585,0.0315886492933494
0.0483148448271368,0.902853542221216,0.298934468763038,0.0313857673790502
0.0481358567255383,0.902367684170019,0.298517454793217,0.0311847385709496
0.0479580211865819,0.901881096715014,0.298101998438694,0.0309855410975121
0.0477813276851341,0.901393783514661,0.297688090020876,0.0307881534976129
0.0476057658201217,0.90090574822309,0.297275719946022,0.0305925546153708
0.0474313253127443,0.900416994490076,0.296864878704283,0.0303987235950775
0.0472579960047177,0.89992752596101,0.296455556868747,0.0302066398762235
0.0470857678565465,0.899437346276866,0.296047745094503,0.0300162831886175
0.0469146309458262,0.898946459074175,0.295641434117716,0.029827633547597
0.0467445754655732,0.898454867984997,0.295236614754714,0.0296406712493289
0.0465755917225845,0.897962576636889,0.294833277901092,0.0294553768661982
0.0464076701358234,0.89746958865288,0.294431414530821,0.0292717312422824
0.0462408012348326,0.896975907651441,0.294031015695377,0.0290897154889107
0.0460749756581741,0.896481537246457,0.293632072522874,0.0289093109803045
0.0459101841518953,0.895986481047196,0.293234576217218,0.0287304993493008
0.0457464175680193,0.895490742658287,0.292838518057265,0.0285532624831523
0.0455836668630618,0.894994325679688,0.292443889395994,0.0283775825194071
0.0454219230965714,0.894497233706658,0.292050681659691,0.0282034418418632
0.0452611774296945,0.893999470329732,0.291658886347141,0.0280308230765975
0.0451014211237633,0.89350103913469,0.291268495028837,0.027859709088068
0.0449426455389079,0.893001943702533,0.290879499346195,0.0276900829752872
0.0447848421326898,0.892502187609457,0.29049189101078,0.0275219280680651
0.0446280024587586,0.892001774426819,0.290105661803543,0.0273552279233212
0.0444721181655302,0.891500707721118,0.28972080357407,0.0271899663214633
0.0443171809948869,0.890998991053964,0.289337308239837,0.0270261272628322
0.0441631827808979,0.890496627982052,0.288955167785478,0.0268636949642102
0.0440101154485607,0.889993622057137,0.288574374262066,0.0267026538553939
0.0438579710125633,0.889489976826007,0.288194919786393,0.0265429885758274
0.0437067415760652,0.888985695830454,0.28781679654027,0.0263846839712976
0.0435564193294992,0.888480782607254,0.287439996769832,0.0262277250906873
0.0434069965493914,0.887975240688136,0.28706451278485,0.0260720971827879
0.0432584655972005,0.887469073599759,0.286690336958059,0.025917785693168
0.0431108189181752,0.886962284863682,0.286317461724486,0.0257647762610988
0.0429640490402307,0.886454877996349,0.285945879580793,0.0256130547165335
0.042818148572841,0.885946856509049,0.285575583084626,0.025462607077141
0.0426731102059516,0.885438223907906,0.285206564853973,0.0253134195453917
0.0425289267089062,0.884928983693841,0.284838817566532,0.0251654785056952
0.0423855909293929,0.884419139362558,0.284472333959082,0.0250187705215886
0.042243095792405,0.883908694404511,0.284107106826869,0.0248732823329741
0.0421014342992196,0.883397652304885,0.283743129022995,0.0247290008534053
0.0419605995263907,0.882886016543569,0.283380393457815,0.0245859131674212
0.0418205846247592,0.882373790595132,0.283018893098347,0.0244440065279269
0.0416813828184778,0.8818609779288,0.282658620967681,0.0243032683536197
0.0415429874040506,0.881347582008435,0.282299570144403,0.0241636862264609
0.0414053917493882,0.880833606292502,0.281941733762024,0.0240252478891909
0.041268589292877,0.880319054234055,0.281585105008413,0.0238879412428873
0.041132573542463,0.879803929280712,0.28122967712524,0.0237517543445664
0.0409973380747495,0.879288234874626,0.28087544340743,0.0236166754048248
0.0408628765341089,0.878771974452468,0.280522397202615,0.0234826927855232
0.0407291826318075,0.878255151445404,0.280170531910598,0.0233497949975083
0.0405962501451446,0.877737769279065,0.279819840982828,0.0232179706983756
0.0404640729166034,0.877219831373536,0.279470317921871,0.0230872086902697
0.040332644853016,0.876701341143323,0.279121956280897,0.0229574979177222
0.0402019599247404,0.876182301997337,0.278774749663169,0.0228288274655265
0.0400720121648499,0.875662717338869,0.278428691721537,0.0227011865566498
0.0399427956683351,0.875142590565571,0.278083776157946,0.0225745645501793
0.0398143045913175,0.874621925069431,0.277739996722938,0.0224489509393038
0.039686533150275,0.874100724236752,0.277397347215171,0.0223243353493298
0.0395594756212792,0.873578991448134,0.277055821480937,0.0222007075357308
0.039433126339244,0.873056730078447,0.276715413413691,0.0220780573822296
0.0393074796971849,0.872533943496816,0.276376116953581,0.0219563748989127
0.0391825301454901,0.872010635066594,0.276037926086986,0.021835650220377
0.0390582721912019,0.871486808145348,0.275700834846062,0.0217158736039066
0.0389347003973088,0.870962466084832,0.275364837308288,0.0215970354276811
0.038811809382048,0.870437612230969,0.275029927596022,0.0214791261890132
0.0386895938182188,0.869912249923833,0.274696099876061,0.0213621365026159
0.0385680484325049,0.869386382497625,0.274363348359207,0.0212460570988985
0.0384471680048073,0.868860013280657,0.274031667299836,0.0211308788222907
0.0383269473675877,0.868333145595327,0.273701050995474,0.0210165926295951
0.0382073814052197,0.867805782758106,0.273371493786377,0.0209031895883656
0.0380884650533511,0.867277928079513,0.27304299005512,0.0207906608753145
0.0379701932982749,0.866749584864098,0.272715534226184,0.0206789977747439
0.0378525611763088,0.866220756410423,0.272389120765552,0.020568191677004
0.0377355637731847,0.865691446011043,0.272063744180312,0.0204582340769765
0.0376191962234461,0.865161656952486,0.271739399018259,0.0203491165725828
0.0375034537098552,0.864631392515236,0.271416079867507,0.0202408308633159
0.0373883314628073,0.864100655973714,0.271093781356101,0.0201333687487978
0.0372738247597545,0.863569450596257,0.270772498151638,0.0200267221273583
0.0371599289246373,0.863037779645108,0.270452224960889,0.0199208829946389
0.0370466393273242,0.862505646376386,0.270132956529429,0.0198158434422176
0.0369339513830599,0.86197305404008,0.269814687641264,0.0197115956562573
0.0368218605519202,0.861440005880022,0.269497413118473,0.0196081319161751
0.0367103623382758,0.860906505133875,0.269181127820847,0.0195054445933333
0.0365994522902631,0.860372555033116,0.268865826645532,0.0194035261497519
0.0364891259992623,0.859838158803014,0.268551504526678,0.0193023691368408
0.0363793790993835,0.859303319662619,0.268238156435095,0.0192019661941531
0.036270207266959,0.858768040824741,0.267925777377907,0.0191023100481581
0.0361616062200442,0.858232325495934,0.267614362398213,0.0190033935110338
0.0360535717179239,0.857696176876482,0.267303906574754,0.0189052094794784
0.0359460995606265,0.857159598160379,0.266994405021579,0.0188077509335411
0.0358391855884446,0.856622592535317,0.266685852887721,0.0187110109354715
0.0357328256814625,0.856085163182666,0.266378245356866,0.0186149826285863
0.0356270157590899,0.855547313277462,0.266071577647043,0.018519659236155
0.0355217517796022,0.855009045988387,0.265765845010298,0.0184250340603026
0.0354170297396878,0.854470364477757,0.265461042732388,0.0183311004809296
0.0353128456740002,0.853931271901506,0.265157166132468,0.0182378519546492
0.0352091956547175,0.85339177140917,0.264854210562783,0.0181452820137402
0.0351060757911077,0.852851866143874,0.264552171408373,0.0180533842651182
0.0350034822290995,0.852311559242313,0.264251044086766,0.0179621523893205
0.0349014111508595,0.851770853834742,0.263950824047687,0.0178715801395088
0.0347998587743746,0.851229753044959,0.263651506772762,0.0177816613404862
0.0346988213530409,0.850688259990291,0.263353087775234,0.0176923898877296
0.0345982951752572,0.850146377781579,0.263055562599672,0.0176037597464379
0.034498276564025,0.849604109523169,0.262758926821691,0.0175157649505938
0.0343987618765528,0.849061458312889,0.262463176047671,0.0174283996020407
0.0342997475038669,0.848518427242044,0.262168305914483,0.0173416578695739
0.0342012298704267,0.847975019395398,0.26187431208921,0.0172555339880449
0.0341032054337452,0.847431237851162,0.261581190268883,0.017170022257481
0.0340056706840149,0.846887085680981,0.261288936180211,0.0170851170422166
0.0339086221437387,0.846342565949918,0.260997545579316,0.0170008127700391
0.0338120563673653,0.845797681716447,0.260707014251468,0.0169171039313471
0.0337159699409298,0.845252436032435,0.260417338010835,0.0168339850783219
0.0336203594816993,0.844706831943132,0.260128512700218,0.0167514508241108
0.0335252216378226,0.844160872487158,0.259840534190802,0.0166694958420239
0.033430553087985,0.843614560696491,0.259553398381908,0.0165881148647419
0.0333363505410674,0.843067899596454,0.259267101200739,0.0165073026835369
0.0332426107358104,0.842520892205704,0.25898163860214,0.0164270541475039
0.0331493304404821,0.841973541536222,0.258697006568353,0.016347364162805
0.0330565064525504,0.841425850593298,0.258413201108779,0.0162682276919237
0.0329641355983606,0.84087782237552,0.25813021825974,0.0161896397529316
0.0328722147328156,0.840329459874768,0.257848054084244,0.0161115954187652
0.0327807407390614,0.839780766076193,0.257566704671754,0.0160340898165136
0.0326897105281769,0.839231743958219,0.257286166137956,0.0159571181267174
0.0325991210388662,0.838682396492518,0.257006434624533,0.0158806755826772
0.0325089692371567,0.838132726644011,0.256727506298944,0.0158047574697732
0.0324192521161004,0.837582737370853,0.256449377354193,0.0157293591247942
0.0323299666954783,0.83703243162442,0.256172044008619,0.0156544759352764
0.0322411100215101,0.836481812349305,0.255895502505669,0.0155801033388533
0.0321526791665661,0.835930882483301,0.25561974911369,0.0155062368226134
0.0320646712288844,0.835379644957399,0.25534478012571,0.0154328719224681
0.0319770833322902,0.83482810269577,0.255070591859233,0.0153600042225297
0.0318899126259195,0.834276258615763,0.254797180656024,0.015287629354497
0.0318031562839464,0.83372411562789,0.254524542881907,0.0152157429970508
0.0317168115053136,0.83317167663582,0.254252674926559,0.0151443408752583
0.0316308755134662,0.832618944536368,0.253981573203308,0.0150734187599856
0.0315453455560895,0.832065922219489,0.253711234148933,0.015002972467319
0.0314602189048493,0.831512612568266,0.253441654223466,0.0149329978579954
0.0313754928551359,0.830959018458902,0.253172829909995,0.0148634908368393
0.0312911647258118,0.830405142760714,0.252904757714471,0.0147944473522099
0.0312072318589616,0.829850988336122,0.252637434165517,0.0147258633954545
0.0311236916196456,0.829296558040641,0.252370855814234,0.014657735000371
0.0310405413956566,0.828741854722876,0.252105019234021,0.0145900582426773
0.0309577785972797,0.828186881224511,0.251839921020378,0.0145228292394886
0.0308754006570548,0.827631640380301,0.251575557790731,0.0144560441488028
0.0307934050295419,0.827076135018068,0.251311926184247,0.0143896991689919
0.0307117891910904,0.82652036795869,0.25104902286165,0.0143237905383018
0.0306305506396102,0.825964342016096,0.250786844505046,0.0142583145343589
0.0305496868943455,0.825408059997257,0.250525387817749,0.0141932674736839
0.0304691954956529,0.824851524702181,0.250264649524097,0.0141286457112116
0.0303890740047803,0.824294738923905,0.250004626369288,0.014064445639819
0.0303093200036497,0.82373770544849,0.249745315119204,0.0140006636898585
0.0302299310946428,0.82318042705501,0.249486712560241,0.0139372963286992
0.0301509049003885,0.822622906515552,0.249228815499144,0.0138743400602733
0.0300722390635531,0.822065146595205,0.248971620762836,0.0138117914246298
0.0299939312466339,0.821507150052057,0.248715125198259,0.013749646997494
0.0299159791317546,0.820948919637186,0.248459325672206,0.0136879033898336
0.029838380420463,0.820390458094657,0.248204219071163,0.0136265572474302
0.0297611328335317,0.819831768161514,0.247949802301145,0.0135656052504576
0.0296842341107613,0.819272852567777,0.247696072287545,0.0135050441130654
0.0296076820107853,0.818713714036435,0.24744302597497,0.0134448705829683
0.0295314743108779,0.818154355283442,0.24719066032709,0.0133850814410418
0.029455608806764,0.817594779017709,0.246938972326483,0.0133256735009227
0.0293800833124318,0.817034987941104,0.246687958974484,0.0132666436086158
0.0293048956599468,0.816474984748443,0.246437617291034,0.0132079886421056
0.0292300436992688,0.815914772127486,0.24618794431453,0.0131497055109734
0.0291555252980708,0.815354352758934,0.245938937101679,0.0130917911560196
0.0290813383415606,0.814793729316426,0.245690592727352,0.013034242548892
0.0290074807323033,0.81423290446653,0.245442908284438,0.0129770566917179
0.0289339503900471,0.813671880868744,0.245195880883701,0.0129202306167419
0.028860745251551,0.813110661175486,0.244949507653639,0.0128637613859691
0.0287878632704137,0.812549248032099,0.244703785740342,0.0128076460908123
0.0287153024169054,0.811987644076838,0.244458712307356,0.0127518818517446
0.0286430606778016,0.811425851940874,0.24421428453554,0.0126964658179561
0.0285711360562181,0.810863874248284,0.243970499622935,0.0126413951670166
0.0284995265714488,0.810301713616054,0.243727354784627,0.0125866671045409
0.0284282302588048,0.809739372654072,0.243484847252611,0.0125322788638603
0.0283572451694558,0.809176853965126,0.24324297427566,0.0124782277056978
0.028286569370273,0.8086141601449,0.243001733119196,0.0124245109178479
0.028216200943674,0.808051293781974,0.242761121065156,0.0123711258148602
0.0281461379874698,0.80748825745782,0.242521135411867,0.012318069737728
0.0280763786147133,0.806925053746797,0.242281773473915,0.0122653400535809
0.0280069209535491,0.806361685216153,0.242043032582022,0.0122129341553806
0.0279377631470662,0.805798154426021,0.241804910082917,0.0121608494616223
0.0278689033531512,0.805234463929415,0.241567403339219,0.0121090834160391
0.0278003397443441,0.804670616272232,0.241330509729304,0.0120576334873099
0.027732070507695,0.804106613993247,0.241094226647193,0.0120064971687727
0.0276640938446233,0.80354245962411,0.240858551502427,0.0119556719781402
0.0275964079707778,0.802978155689351,0.240623481719948,0.0119051554572199
0.027529011115899,0.802413704706372,0.240389014739982,0.0118549451716381
0.027461901523682,0.801849109185449,0.240155148017921,0.0118050387105666
0.0273950774516424,0.801284371629727,0.239921879024206,0.0117554336864541
0.0273285371709823,0.800719494535225,0.239689205244217,0.0117061277347606
0.0272622789664593,0.800154480390832,0.239457124178151,0.0116571185136951
0.0271963011362551,0.799589331678304,0.239225633340918,0.011608403703957
0.0271306019918479,0.799024050872266,0.238994730262025,0.0115599810084813
0.0270651798578841,0.798458640440212,0.238764412485463,0.0115118481521861
0.0270000330720526,0.797893102842502,0.238534677569603,0.0114640028817242
0.0269351599849608,0.797327440532365,0.238305523087084,0.0114164429652379
0.0268705589600108,0.796761655955895,0.238076946624705,0.0113691661921167
0.0268062283732781,0.796195751552053,0.237848945783319,0.011322170372758
0.0267421666133914,0.795629729752669,0.237621518177732,0.0112754533383313
0.0266783720814132,0.795063592982438,0.237394661436589,0.0112290129405455
0.0266148431907224,0.794497343658923,0.237168373202279,0.0111828470514188
0.0265515783668981,0.793930984192555,0.236942651130827,0.0111369535630516
0.0264885760476043,0.793364516986634,0.236717492891796,0.0110913303874029
0.0264258346824763,0.792797944437328,0.236492896168183,0.0110459754560687
0.0263633527330083,0.792231268933675,0.236268858656321,0.0110008867200641
0.026301128672442,0.791664492857584,0.236045378065779,0.0109560621496075
0.0262391609856566,0.791097618583835,0.235822452119265,0.0109114997339079
0.0261774481690602,0.790530648480081,0.235600078552527,0.010867197480955
0.0261159887304822,0.789963584906851,0.23537825511426,0.0108231534173117
0.0260547811890667,0.789396430217546,0.235156979566006,0.0107793655879095
0.0259938240751676,0.788829186758446,0.234936249682063,0.0107358320558459
0.0259331159302443,0.788261856868708,0.23471606324939,0.0106925509021856
0.0258726553067589,0.78769444288037,0.234496418067515,0.010649520225763
0.0258124407680743,0.787126947118353,0.234277311948439,0.0106067381429874
0.0257524708883539,0.786559371900459,0.234058742716553,0.0105642027876516
0.0256927442524614,0.785991719537378,0.233840708208537,0.0105219123107415
0.025633259455863,0.785423992332686,0.23362320627328,0.0104798648802491
0.0255740151045294,0.784856192582851,0.233406234771787,0.0104380586809879
0.0255150098148399,0.784288322577233,0.233189791577087,0.0103964919144095
0.0254562422134869,0.783720384598085,0.232973874574155,0.0103551627984239
0.0253977109373816,0.783152380920561,0.232758481659817,0.0103140695672211
0.0253394146335606,0.78258431381271,0.23254361074267,0.0102732104710953
0.0252813519590942,0.78201618553549,0.232329259742994,0.0102325837762713
0.0252235215809946,0.781447998342761,0.232115426592668,0.0101921877647328
0.0251659221761258,0.780879754481292,0.231902109235088,0.010152020734053
0.0251085524311144,0.780311456190763,0.231689305625084,0.0101120809972274
0.0250514110422611,0.779743105703773,0.231477013728837,0.0100723668825087
0.0249944967154535,0.779174705245835,0.231265231523799,0.0100328767332432
0.0249378081660793,0.778606257035384,0.231053956998611,0.00999360890771007
0.0248813441189414,0.778037763283784,0.230843188153026,0.00995456177896169
0.0248251033081724,0.777469226195323,0.230632922997825,0.00991573373466682
0.0247690844771517,0.776900647967225,0.230423159554744,0.009877123176955
0.0247132863784219,0.776332030789649,0.230213895856394,0.00983872852226332
0.0246577077736078,0.775763376845693,0.230005129946181,0.0098005482011847
0.0246023474333342,0.775194688311401,0.229796859878234,0.00976258065831838
0.0245472041371465,0.774625967355764,0.22958908371733,0.00972482435212192
0.024492276673431,0.774057216140726,0.229381799538811,0.00968727775476515
0.0244375638393363,0.773488436821188,0.229175005428521,0.00964993935198596
0.0243830644406957,0.772919631545011,0.228968699482722,0.00961280764294769
0.0243287772919502,0.772350802453022,0.228762879808027,0.00957588114009829
0.0242747012160726,0.77178195167902,0.228557544521326,0.00953915836903125
0.0242208350444918,0.771213081349776,0.228352691749713,0.00950263786834815
0.0241671776170185,0.770644193585042,0.228148319630415,0.00946631818952288
0.0241137277817717,0.770075290497554,0.227944426310722,0.00943019789676748
0.0240604843951053,0.769506374193038,0.227741009947918,0.00939427556689964
0.024007446321536,0.768937446770214,0.227538068709208,0.00935854978921166
0.0239546124336722,0.768368510320801,0.227335600771654,0.00932301916534121
0.0239019816121427,0.767799566929524,0.227133604322102,0.00928768230914337
0.023849552745527,0.767230618674118,0.226932077557118,0.00925253784656445
0.0237973247302862,0.766661667625331,0.226731018682916,0.00921758441551701
0.0237452964706941,0.766092715846936,0.2265304259153,0.00918282066575676
0.0236934668787695,0.765523765395728,0.226330297479587,0.00914824525876053
0.0236418348742091,0.76495481832154,0.226130631610552,0.00911385686760599
0.023590399384321,0.764385876667237,0.225931426552354,0.00907965417685252
0.0235391593439587,0.763816942468731,0.22573268055848,0.00904563588242383
0.0234881136954565,0.763248017754984,0.225534391891675,0.00901180069149166
0.0234372613885645,0.762679104548013,0.22533655882388,0.00897814732236091
0.0233866013803851,0.762110204862896,0.225139179636173,0.00894467450435631
0.0233361326353098,0.76154132070778,0.2249422526187,0.0089113809777102
0.0232858541249569,0.760972454083888,0.224745776070622,0.00887826549345174
0.0232357648281091,0.76040360698552,0.224549748300045,0.00884532681329736
0.023185863730653,0.759834781400066,0.224354167623965,0.00881256370954265
0.0231361498255177,0.759265979308008,0.224159032368206,0.00877997496495514
0.0230866221126155,0.758697202682929,0.223964340867361,0.00874755937266884
0.023037279598782,0.758128453491519,0.223770091464732,0.00871531573607957
0.0229881212977177,0.757559733693583,0.223576282512271,0.0086832428687418
0.0229391462299294,0.756991045242042,0.223382912370524,0.00865133959426642
0.0228903534226727,0.756422390082948,0.22318997940857,0.00861960474621994
0.0228417419098953,0.755853770155488,0.222997482003967,0.00858803716802486
0.0227933107321799,0.755285187391989,0.222805418542692,0.0085566357128608
0.0227450589366887,0.754716643717926,0.222613787419087,0.00852539924356737
0.0226969855771081,0.754148141051931,0.222422587035805,0.00849432663254763
0.0226490897135937,0.753579681305799,0.222231815803748,0.00846341676167301
0.0226013704127159,0.753011266384494,0.22204147214202,0.00843266852218911
0.0225538267474067,0.752442898186161,0.221851554477866,0.00840208081462273
0.0225064577969059,0.751874578602129,0.221662061246621,0.00837165254868979
0.0224592626467089,0.751306309516919,0.221472990891659,0.00834138264320453
0.0224122403885143,0.750738092808254,0.221284341864332,0.00831127002598953
0.0223653901201725,0.750169930347064,0.221096112623927,0.0082813136337869
0.0223187109456341,0.749601823997499,0.220908301637605,0.0082515124121704
0.0222722019749,0.74903377561693,0.220720907380356,0.00822186531545862
0.0222258623239708,0.748465787055961,0.220533928334942,0.00819237130662903
0.0221796911147971,0.747897860158436,0.22034736299185,0.00816302935723321
0.0221336874752308,0.747329996761448,0.220161209849239,0.00813383844731284
0.0220878505389759,0.746762198695346,0.219975467412892,0.00810479756531667
0.022042179445541,0.746194467783746,0.219790134196162,0.0080759057080186
0.0219966733401907,0.745626805843532,0.219605208719927,0.00804716188043636
0.0219513313738992,0.745059214684874,0.21942068951254,0.00801856509575153
0.0219061527033028,0.74449169611123,0.219236575109778,0.00799011437523
0.0218611364906544,0.743924251919358,0.219052864054795,0.00796180874814371
0.0218162819037767,0.743356883899321,0.218869554898077,0.007933647251693
0.0217715881160171,0.742789593834498,0.218686646197389,0.00790562893092996
0.0217270543062032,0.742222383501594,0.218504136517732,0.00787775283868262
0.0216826796585974,0.741655254670646,0.218322024431296,0.00785001803547996
0.0216384633628532,0.741088209105031,0.218140308517411,0.00782242358947771
0.0215944046139716,0.74052124856148,0.217958987362504,0.00779496857638512
0.0215505026122576,0.739954374790083,0.217778059560052,0.0077676520793924
0.0215067565632771,0.739387589534297,0.217597523710535,0.00774047318909897
0.0214631656778151,0.738820894530958,0.217417378421395,0.0077134310034426
0.0214197291718327,0.738254291510292,0.217237622306989,0.00768652462762932
0.0213764462664264,0.737687782195915,0.217058253988543,0.00765975317406394
0.0213333161877861,0.737121368304855,0.216879272094112,0.00763311576228156
0.0212903381671546,0.73655505154755,0.216700675258535,0.00760661151887968
0.021247511440787,0.735988833627865,0.216522462123389,0.00758023957745113
0.0212048352499105,0.735422716243098,0.216344631336952,0.00755399907851767
0.0211623088406851,0.734856701083989,0.216167181554153,0.00752788916946443
0.0211199314641635,0.734290789834732,0.215990111436538,0.0075019090044749
0.0210777023762529,0.733724984172984,0.215813419652221,0.00747605774446681
0.0210356208376759,0.733159285769873,0.215637104875846,0.00745033455702857
0.0209936861139325,0.732593696290008,0.215461165788546,0.00742473861635642
0.0209518974752621,0.73202821739149,0.215285601077901,0.00739926910319243
