"Xylosandrus morigerus","Sampsonius dampfi","Xyleborus posticus","mutillatus"
0.999989663706464,0.998989973162729,0.884614835608976,0.978949747162251
0.999966258063927,0.996830747289675,0.832204541088663,0.961372206986499
0.999932590970274,0.993824088734676,0.793565940304144,0.945250608723276
0.999889858206232,0.990101287039917,0.762382923057562,0.930164012172172
0.999838808713434,0.985749005423447,0.736057047845257,0.915903730971464
0.99977997748909,0.98083316815174,0.71320711720359,0.902340561272671
0.999713775376172,0.97540788735396,0.692993113299176,0.889384637113328
0.999640532883172,0.969519688601961,0.674858917351498,0.876968788693872
0.999560524693291,0.963209798676032,0.658414048227241,0.865040306250045
0.999473984677085,0.956515498154447,0.643372169113655,0.853556359177338
0.999381115710533,0.949470972848266,0.629516177433407,0.842481225870615
0.999282096422772,0.942107875905673,0.616677032141836,0.831784509215616
0.999177086018282,0.934455713428391,0.604720231264538,0.821439928587237
0.999066227833431,0.92654211786412,0.593536808284224,0.811424468757616
0.998949652028783,0.918393047738621,0.583037128157398,0.801717760201069
0.998827477672268,0.910032937852357,0.573146487691662,0.792301615278202
0.998699814381381,0.901484815545595,0.563801918162136,0.783159672875868
0.998566763638757,0.892770393396826,0.554949812067568,0.774277120622518
0.998428419860979,0.883910145385488,0.546544128895005,0.765640473934424
0.99828487127769,0.874923371365702,0.538545016504309,0.757237397574912
0.998136200662623,0.865828253231295,0.530917736552443,0.749056559606941
0.997982485947477,0.856641905147262,0.523631816106286,0.741087510434689
0.997823800741939,0.84738041952238,0.516660370078631,0.733320581562326
0.997660214777719,0.838058909902655,0.509979554433576,0.725746800052439
0.997491794290429,0.828691551612052,0.503568120733958,0.718357815633611
0.99731860235017,0.819291620712886,0.497407050106148,0.711145838108986
0.997140699149448,0.80987153167492,0.491479250077928,0.704103583235457
0.996958142255299,0.800442874009829,0.485769301658903,0.697224225630501
0.996770986831207,0.791016448032383,0.480263246917063,0.690501357557004
0.996579285833355,0.781602299841714,0.474948409456147,0.683928952661331
0.996383090184934,0.772209755568141,0.469813241820566,0.677501333914152
0.99618244893159,0.762847454898094,0.464847195090421,0.671213145139905
0.995977409380583,0.753523383867805,0.460040606879583,0.665059325628581
0.995768017225799,0.744244906902789,0.455384604687304,0.659035087409381
0.995554316660429,0.735018798072485,0.450871022130796,0.653135894834795
0.995336350478843,0.725851271526188,0.446492326041082,0.647357446179566
0.995114160168978,0.716748011076343,0.442241552765703,0.6416956570045
0.994887785996329,0.707714198897359,0.438112252310666,0.636146645072508
0.994657267080534,0.698754543311732,0.434098439186428,0.630706716635146
0.994422641465358,0.689873305639801,0.430194549010889,0.625372353933562
0.994183946182795,0.681074326094545,0.426395400075513,0.620140203779189
0.99394121731192,0.672361048708127,0.422696159206093,0.615007067097555
0.99369449003303,0.663736545282211,0.419092311352872,0.609969889333731
0.993443798677545,0.655203538359176,0.415579632429961,0.605025751630847
0.993189176774094,0.646764423216248,0.412154164994898,0.600171862704072
0.992930657091154,0.638421288889043,0.408812196418245,0.595405551341823
0.992668271676561,0.630175938235137,0.405550239242634,0.590724259474042
0.992402051894193,0.622029907051903,0.402365013472323,0.586125535754313
0.992132028458065,0.613984482266154,0.399253430569454,0.581607029608611
0.991858231464087,0.60604071921587,0.396212578962992,0.57716648570866
0.991580690419665,0.59819945804671,0.393239710901673,0.572801738832466
0.991299434271345,0.590461339247978,0.390332230503842,0.568510709078505
0.991014491430658,0.582826818354347,0.387487682875623,0.564291397403569
0.990725889798311,0.575296179840879,0.384703744184664,0.560141881457281
0.990433656786864,0.567869550239877,0.381978212590418,0.556060311689037
0.990137819342,0.560546910508735,0.379308999943707,0.552044907705448
0.989838403962516,0.553328107678392,0.376694124178516,0.548093954858508
0.989535436719111,0.546212865812144,0.374131702327869,0.544205801046567
0.989228943272082,0.539200796304587,0.37161994410331,0.540378853711842
0.988918948887987,0.532291407550234,0.369157145984302,0.536611577019687
0.988605478455373,0.525484114011011,0.366741685769686,0.532902489206188
0.988288556499616,0.51877824471138,0.364372017548549,0.529250160081796
0.987968207196944,0.512173051189203,0.362046667052361,0.525653208679813
0.987644454387699,0.505667714929825,0.359764227354232,0.522110301039474
0.987317321588892,0.499261354310084,0.357523354884656,0.518620148114263
0.986986832006093,0.492953031078136,0.35532276573624,0.515181503796831
0.9866530085447,0.486741756394136,0.35316123223263,0.511793163052637
0.98631587382063,0.480626496455925,0.351037579739332,0.508453960155032
0.985975450170477,0.474606177732951,0.348950683696268,0.505162767015093
0.985631759661151,0.468679691830727,0.346899466853844,0.501918491600052
0.985284824099044,0.462845900007203,0.344882896696045,0.498720076434613
0.984934665038757,0.45710363736148,0.342899983035589,0.49556649717991
0.984581303791399,0.451451716714389,0.340949775767569,0.492456761285222
0.984224761432493,0.44588893219952,0.339031362769236,0.489389906707971
0.983865058809514,0.440414062582428,0.337143867934683,0.486365000697797
0.983502216549076,0.435025874324807,0.33528644933419,0.483381138640855
0.983136255063786,0.429723124409631,0.33345829748888,0.480437442960729
0.98276719455879,0.4245045629424,0.331658633752149,0.477533062072628
0.982395055038031,0.419368935542812,0.329886708790057,0.474667169387736
0.982019856310214,0.414314985540445,0.328141801153528,0.47183896236484
0.981641617994527,0.409341455987261,0.326423215935803,0.469047661606519
0.981260359526103,0.404447091499026,0.324730283509122,0.466292509997384
0.980876100161248,0.399630639937072,0.323062358335112,0.463572771882012
0.980488858982452,0.394890853941155,0.321418817843798,0.460887732280391
0.980098654903183,0.39022649232353,0.319799061376552,0.458236696138798
0.979705506672484,0.385636321333794,0.318202509188675,0.455618987614213
0.979309432879383,0.381119115803434,0.31662860150762,0.453033949390456
0.978910451957115,0.376673660178528,0.315076797643205,0.450480942024362
0.978508582187182,0.372298749448475,0.313546575146411,0.447959343320416
0.97810384170324,0.367993189978203,0.312037429013626,0.445468547732363
0.977696248494846,0.363755800250786,0.310548870933442,0.443007965790404
0.977285820411037,0.359585411527004,0.309080428573302,0.440577023552657
0.976872575163792,0.355480868427947,0.307631644903514,0.438175162079673
0.97645653033134,0.351441029446377,0.306202077556313,0.435801836930827
0.976037703361351,0.347464767392205,0.304791298217821,0.433456517681515
0.975616111574007,0.343550969777064,0.303398892050912,0.431138687460117
0.975191772164949,0.339698539142675,0.302024457147119,0.428847842503764
0.974764702208123,0.335906393337348,0.300667604005865,0.426583491732
0.97433491865851,0.332173465744714,0.299327955039387,0.424345156337477
0.973902438354765,0.328498705468471,0.298005144101885,0.422132369392869
0.973467278021753,0.324881077476703,0.296698816041458,0.41994467547324
0.973029454272994,0.321319562709082,0.295408626273556,0.417781630293149
0.972588983613021,0.317813158150014,0.294134240374704,0.415642800357788
0.972145882439655,0.31436087687062,0.292875333695363,0.413527762627533
0.971700167046193,0.310961748042209,0.291631590990877,0.411436104195271
0.971251853623528,0.30761481692373,0.290402706069478,0.409367421975933
0.970800958262185,0.30431914482552,0.289188381456448,0.407321322407688
0.970347496954294,0.301073809051478,0.287988328073539,0.405297421164267
0.969891485595487,0.297877902821682,0.286802264932837,0.403295342877928
0.96943293998674,0.294730535177283,0.285629918844309,0.401314720872603
0.968971875836141,0.291630830869397,0.284471024136293,0.399355196906766
0.968508308760607,0.288577930233602,0.28332532238827,0.397416420925612
0.968042254287536,0.285570989051488,0.282192562175272,0.395498050822142
0.96757372785641,0.282609178400666,0.281072498823321,0.393599752206781
0.967102744820341,0.279691684494464,0.279964894175356,0.391721198185155
0.966629320447564,0.276817708512505,0.278869516367085,0.389862069143693
0.966153469922886,0.273986466423242,0.277786139612296,0.388022052542726
0.965675208349084,0.271197188799451,0.276714543997137,0.386200842716768
0.965194550748259,0.268449120627599,0.275654515282921,0.384398140681688
0.964711512063143,0.265741521111953,0.274605844717048,0.382613653948488
0.96422610715837,0.263073663474188,0.273568328851642,0.380847096343415
0.963738350821703,0.260444834749249,0.272541769369532,0.379098187834163
0.963248257765218,0.257854335578105,0.271525972917228,0.377366654361909
0.962755842626457,0.25530147999801,0.270520750944552,0.375652227678957
0.962261119969544,0.252785595230841,0.269525919550622,0.373954645191764
0.961764104286259,0.25030602147002,0.268541299335879,0.37227364980914
0.961264809997091,0.247862111666481,0.26756671525989,0.370608989795424
0.960763251452243,0.245453231314129,0.266601996504643,0.368960418628431
0.96025944293262,0.243078758235162,0.265646976343102,0.367327694861995
0.959753398650778,0.240738082365634,0.264701492012766,0.365710581992935
0.959245132751848,0.238430605541568,0.263765384594024,0.364108848332264
0.958734659314432,0.236155741285923,0.262838498893071,0.362522266880496
0.958221992351465,0.233912914596671,0.261920683329199,0.360950615206877
0.957707145811063,0.231701561736241,0.261011789826262,0.359393675332418
0.957190133577338,0.229521130022537,0.260111673708136,0.357851233616568
0.956670969471187,0.227371077621721,0.259220193597991,0.3563230806474
0.956149667251063,0.22525087334295,0.258337211321229,0.354809011135191
0.95562624061372,0.223159996435212,0.257462591811908,0.353308823809249
0.955100703194937,0.2210979363864,0.256596203022521,0.351822321317898
0.954573068570222,0.219064192724753,0.255737915836976,0.350349310131485
0.95404335025549,0.217058274822764,0.254887603986659,0.348889600448309
0.953511561707732,0.215079701703654,0.254045143969424,0.347443006103367
0.952977716325651,0.213128001850489,0.25321041497142,0.346009344479827
0.952441827450294,0.211202713018013,0.252383298791614,0.344588436423107
0.951903908365652,0.209303382047255,0.251563679768911,0.343180106157503
0.951363972299255,0.207429564682953,0.250751444711766,0.341784181205242
0.950822032422741,0.205580825393842,0.249946482830179,0.340400492307908
0.950278101852415,0.20375673719584,0.24914868566999,0.339028873350133
0.94973219364979,0.201956881478139,0.248357947049366,0.337669161285498
0.949184320822112,0.200180847832239,0.247574162997411,0.336321196064547
0.948634496322869,0.198428233883922,0.246797231694802,0.334984820564864
0.948082733052294,0.196698645128173,0.246027053416376,0.333659880523122
0.947529043857841,0.194991694767049,0.245263530475598,0.332346224469064
0.94697344153466,0.193307003550491,0.244506567170824,0.33104370366132
0.946415938826054,0.191644199620068,0.243756069733305,0.329752172025028
0.945856548423918,0.190002918355635,0.243011946276855,0.328471486091185
0.94529528296918,0.188382802224897,0.242274106749122,0.327201504937668
0.944732155052214,0.186783500635847,0.24154246288441,0.325942090131888
0.944167177213254,0.185204669792065,0.240816928157979,0.324693105674998
0.943600361942791,0.183645972550842,0.240097417741778,0.323454417947635
0.943031721681962,0.182107078284108,0.239383848461562,0.322225895657118
0.942461268822926,0.180587662742131,0.238676138755327,0.321007409786075
0.94188901570923,0.179087407919949,0.237974208633027,0.319798833542449
0.941314974636173,0.177606001926513,0.237277979637527,0.318600042310832
0.940739157851147,0.176143138856491,0.236587374806739,0.317410913605098
0.940161577553982,0.17469851866471,0.235902318636902,0.316231327022278
0.939582245897274,0.173271847043186,0.235222737046969,0.31506116419766
0.939001174986708,0.171862835300713,0.234548557344058,0.313900308761052
0.93841837688137,0.170471200244965,0.233879708189928,0.312748646294191
0.937833863594056,0.169096664067079,0.233216119568448,0.311606064289254
0.937247647091566,0.167738954228662,0.23255772275402,0.310472452108435
0.936659739294998,0.166397803351206,0.231904450280929,0.30934770094457
0.93607015208003,0.165072949107847,0.23125623591358,0.308231703782755
0.935478897277195,0.163764134117438,0.230613014617595,0.307124355362951
0.934885986672151,0.162471105840891,0.229974722531747,0.306025552143529
0.934291432005943,0.161193616479756,0.229341296940689,0.304935192265735
0.93369524497526,0.159931422876973,0.228712676248465,0.303853175519049
0.933097437232685,0.158684286419784,0.228088799952766,0.302779403307405
0.932498020386936,0.157451972944745,0.227469608619917,0.301713778616255
0.931897006003107,0.156234252644799,0.226855043860551,0.300656205980439
0.931294405602898,0.155030899978381,0.22624504830598,0.299606591452861
0.930690230664842,0.1538416935805,0.2256395655852,0.298564842573918
0.930084492624528,0.152666416175766,0.225038540302546,0.297530868341684
0.929477202874813,0.151504854493328,0.224441918015951,0.296504579182816
0.928868372766037,0.150356799183667,0.223849645215799,0.295485886924167
0.928258013606225,0.149222044737224,0.223261669304354,0.294474704765073
0.927646136661294,0.148100389404817,0.222677938575744,0.293470947250322
0.927032753155241,0.146991635119801,0.222098402196482,0.29247453024375
0.926417874270344,0.145895587421953,0.221523010186504,0.291485370902476
0.925801511147343,0.144812055383031,0.22095171340072,0.290503387651743
0.925183674885628,0.143740851533969,0.220384463511045,0.289528500160357
0.924564376543415,0.14268179179369,0.219821212988905,0.288560629316694
0.923943627137925,0.141634695399479,0.219261915088206,0.287599697205274
0.923321437645552,0.140599384838905,0.218706523828741,0.286645627083879
0.922697819002034,0.139575685783233,0.218154993980028,0.2856983433612
0.922072782102615,0.138563427022324,0.217607281045571,0.284757771575005
0.921446337802208,0.137562440400957,0.217063341247519,0.283823838370797
0.920818496915551,0.136572560756568,0.216523131511722,0.282896471480977
0.920189270217359,0.13559362585836,0.215986609453161,0.281975599704465
0.91955866844248,0.134625476347759,0.215453733361754,0.281061152886799
0.918926702286039,0.133667955680182,0.214924462188517,0.280153061900671
0.918293382403585,0.132720910068096,0.214398755532071,0.279251258626911
0.917658719411229,0.131784188425321,0.213876573625484,0.27835567593589
0.917022723885789,0.130857642312577,0.21335787732345,0.277466247669345
0.91638540636492,0.129941125884216,0.212842628089769,0.276582908622604
0.915746777347254,0.129034495836136,0.212330787985153,0.275705594527205
0.915106847292525,0.128137611354834,0.211822319655315,0.274834242033899
0.914465626621703,0.127250334067587,0.211317186319361,0.27396878869603
0.913823125717117,0.126372527993722,0.210815351758453,0.273109172953273
0.913179354922579,0.125504059496952,0.210316780304758,0.272255334115733
0.912534324543506,0.124644797238768,0.209821436830653,0.271407212348381
0.911888044847043,0.123794612132841,0.209329286738192,0.270564748655837
0.911240526062172,0.122953377300427,0.208840295948826,0.269727884867474
0.910591778379837,0.122120968026745,0.208354430893365,0.26889656362284
0.909941811953048,0.121297261718312,0.207871658502178,0.268070728357404
0.909290636897002,0.120482137861198,0.207391946195624,0.267250323288588
0.908638263289182,0.119675477980202,0.206915261874705,0.266435293402111
0.907984701169474,0.118877165598909,0.206441573911941,0.265625584438612
0.907329960540267,0.118087086200616,0.205970851142454,0.264821142880562
0.906674051366559,0.117305127190107,0.20550306285526,0.264021915939442
0.906016983576059,0.116531177856256,0.205038178784757,0.263227851543198
0.905358767059291,0.115765129335439,0.204576169102417,0.262438898323952
0.904699411669688,0.115006874575733,0.204117004408657,0.26165500560597
0.904038927223695,0.114256308301897,0.203660655724905,0.260876123393875
0.903377323500864,0.113513326981092,0.203207094485838,0.260102202361112
0.902714610243945,0.112777828789359,0.202756292531797,0.259333193838639
0.902050797158988,0.112049713578794,0.202308222101376,0.258569049803853
0.901385893915427,0.111328882845446,0.201862855824172,0.257809722869748
0.900719910146179,0.11061523969789,0.201420166713698,0.257055166274283
0.900052855447728,0.10990868882648,0.200980128160452,0.25630533386997
0.899384739380215,0.10920913647325,0.200542713925144,0.255560180113677
0.89871557146753,0.108516490402465,0.200107898132064,0.25481966005662
0.898045361197394,0.107830659871791,0.199675655262602,0.254083729334577
0.897374118021446,0.107151555604078,0.199245960148905,0.253352344158278
0.896701851355329,0.106479089759749,0.198818787967674,0.252625461303996
0.89602857057877,0.105813175909761,0.198394114234094,0.251903038104325
0.895354285035668,0.105153729009147,0.197971914795899,0.251185032439129
0.894679004034172,0.104500665371107,0.197552165827554,0.250471402726687
0.894002736846763,0.103853902641656,0.197134843824572,0.249762107914993
0.893325492710334,0.103213359774791,0.196719925597951,0.249057107473238
0.892647280826269,0.10257895700819,0.196307388268718,0.248356361383455
0.891968110360524,0.101950615839409,0.195897209262603,0.247659830132319
0.891287990443698,0.101328259002589,0.195489366304817,0.24696747470312
0.89060693017112,0.100711810445635,0.195083837414937,0.246279256567875
0.889924938602917,0.100101195307878,0.194680600901905,0.2455951376796
0.889242024764093,0.099496339898204,0.194279635359126,0.244915080464728
0.888558197644604,0.0988971716736224,0.193880919659669,0.244239047815675
0.887873466199433,0.0983036192182942,0.193484432951568,0.243567003083537
0.887187839348663,0.0977156122229828,0.193090154653215,0.242898910070938
0.886501325977549,0.0971330814649311,0.192698064448854,0.242234733025004
0.885813934936594,0.0965559587881533,0.192308142284164,0.241574436630472
0.885125675041617,0.0959841770841295,0.191920368361928,0.240917986002928
0.88443655507383,0.0954176702728976,0.191534723137796,0.240265346682176
0.883746583779904,0.0948563732845291,0.191151187316131,0.239616484625717
0.883055769872045,0.0943002220409858,0.190769741845935,0.238971366202367
0.882364122028058,0.0937491534383435,0.19039036791686,0.23832995818598
0.881671648891425,0.0932031053293778,0.190013046955301,0.237692227749288
0.880978359071367,0.0926620165065032,0.189637760620561,0.237058142457862
0.880284261142918,0.0921258266850561,0.189264490801096,0.236427670264177
0.879589363646991,0.0915944764869175,0.188893219610831,0.235800779501785
0.878893675090451,0.0910679074244629,0.188523929385551,0.235177438879596
0.878197203946176,0.0905460618848374,0.188156602679362,0.234557617476266
0.877499958653133,0.0900288831145451,0.187791222261218,0.233941284734679
0.87680194761644,0.0895163152043465,0.187427771111524,0.233328410456537
0.876103179207436,0.0890083030744597,0.187066232418792,0.232718964797037
0.875403661763745,0.0885047924600536,0.186706589576374,0.232112918259653
0.874703403589348,0.088005729897032,0.186348826179248,0.231510241691009
0.874002412954646,0.0875110627081003,0.185992926020873,0.230910906275837
0.873300698096527,0.0870207389891053,0.185638873090099,0.230314883532029
0.872598267218432,0.0865347075956485,0.18528665156814,0.229722145305782
0.871895128490423,0.0860529181299605,0.184936245825598,0.229132663766818
0.871191290049247,0.0855753209280367,0.184587640419552,0.228546411403693
0.870486759998401,0.0851018670470221,0.184240820090693,0.227963361019192
0.869781546408201,0.0846325082528469,0.183895769760519,0.227383485725796
0.869075657315845,0.0841671970081009,0.183552474528581,0.226806758941237
0.868369100725476,0.0837058864601472,0.183210919669776,0.226233154384121
0.867661884608255,0.0832485304294649,0.182871090631698,0.225662646069638
0.866954016902415,0.0827950833982192,0.18253297303203,0.225095208305331
0.866245505513337,0.0823455004990542,0.18219655265599,0.224530815686955
0.865536358313608,0.0818997375041007,0.181861815453822,0.223969443094392
0.864826583143088,0.0814577508141972,0.181528747538332,0.223411065687645
0.864116187808975,0.0810194974483181,0.181197335182468,0.222855658902896
0.863405180085868,0.0805849350332051,0.18086756481695,0.222303198448634
0.862693567715836,0.0801540217931975,0.180539423027934,0.221753660301848
0.861981358408478,0.0797267165402575,0.180212896554726,0.221207020704278
0.861268559840989,0.0793029786641849,0.17988797228753,0.220663256158741
0.860555179658226,0.0788827681230186,0.179564637265247,0.220122343425508
0.859841225472773,0.0784660454336213,0.1792428786733,0.219584259518748
0.859126704865002,0.0780527716624417,0.178922683841509,0.219048981703029
0.858411625383142,0.0776429084164519,0.178604040241996,0.218516487489875
0.857695994543339,0.077236417834256,0.178286935487134,0.217986754634386
0.856979819829726,0.0768332625773661,0.177971357327524,0.217459761131909
0.856263108694484,0.0764334058216424,0.177657293650018,0.216935485214764
0.855545868557905,0.0760368112488936,0.177344732475764,0.21641390534903
0.854828106808463,0.0756434430386345,0.177033661958298,0.215895000231373
0.854109830802872,0.0752532658599979,0.17672407038166,0.215378748785936
0.853391047866157,0.0748662448637972,0.176415946158546,0.214865130161276
0.852671765291711,0.0744823456747351,0.176109277828493,0.214354123727347
0.851951990341368,0.0741015343837595,0.175804054056093,0.213845709072539
0.851231730245463,0.0737237775405579,0.175500263629242,0.21333986600076
0.850510992202898,0.0733490421461934,0.175197895457411,0.212836574528565
0.849789783381209,0.0729772956458733,0.174896938569956,0.212335814882335
0.849068110916628,0.0726085059218532,0.17459738211445,0.211837567495498
0.848345981914149,0.0722426412864698,0.174299215355045,0.211341813005794
0.847623403447597,0.0718796704753021,0.174002427670866,0.210848532252585
0.846900382559687,0.0715195626404567,0.173707008554424,0.210357706274211
0.846176926262096,0.0711622873439754,0.173412947610063,0.209869316305379
0.845453041535523,0.0708078145513639,0.17312023455243,0.209383343774603
0.844728735329758,0.0704561146252368,0.172828859204967,0.20889977030168
0.844004014563747,0.0701071583190774,0.172538811498439,0.208418577695201
0.843278886125656,0.0697609167711115,0.172250081469474,0.207939747950114
0.842553356872941,0.06941736149829,0.171962659259133,0.20746326324531
0.841827433632411,0.0690764643903812,0.171676535111506,0.206989105941257
0.841101123200292,0.0687381977041676,0.171391699372325,0.206517258577668
0.8403744323423,0.0684025340577481,0.171108142487605,0.206047703871201
0.839647367793699,0.0680694464249407,0.170825855002305,0.205580424713202
0.838919936259375,0.0677389081297861,0.170544827559012,0.205115404167478
0.838192144413899,0.0674108928411474,0.170265050896642,0.204652625468105
0.837463998901593,0.0670853745674075,0.169986515849171,0.204192072017269
0.836735506336597,0.0667623276512594,0.169709213344376,0.203733727383143
0.836006673302939,0.0664417267645883,0.169433134402606,0.203277575297792
0.835277506354598,0.0661235469034446,0.169158270135563,0.202823599655115
0.834548012015573,0.0658077633831044,0.168884611745113,0.202371784508813
0.833818196779953,0.0654943518332183,0.168612150522108,0.201922114070392
0.833088067111979,0.0651832881930427,0.16834087784523,0.201474572707194
0.832357629446114,0.064874548706757,0.16807078517985,0.201029144940456
0.831626890187112,0.0645681099188603,0.167801864076913,0.200585815443405
0.830895855710085,0.0642639486696497,0.167534106171834,0.20014456903937
0.83016453236057,0.0639620420907764,0.167267503183409,0.199705390699937
0.829432926454599,0.0636623676008784,0.167002046912753,0.199268265543118
0.828701044278763,0.0633649029012895,0.166737729242242,0.198833178831551
0.827968892090286,0.0630696259718217,0.166474542134484,0.198400115970736
0.82723647611709,0.0627765150666203,0.166212477631299,0.197969062507281
0.826503802557862,0.0624855487100903,0.16595152785271,0.19754000412719
0.825770877582129,0.0621967056928926,0.165691684995966,0.197112926654162
0.82503770733032,0.0619099650680077,0.16543294133456,0.196687816047925
0.824304297913837,0.0616253061468687,0.165175289217277,0.19626465840259
0.823570655415127,0.0613427084955572,0.16491872106725,0.195843439945031
0.822836785887747,0.0610621519310663,0.164663229381032,0.195424147033285
0.822102695356438,0.0607836165176258,0.164408806727682,0.195006766154981
0.821368389817188,0.060507082563089,0.164155445747864,0.194591283925785
0.820633875237309,0.060232530615382,0.163903139152962,0.194177687087874
0.819899157555501,0.0599599414590114,0.163651879724205,0.193765962508428
0.819164242681926,0.0596892961116309,0.16340166031181,0.193356097178143
0.818429136498273,0.0594205758206658,0.163152473834132,0.19294807820977
0.817693844857835,0.0591537620599944,0.162904313276831,0.192541892836667
0.816958373585571,0.0588888365266834,0.16265717169205,0.192137528411385
0.816222728478186,0.0586257811377784,0.162411042197608,0.191734972404255
0.815486915304191,0.0583645780271485,0.162165917976197,0.191334212402014
0.814750939803982,0.0581052095423818,0.161921792274602,0.19093523610644
0.814014807689907,0.0578476582417332,0.161678658402923,0.190538031333005
0.813278524646337,0.0575919068911223,0.161436509733816,0.190142586009557
0.812542096329739,0.0573379384611808,0.161195339701737,0.189748888175006
0.811805528368744,0.057085736124348,0.160955141802207,0.189356925978044
0.811068826364219,0.0568352832520149,0.160715909591077,0.188966687675871
0.810331995889342,0.0565865634117143,0.160477636683815,0.188578161632945
0.809595042489669,0.0563395603643564,0.160240316754792,0.188191336319744
0.808857971683207,0.056094258061511,0.160003943536587,0.187806200311555
0.808120788960486,0.0558506406427319,0.1597685108193,0.187422742287268
0.807383499784632,0.0556086924329265,0.159534012449869,0.187040951028193
0.806646109591435,0.0553683979397666,0.159300442331409,0.186660815416897
0.805908623789426,0.0551297418511418,0.159067794422546,0.186282324436046
0.805171047759947,0.0548927090326544,0.158836062736773,0.185905467167274
0.804433386857221,0.0546572845251529,0.158605241341808,0.18553023279006
0.803695646408428,0.0544234535423069,0.158375324358962,0.185156610580626
0.802957831713776,0.0541912014682203,0.158146305962519,0.184784589910846
0.802219948046573,0.0539605138550817,0.157918180379122,0.184414160247168
0.801482000653299,0.0537313764208541,0.15769094188717,0.18404531114956
0.800743994753683,0.0535037750469997,0.157464584816219,0.183678032270458
0.800005935540769,0.0532776957762412,0.157239103546398,0.183312313353738
0.799267828180995,0.05305312481036,0.157014492507827,0.182948144233695
0.798529677814265,0.0528300485080273,0.156790746180047,0.182585514834043
0.797791489554018,0.0526084533826697,0.156567859091459,0.182224415166917
0.797053268487307,0.0523883261003708,0.156345825818763,0.181864835331902
0.796315019674867,0.0521696534778022,0.156124640986416,0.181506765515068
0.795576748151193,0.0519524224801892,0.15590429926609,0.181150195988014
0.794838458924611,0.0517366202193085,0.155684795376137,0.18079511710693
0.794100156977353,0.0515222339515159,0.155466124081069,0.180441519311675
0.793361847265627,0.0513092510758054,0.155248280191033,0.180089393124857
0.792623534719697,0.0510976591318985,0.155031258561308,0.179738729150933
0.791885224243953,0.0508874457983638,0.154815054091795,0.179389518075318
0.791146920716983,0.050678598890764,0.154599661726521,0.179041750663509
0.790408628991652,0.0504711063598332,0.154385076453152,0.178695417760212
0.789670353895173,0.0502649562896818,0.154171293302505,0.178350510288492
0.788932100229181,0.0500601368960289,0.153958307348073,0.178007019248923
0.788193872769809,0.0498566365244613,0.153746113705557,0.177664935718759
0.78745567626776,0.0496544436487209,0.153534707532395,0.177324250851107
0.786717515448384,0.0494535468690165,0.15332408402731,0.176984955874118
0.785979395011751,0.0492539349103621,0.153114238429855,0.176647042090183
0.785241319632724,0.0490555966209407,0.15290516601997,0.17631050087514
0.784503293961037,0.0488585209704928,0.152696862117538,0.175975323677499
0.783765322621368,0.0486626970487293,0.152489322081954,0.175641502017663
0.783027410213412,0.0484681140637683,0.152282541311695,0.175309027487172
0.782289561311957,0.0482747613405959,0.152076515243897,0.174977891747948
0.781551780466962,0.0480826283195502,0.151871239353943,0.174648086531557
0.780814072203627,0.0478917045548273,0.151666709155042,0.17431960363847
0.780076441022468,0.0477019797130111,0.151462920197833,0.173992434937345
0.779338891399398,0.0475134435716239,0.151259868069976,0.173666572364313
0.778601427785794,0.0473260860176994,0.151057548395761,0.173342007922268
0.777864054608577,0.0471398970463769,0.150855956835717,0.173018733680176
0.777126776270287,0.046954866759516,0.150655089086224,0.172696741772384
0.776389597149157,0.0467709853643326,0.150454940879138,0.172376024397943
0.775652521599186,0.0465882431720543,0.150255507981408,0.172056573819934
0.77491555395022,0.046406630596597,0.150056786194714,0.171738382364815
0.774178698508019,0.0462261381532596,0.149858771355093,0.171421442421754
0.773441959554343,0.0460467564574384,0.149661459332585,0.171105746441997
0.772705341347016,0.0458684762233615,0.149464846030871,0.17079128693822
0.771968848120008,0.0456912882628398,0.149268927386925,0.170478056483903
0.771232484083511,0.0455151834840388,0.149073699370664,0.170166047712712
0.77049625342401,0.0453401528902655,0.148879157984608,0.169855253317877
0.769760160304362,0.0451661875787756,0.148685299263537,0.169545666051592
0.769024208863871,0.0449932787395966,0.148492119274161,0.169237278724412
0.76828840321836,0.0448214176543683,0.148299614114788,0.168930084204664
0.767552747460251,0.0446505956952006,0.148107779914999,0.168624075417858
0.76681724565864,0.044480804323547,0.147916612835323,0.168319245346116
0.766081901859367,0.0443120350890953,0.147726109066924,0.168015587027593
0.765346720085099,0.0441442796286738,0.147536264831285,0.167713093555923
0.764611704335403,0.0439775296651732,0.147347076379897,0.167411758079655
0.763876858586817,0.0438117770064841,0.147158539993954,0.167111573801705
0.763142186792931,0.0436470135444498,0.146970651984053,0.166812533978816
0.762407692884463,0.0434832312538344,0.146783408689892,0.166514631921016
0.761673380769328,0.0433204221913049,0.146596806479977,0.166217860991092
0.760939254332721,0.0431585784944281,0.146410841751331,0.165922214604062
0.760205317437188,0.0429976923806825,0.146225510929207,0.165627686226663
0.759471573922704,0.042837756146483,0.146040810466802,0.165334269376833
0.758738027606746,0.0426787621662204,0.145856736844979,0.165041957623211
0.758004682284371,0.0425207028913141,0.14567328657199,0.164750744584635
0.75727154172829,0.0423635708492782,0.145490456183199,0.164460623929648
0.756538609688944,0.0422073586428007,0.145308242240815,0.164171589376013
0.755805889894579,0.0420520589488357,0.145126641333625,0.163883634690228
0.755073386051323,0.0418976645177089,0.144945650076729,0.163596753687053
0.754341101843259,0.0417441681722341,0.144765265111279,0.163310940229037
0.753609040932502,0.0415915628068442,0.144585483104222,0.163026188226056
0.752877206959275,0.0414398413867322,0.144406300748048,0.162742491634849
0.752145603541984,0.0412889969470061,0.144227714760535,0.162459844458567
0.75141423427729,0.041139022591854,0.144049721884504,0.162178240746326
0.75068310274019,0.0409899114937211,0.143872318887571,0.161897674592759
0.749952212484089,0.0408416568924996,0.143695502561908,0.161618140137578
0.749221567040876,0.0406942520947273,0.143519269723999,0.161339631565147
0.748491169920996,0.0405476904727992,0.143343617214408,0.161062143104043
0.747761024613533,0.0404019654641894,0.143168541897544,0.160785669026645
0.747031134586278,0.0402570705706834,0.142994040661426,0.160510203648703
0.746301503285806,0.0401129993576211,0.142820110417463,0.160235741328935
0.745572134137552,0.0399697454531501,0.14264674810022,0.159962276468612
0.744843030545887,0.0398273025474898,0.142473950667199,0.159689803511155
0.744114195894189,0.0396856643922047,0.142301715098619,0.159418316941736
0.743385633544924,0.0395448247994879,0.142130038397199,0.159147811286884
0.742657346839714,0.0394047776414543,0.141958917587939,0.158878281114092
0.741929339099419,0.039265516849444,0.141788349717912,0.158609721031433
0.741201613624206,0.0391270364133341,0.141618331856049,0.158342125687177
0.740474173693626,0.0389893303808603,0.141448861092938,0.158075489769416
0.739747022566688,0.0388523928569479,0.141279934540612,0.157809808005687
0.739020163481938,0.0387162180030515,0.141111549332349,0.157545075162608
0.738293599657525,0.0385808000365034,0.140943702622472,0.157281286045508
0.737567334291284,0.0384461332298713,0.140776391586149,0.157018435498073
0.736841370560806,0.0383122119103241,0.1406096134192,0.156756518401981
0.736115711623513,0.0381790304590063,0.140443365337897,0.156495529676559
0.735390360616732,0.0380465833104207,0.140277644578783,0.156235464278425
0.734665320657772,0.0379148649518197,0.14011244839847,0.155976317201152
0.733940594843995,0.0377838699226041,0.139947774073461,0.15571808347492
0.733216186252891,0.0376535928137303,0.139783618899964,0.155460758166183
0.732492097942153,0.0375240282671253,0.139619980193705,0.155204336377336
0.731768332949751,0.037395170975109,0.139456855289748,0.154948813246382
0.731044894294005,0.0372670156798249,0.139294241542322,0.15469418394661
0.730321784973657,0.0371395571726774,0.139132136324635,0.154440443686269
0.729599007967952,0.0370127902937775,0.138970537028706,0.154187587708252
0.728876566236701,0.0368867099313945,0.138809441065192,0.153935611289778
0.728154462720365,0.0367613110214164,0.138648845863211,0.153684509742085
0.727432700340122,0.0366365885468158,0.138488748870181,0.153434278410115
0.726711281997941,0.0365125375371241,0.138329147551647,0.153184912672213
0.72599021057666,0.0363891530679117,0.13817003939112,0.152936407939826
0.725269488940053,0.0362664302602751,0.138011421889908,0.152688759657201
0.724549119932908,0.036144364280331,0.137853292566961,0.152441963301093
0.723829106381098,0.0360229503387167,0.137695648958706,0.152196014380473
0.723109451091654,0.0359021836900969,0.137538488618894,0.151950908436234
0.722390156852838,0.0357820596326769,0.137381809118439,0.151706641040913
0.721671226434217,0.0356625735077223,0.137225608045263,0.151463207798404
0.720952662586735,0.0355437206990845,0.13706988300415,0.151220604343677
0.720234468042784,0.0354254966327325,0.136914631616586,0.150978826342507
0.719516645516281,0.0353078967762909,0.136759851520618,0.150737869491192
0.718799197702735,0.0351909166385832,0.136605540370697,0.150497729516292
0.718082127279322,0.0350745517691819,0.13645169583754,0.150258402174354
0.71736543690496,0.034958797757963,0.136298315607982,0.150019883251649
0.716649129220374,0.0348436502346676,0.136145397384829,0.149782168563911
0.715933206848177,0.0347291048684678,0.135992938886725,0.149545253956078
0.715217672392933,0.0346151573675391,0.135840937848004,0.149309135302033
0.714502528441237,0.0345018034786378,0.135689392018555,0.149073808504351
0.71378777756178,0.0343890389866834,0.135538299163687,0.148839269494051
0.713073422305425,0.0342768597143467,0.135387657063986,0.148605514230343
0.712359465205277,0.0341652615216432,0.135237463515192,0.148372538700383
0.711645908776755,0.0340542403055312,0.135087716328057,0.148140338919034
0.710932755517661,0.0339437919995152,0.134938413328216,0.147908910928619
0.710220007908254,0.0338339125732539,0.134789552356061,0.147678250798687
0.709507668411321,0.0337245980321738,0.134641131266607,0.147448354625776
0.708795739472245,0.0336158444170869,0.134493147929371,0.147219218533178
0.708084223519079,0.0335076478038139,0.134345600228241,0.146990838670713
0.707373122962615,0.0334000043028108,0.134198486061351,0.146763211214494
0.706662440196456,0.0332929100588018,0.134051803340966,0.146536332366706
0.705952177597084,0.0331863612504157,0.13390554999335,0.146310198355381
0.705242337523932,0.0330803540898267,0.133759723958651,0.146084805434176
0.704532922319457,0.0329748848224002,0.133614323190783,0.145860149882153
0.703823934309203,0.0328699497263432,0.133469345657304,0.145636228003563
0.70311537580188,0.0327655451123572,0.133324789339301,0.145413036127633
0.702407249089423,0.0326616673232982,0.133180652231275,0.145190570608352
0.701699556447073,0.0325583127338383,0.133036932341027,0.14496882782426
0.70099230013344,0.0324554777501328,0.132893627689542,0.144747804178239
0.700285482390573,0.0323531588094914,0.132750736310881,0.144527496097313
0.699579105444029,0.0322513523800523,0.132608256252067,0.144307900032436
0.698873171502948,0.0321500549604618,0.132466185572977,0.144089012458297
0.698167682760113,0.0320492630795566,0.132324522346235,0.143870829873114
0.697462641392024,0.0319489732960503,0.132183264657099,0.143653348798443
0.696758049558968,0.0318491821982242,0.13204241060336,0.143436565778977
0.696053909405085,0.0317498864036209,0.131901958295236,0.143220477382355
0.695350223058437,0.0316510825587424,0.131761905855267,0.143005080198968
0.694646992631079,0.0315527673387516,0.131622251418209,0.142790370841772
0.693944220219121,0.031454937447177,0.131482993130939,0.142576345946099
0.693241907902805,0.0313575896156217,0.131344129152347,0.142363002169468
0.692540057746564,0.031260720603475,0.13120565765324,0.142150336191406
0.691838671799096,0.0311643271976285,0.131067576816242,0.141938344713261
0.691137752093431,0.0310684062121943,0.130929884835696,0.141727024458026
0.690437300646994,0.0309729544882279,0.130792579917566,0.141516372170155
0.68973731946168,0.0308779688934534,0.130655660279344,0.141306384615391
0.689037810523912,0.0307834463219926,0.130519124149952,0.141097058580586
0.688338775804717,0.0306893836940965,0.130382969769649,0.140888390873534
0.687640217259788,0.0305957779558811,0.13024719538994,0.140680378322792
0.686942136829552,0.0305026260790658,0.130111799273479,0.140473017777515
0.686244536439236,0.0304099250607143,0.129976779693981,0.140266306107287
0.685547417998935,0.0303176719229793,0.129842134936134,0.140060240201951
0.684850783403676,0.0302258637128503,0.129707863295505,0.139854816971447
0.684154634533487,0.0301344975019037,0.129573963078451,0.139650033345651
0.683458973253463,0.0300435703860564,0.129440432602038,0.139445886274205
0.682763801413829,0.0299530794853218,0.129307270193947,0.139242372726366
0.682069120850009,0.0298630219435693,0.129174474192392,0.139039489690842
0.681374933382688,0.029773394928286,0.129042042946033,0.138837234175635
0.680681240817881,0.0296841956303413,0.128909974813893,0.138635603207886
0.679988044946999,0.0295954212637544,0.128778268165274,0.138434593833725
0.67929534754691,0.0295070690654651,0.128646921379676,0.13823420311811
0.678603150380005,0.0294191362951051,0.128515932846711,0.138034428144685
0.677911455194269,0.0293316202347751,0.128385300966028,0.137835266015621
0.677220263723335,0.0292445181888216,0.128255024147226,0.137636713851479
0.676529577686559,0.0291578274836184,0.128125100809782,0.137438768791051
0.675839398789076,0.0290715454673487,0.127995529382966,0.137241427991225
0.675149728721871,0.0289856695097917,0.127866308305766,0.137044688626834
0.674460569161839,0.0289001970021102,0.127737436026812,0.136848547890517
0.67377192177185,0.0288151253566409,0.127608911004295,0.136653002992578
0.673083788200813,0.0287304520066877,0.127480731705899,0.136458051160843
0.672396170083738,0.0286461744063168,0.127352896608719,0.136263689640525
0.671709069041802,0.028562290030154,0.127225404199188,0.136069915694084
0.671022486682412,0.0284787963731853,0.127098252973009,0.135876726601094
0.670336424599265,0.0283956909505581,0.126971441435075,0.135684119658105
0.669650884372415,0.0283129712973866,0.126844968099402,0.135492092178512
0.668965867568333,0.0282306349685577,0.126718831489054,0.135300641492423
0.668281375739969,0.0281486795385401,0.126593030136076,0.135109764946527
0.66759741042682,0.0280671026011952,0.126467562581421,0.134919459903963
0.666913973154985,0.0279859017695905,0.126342427374882,0.134729723744197
0.666231065437231,0.0279050746758143,0.126217623075024,0.13454055386289
0.665548688773055,0.0278246189707933,0.126093148249113,0.134351947671771
0.664866844648744,0.027744532324112,0.125969001473053,0.134163902598518
0.66418553453744,0.0276648124238336,0.125845181331314,0.133976416086629
0.663504759899197,0.0275854569763241,0.125721686416872,0.133789485595302
0.662824522181046,0.0275064637060769,0.125598515331137,0.133603108599313
0.662144822817053,0.0274278303555406,0.125475666683894,0.133417282588895
0.661465663228383,0.0273495546849479,0.125353139093235,0.133232005069623
0.660787044823361,0.0272716344721465,0.125230931185496,0.133047273562289
0.660108968997526,0.0271940675124327,0.125109041595194,0.132863085602792
0.659431437133702,0.0271168516183858,0.124987468964966,0.132679438742018
0.658754450602051,0.0270399846197046,0.124866211945506,0.132496330545725
0.658078010760132,0.0269634643630462,0.124745269195502,0.132313758594434
0.657402118952967,0.026887288711866,0.124624639381577,0.132131720483311
0.656726776513098,0.0268114555462598,0.124504321178231,0.131950213822059
0.656051984760645,0.0267359627628075,0.124384313267775,0.131769236234804
0.655377745003365,0.0266608082744183,0.12426461434028,0.131588785359989
0.654704058536716,0.0265859900101785,0.124145223093511,0.131408858850266
0.65403092664391,0.0265115059151992,0.124026138232874,0.131229454372381
0.653358350595978,0.026437353950468,0.123907358471356,0.131050569607078
0.652686331651824,0.0263635320927002,0.123788882529469,0.130872202248987
0.652014871058283,0.0262900383341926,0.123670709135195,0.130694350006518
0.651343970050187,0.0262168706826795,0.123552837023926,0.130517010601764
0.650673629850413,0.0261440271611884,0.123435264938412,0.130340181770391
0.650003851669948,0.0260715058078993,0.123317991628707,0.130163861261541
0.649334636707944,0.0259993046760046,0.123201015852111,0.129988046837729
0.648665986151776,0.0259274218335697,0.123084336373117,0.129812736274743
0.647997901177102,0.0258558553633971,0.122967951963362,0.129637927361546
0.647330382947916,0.02578460336289,0.122851861401567,0.129463617900178
0.64666343261661,0.0257136639439183,0.122736063473491,0.129289805705656
0.645997051324025,0.0256430352326865,0.122620556971873,0.129116488605881
0.645331240199515,0.0255727153696016,0.122505340696388,0.128943664441541
0.644666000360997,0.0255027025091436,0.122390413453588,0.128771331066014
0.644001332915013,0.0254329948197375,0.122275774056857,0.12859948634528
0.643337238956782,0.0253635904836254,0.122161421326357,0.12842812815782
0.642673719570258,0.0252944876967411,0.122047354088983,0.128257254394532
0.642010775828186,0.0252256846685859,0.121933571178309,0.128086862958633
0.641348408792159,0.0251571796221053,0.121820071434543,0.127916951765572
0.640686619512671,0.025088970793567,0.121706853704474,0.12774751874294
0.640025409029173,0.025021056432441,0.12159391684143,0.127578561830378
0.639364778370129,0.0249534348012799,0.121481259705226,0.127410078979495
0.638704728553074,0.0248861041756009,0.121368881162119,0.127242068153773
0.63804526058466,0.0248190628437695,0.121256780084759,0.127074527328486
0.637386375460722,0.0247523091068836,0.121144955352147,0.126907454490611
0.636728074166324,0.0246858412786596,0.121033405849585,0.126740847638746
0.636070357675818,0.0246196576853187,0.120922130468632,0.126574704783022
0.635413226952897,0.0245537566654759,0.12081112810706,0.126409023945022
0.634756682950645,0.0244881365700284,0.120700397668809,0.126243803157695
0.6341007266116,0.0244227957620466,0.12058993806394,0.12607904046528
0.633445358867797,0.0243577326166657,0.120479748208596,0.125914733923216
0.63279058064083,0.0242929455209779,0.120369827024954,0.125750881598068
0.632136392841902,0.0242284328739266,0.120260173441184,0.125587481567446
0.631482796371874,0.0241641930862013,0.120150786391408,0.12542453191992
0.630829792121327,0.0241002245801338,0.120041664815653,0.12526203075495
0.630177380970606,0.0240365257895945,0.119932807659813,0.125099976182801
0.629525563789881,0.0239730951598916,0.119824213875607,0.12493836632447
0.628874341439187,0.0239099311476696,0.119715882420535,0.124777199311605
0.628223714768492,0.0238470322208099,0.119607812257839,0.124616473286433
0.627573684617736,0.0237843968583318,0.119500002356465,0.124456186401684
0.626924251816891,0.0237220235502948,0.119392451691018,0.124296336820516
0.626275417186006,0.0236599107977021,0.119285159241724,0.124136922716437
0.625627181535267,0.023598057112405,0.119178123994391,0.123977942273239
0.624979545665038,0.0235364610170074,0.119071344940371,0.123819393684919
0.624332510365923,0.0234751210447729,0.118964821076519,0.123661275155609
0.623686076418809,0.0234140357395317,0.118858551405155,0.123503584899506
0.623040244594917,0.0233532036555883,0.118752534934027,0.1233463211408
0.622395015655861,0.023292623357631,0.118646770676269,0.123189482113599
0.621750390353687,0.0232322934206421,0.118541257650372,0.123033066061868
0.621106369430933,0.0231722124298079,0.118435994880138,0.122877071239354
0.620462953620673,0.0231123789804317,0.118330981394647,0.122721495909518
0.61982014364657,0.0230527916778453,0.11822621622822,0.122566338345468
0.619177940222922,0.0229934491373233,0.118121698420384,0.122411596829892
0.618536344054717,0.0229343499839975,0.118017427015834,0.122257269654988
0.61789535583768,0.022875492852772,0.117913401064398,0.122103355122404
0.617254976258319,0.0228168763882393,0.117809619621001,0.121949851543166
0.616615205993981,0.0227584992445974,0.117706081745632,0.121796757237614
0.615976045712894,0.0227003600855678,0.117602786503307,0.121644070535342
0.615337496074219,0.0226424575843137,0.117499732964037,0.121491789775128
0.614699557728097,0.0225847904233601,0.117396920202791,0.121339913304874
0.614062231315702,0.0225273572945133,0.117294347299462,0.12118843948154
0.613425517469282,0.0224701568987825,0.117192013338838,0.121037366671087
0.612789416812212,0.0224131879463017,0.117089917410561,0.120886693248408
0.612153929959041,0.0223564491562518,0.116988058609104,0.12073641759727
0.611519057515538,0.0222999392567845,0.116886436033727,0.120586538110257
0.610884800078741,0.0222436569849461,0.116785048788454,0.1204370531887
0.610251158237004,0.0221876010866027,0.116683895982033,0.120287961242627
0.609618132570044,0.0221317703163654,0.116582976727912,0.120139260690696
0.608985723648988,0.0220761634375173,0.116482290144199,0.119990949960141
0.608353932036419,0.02202077922194,0.116381835353638,0.11984302748671
0.607722758286424,0.0219656164500418,0.116281611483573,0.119695491714611
0.607092202944639,0.0219106739106859,0.116181617665916,0.119548341096449
0.606462266548296,0.0218559504011198,0.116081853037124,0.119401574093175
0.605832949626272,0.0218014447269056,0.115982316738158,0.119255189174024
0.605204252699127,0.0217471557018496,0.115883007914461,0.119109184816463
0.604576176279158,0.0216930821479347,0.115783925715926,0.118963559506133
0.603948720870442,0.0216392228952517,0.115685069296862,0.118818311736794
