"Xyleborus germanus","Coptoborus pseudotenuis","Euwallacea validus","Xyleborus affinis"
0.980791816454381,0.999961107099517,0.999819914261575,0.999976262834962
0.967928566001703,0.999836481624852,0.999459028043729,0.999928098216871
0.956876283768859,0.999621257852198,0.998970827456769,0.999862509660105
0.946917331692082,0.9993127901273,0.998376111686748,0.999782224996289
0.93773579073292,0.998909271268427,0.997687453148295,0.999688884471214
0.929154248108903,0.998409377336504,0.996913650199261,0.999583626803212
0.921059401048456,0.997812114248619,0.9960613769678,0.999467307290644
0.913372784504165,0.997116736657965,0.995135965838873,0.999340601611912
0.906036926803721,0.996322699588282,0.994141835229612,0.999204062741554
0.899007963066936,0.995429627139845,0.993082746610548,0.999058155242251
0.892251340006265,0.994437290969624,0.991961969785929,0.99890327737573
0.885739150991781,0.99334559475896,0.990782394787039,0.998739776111338
0.879448396479085,0.992154562539749,0.989546610743398,0.998567957733523
0.873359801061116,0.990864329605878,0.98825696331809,0.99838809558746
0.867456981462737,0.989475135210215,0.986915597671594,0.998200435889347
0.861725844587649,0.987987316524513,0.985524491332704,0.998005202184692
0.856154141402445,0.986401303509327,0.984085479834444,0.99780259883581
0.850731129387649,0.984717614449055,0.982600277040498,0.997592813795701
0.84544731248167,0.982936851978352,0.981070491495294,0.997376020846565
0.840294237522855,0.981059699474231,0.979497639742858,0.997152381429483
0.835264332659941,0.979086917721605,0.97788315729852,0.996922046156955
0.830350777459703,0.977019341783699,0.976228407777781,0.996685156075948
0.825547397312477,0.974857878025874,0.974534690560271,0.996441843732237
0.820848576713995,0.972603501254059,0.97280324727615,0.996192234074661
0.816249187389992,0.970257251938381,0.971035267336414,0.99593644522913
0.811744528220841,0.967820233499762,0.969231892679761,0.995674589165641
0.807330274641812,0.965293609642702,0.967394221872189,0.995406772276675
0.803002435722673,0.962678601721778,0.965523313667703,0.995133095881625
0.798757317523752,0.95997648613266,0.963620190117251,0.994853656669029
0.794591491622048,0.957188591721139,0.961685839296503,0.994568547086181
0.790501767926923,0.954316297205716,0.959721217710102,0.994277855683919
0.786485171078835,0.95136102861099,0.957727252419843,0.993981667423043
0.782538919859674,0.948324256710416,0.955704842936037,0.993680063947706
0.778660409149246,0.945207494478087,0.953654862904809,0.993373123830216
0.774847194046137,0.94201229455004,0.951578161618759,0.993060922791011
0.77109697583787,0.938740246696298,0.949475565374098,0.99274353389695
0.767407589558763,0.935392975305365,0.947347878693858,0.992421027740607
0.763776992917048,0.931972136883367,0.945195885433819,0.992093472602847
0.760203256407934,0.928479417570304,0.943020349785429,0.991760934600642
0.756684554457973,0.924916530676177,0.940822017187919,0.991423477821814
0.753219157469666,0.921285214239874,0.938601615160176,0.991081164448143
0.74980542465475,0.917587228613856,0.93635985406148,0.99073405486813
0.746441797560791,0.913824354077717,0.934097427789023,0.990382207780473
0.743126794209239,0.909998388483729,0.931815014419115,0.99002568028925
0.739859003774404,0.906111144937447,0.929513276798086,0.989664527991621
0.736637081742395,0.902164449516418,0.927192863088175,0.989298805058805
0.733459745497094,0.898160139029938,0.924854407273043,0.988928564310972
0.730325770287118,0.89410005882272,0.922498529626995,0.988553857286627
0.727233985533544,0.889986060625187,0.920125837151525,0.988174734307
0.724183271443162,0.885820000452999,0.917736923982379,0.987791244535888
0.721172555896328,0.881603736558241,0.915332371769976,0.987403436035361
0.718200811582134,0.877339127434554,0.912912750035708,0.987011355817685
0.715267053356842,0.873028029878293,0.910478616506369,0.986615049893787
0.712370335804263,0.868672297107665,0.908030517428719,0.98621456331856
0.709509750979159,0.864273776941548,0.90556898786598,0.985809940233254
0.706684426316848,0.859834310039565,0.903094551977872,0.985401223905199
0.703893522693995,0.855355728204752,0.900607723285635,0.984988456765069
0.701136232627196,0.850839852749996,0.898109004923329,0.984571680441879
0.698411778597339,0.846288492929219,0.895598889876586,0.984150935795882
0.695719411488976,0.841703444434082,0.893077861209868,0.98372626294954
0.693058409135013,0.837086487956833,0.890546392283169,0.983297701316691
0.690428074958025,0.832439387819695,0.888004946959038,0.982865289630065
0.687827736700284,0.827763890671063,0.885453979800688,0.982429065967248
0.685256745235435,0.823061724248554,0.882893936261891,0.98198906777522
0.682714473455349,0.818334596208852,0.880325252869314,0.981545331893549
0.680200315226326,0.813584193024057,0.877748357397853,0.981097894576353
0.677713684409353,0.808812178944174,0.875163669039514,0.980646791513093
0.675254013939578,0.804020195025164,0.872571598566296,0.980192057848294
0.672820754960614,0.79920985822189,0.869972548487529,0.979733728200245
0.670413376009674,0.794382760545143,0.867366913202055,0.979271836678755
0.66803136224985,0.789540468281814,0.86475507914562,0.978806416902034
0.665674214746217,0.784684521277163,0.862137424933791,0.978337502012724
0.663341449782661,0.779816432278052,0.859514321500717,0.977865124693172
0.661032598216646,0.774937686335876,0.856886132234003,0.977389317179953
0.658747204869318,0.770049740267885,0.854253213105935,0.976910111277722
0.656484827948571,0.765154022175471,0.851615912801304,0.976427538372407
0.654245038502897,0.76025193101795,0.848974572842031,0.975941629443798
0.652027419903994,0.755344836240284,0.846329527708776,0.975452415077569
0.649831567356285,0.750434077453167,0.843681104959724,0.974959925476748
0.647657087431616,0.745520964163806,0.841029625346698,0.974464190472684
0.645503597627559,0.740606775555731,0.838375402928742,0.973965239535535
0.643370725947843,0.735692760315903,0.835718745183326,0.973463101784291
0.641258110503557,0.730780136507385,0.83305995311528,0.972957805996382
0.639165399133864,0.725870091485809,0.83039932136358,0.972449380616864
0.637092249045047,0.720963781857857,0.827737138306087,0.971937853767228
0.635038326466808,0.716062333479988,0.825073686162338,0.971423253253843
0.633003306324808,0.711166841495596,0.822409241094475,0.970905606576053
0.630986871928501,0.706278370408845,0.819744073306395,0.970384940933945
0.628988714673395,0.701397954193388,0.817078447141187,0.969861283235805
0.627008533756905,0.696526596434212,0.814412621176941,0.969334660105279
0.625046035907065,0.691665270500858,0.811746848320977,0.968805097888254
0.623100935123354,0.68681491975031,0.809081375902556,0.968272622659472
0.621172952428998,0.68197645775782,0.806416445764136,0.967737260228885
0.619261815634114,0.67715076857403,0.803752294351204,0.967199036147775
0.617367259109107,0.67233870700673,0.80108915280075,0.966657975714641
0.615489023567797,0.667541098925646,0.798427247028405,0.966114103980865
0.613626855859742,0.662758741588689,0.795766797814303,0.965567445756168
0.611780508771291,0.657992403988133,0.79310802088768,0.965018025613874
0.609949740834918,0.653242827215218,0.790451127010262,0.964465867895974
0.608134316146406,0.648510724841737,0.787796322058466,0.963910996718015
0.606334004189498,0.643796783317192,0.785143807104435,0.963353435973813
0.604548579667625,0.63910166238015,0.782493778495948,0.962793209340001
0.602777822342381,0.634425995482482,0.779846427935218,0.962230340280418
0.601021516878393,0.629770390225209,0.777201942556604,0.961664852050351
0.599279452694293,0.625135428804732,0.77456050500326,0.961096767700621
0.597551423819489,0.620521668468253,0.771922293502743,0.960526110081546
0.595837228756463,0.615929641977254,0.769287481941586,0.959952901846757
0.594136670348326,0.611359858077958,0.766656239938876,0.9593771654569
0.592449555651403,0.606812801977713,0.764028732918827,0.958798923183201
0.590775695812592,0.602288935826308,0.761405122182385,0.958218197110933
0.589114905951295,0.597788699201285,0.758785564977864,0.957635009142753
0.587467005045708,0.593312509596318,0.756170214570644,0.957049381001944
0.585831815823261,0.588860762911818,0.753559220311917,0.956461334235551
0.584209164655049,0.584433833946946,0.750952727706528,0.955870890217415
0.582598881454047,0.580032076892251,0.748350878479883,0.955278070151117
0.581000799576964,0.57565582582222,0.74575381064398,0.954682895072829
0.579414755729568,0.57130539518703,0.743161658562526,0.954085385854074
0.577840589875333,0.566981080302882,0.740574553015191,0.953485563204409
0.576278145147268,0.562683157840274,0.737992621260987,0.952883447674024
0.57472726776279,0.558411886309685,0.735415987100777,0.95227905965626
0.57318780694151,0.554167506544084,0.732844770938946,0.951672419390058
0.571659614825821,0.54995024217783,0.730279089844219,0.95106354696233
0.570142546404156,0.545760300121443,0.727719057609649,0.950452462310271
0.568636459436823,0.541597871031857,0.725164784811776,0.94983918522359
0.567141214384292,0.537463129777733,0.722616378868968,0.949223735346692
0.565656674337857,0.5333562358995,0.720073944098955,0.948606132180784
0.564182704952555,0.529277334063748,0.717537581775555,0.947986395085936
0.562719174382276,0.525226554511708,0.71500739018461,0.94736454328307
0.561265953216948,0.521204013501509,0.712483464679133,0.946740595855906
0.559822914421745,0.517209813743989,0.709965897733671,0.946114571752849
0.558389933278221,0.513244044831817,0.707454778997903,0.945486489788824
0.556966887327293,0.509306783661718,0.704950195349468,0.944856368647063
0.555553656314023,0.505398094849652,0.702452230946031,0.944224226880845
0.554150122134103,0.50151803113876,0.699960967276609,0.943590082915191
0.552756168781997,0.497666633799957,0.697476483212138,0.942953955048506
0.551371682300675,0.493843933025059,0.694998855055319,0.942315861454192
0.549996550732868,0.490049948312333,0.692528156589718,0.941675820182207
0.548630664073807,0.486284688844405,0.690064459128159,0.941033849160591
0.547273914225375,0.482548153858463,0.687607831560384,0.94038996619695
0.545926194951624,0.478840333008693,0.685158340400019,0.939744188979904
0.544587401835613,0.475161206720933,0.682716049830829,0.9390965350805
0.543257432237514,0.471510746539528,0.680281021752276,0.938447021953584
0.541936185253947,0.467888915466362,0.677853315824397,0.937795666939151
0.540623561678485,0.4642956682921,0.675432989511994,0.937142487263647
0.539319463963309,0.460730951919633,0.673020098128146,0.936487500041253
0.538023796181957,0.457194705679786,0.670614694877065,0.935830722275129
0.536736463993134,0.453686861639295,0.668216830896278,0.935172170858636
0.535457374605544,0.450207344901131,0.665826555298158,0.934511862576521
0.534186436743715,0.446756073897209,0.663443915210818,0.933849814106082
0.532923560614777,0.443332960673553,0.661068955818348,0.9331860420183
0.531668657876157,0.439937911167998,0.658701720400432,0.932520562778952
0.530421641604178,0.436570825480488,0.656342250371327,0.931853392749689
0.529182426263502,0.433231598136077,0.653990585318234,0.931184548189098
0.527950927677422,0.429920118340709,0.651646763039046,0.93051404525374
0.526727062998949,0.426636270229874,0.649310819579492,0.929841899999156
0.525510750682679,0.423379933110247,0.646982789269688,0.929168128380865
0.524301910457417,0.420150981694405,0.644662704760084,0.928492746255327
0.523100463299522,0.416949286328736,0.642350597056836,0.927815769380892
0.521906331406969,0.413774713214648,0.640046495556591,0.927137213418731
0.520719438174076,0.410627124623184,0.637750428080705,0.92645709393374
0.51953970816691,0.407506379103179,0.635462420908895,0.92577542639543
0.51836706709932,0.404412331683051,0.633182498812329,0.925092226178799
0.51720144180959,0.401344834066362,0.630910685086163,0.924407508565185
0.516042760237701,0.398303734821266,0.628647001581543,0.923721288743098
0.514890951403164,0.395288879563967,0.626391468737059,0.923033581809041
0.513745945383418,0.392300111136299,0.624144105609664,0.922344402768311
0.512607673292783,0.389337269777568,0.621904929905082,0.921653766535785
0.511476067261925,0.38640019329077,0.619673958007684,0.920961687936692
0.510351060417853,0.383488717203303,0.617451205009859,0.920268181707367
0.509232586864397,0.380602674922313,0.615236684740875,0.919573262495992
0.508120581663179,0.377741897884779,0.613030409795252,0.918876944863323
0.507014980815044,0.374906215702469,0.610832391560628,0.918179243283406
0.505915721241954,0.372095456301889,0.608642640245148,0.917480172144272
0.504822740769314,0.36930944605935,0.606461164904376,0.916779745748628
0.503735978108728,0.366548009931254,0.604287973467728,0.916077978314528
0.502655372841174,0.363810971579748,0.60212307276444,0.915374883976038
0.501580865400576,0.36109815349384,0.599966468549084,0.914670476783883
0.500512397057767,0.358409377106097,0.597818165526617,0.913964770706088
0.499449909904839,0.355744462905062,0.595678167376992,0.913257779628606
0.498393346839858,0.353103230543467,0.593546476779329,0.912549517355929
0.497342651551927,0.350485498942387,0.591423095435643,0.911839997611701
0.49629776850662,0.347891086391434,0.58930802409415,0.911129234039308
0.49525864293173,0.345319810645086,0.587201262572149,0.910417240202463
0.494225220803363,0.342771489015291,0.585102809778487,0.909704029585787
0.493197448832343,0.340245938460416,0.583012663735611,0.908989615595369
0.492175274450932,0.337742975670666,0.580930821601223,0.908274011559324
0.491158645799848,0.335262417150072,0.578857279689524,0.907557230728343
0.490147511715582,0.332804079295141,0.576792033492081,0.906839286276229
0.489141821717993,0.330367778470277,0.574735077698291,0.90612019130043
0.488141525998193,0.327953331080055,0.572686406215477,0.905399958822557
0.487146575406687,0.325560553638455,0.5706460121886,0.904678601788901
0.486156921441794,0.323189262835139,0.568613888019608,0.903956133070939
0.485172516238302,0.320839275598873,0.566590025386413,0.903232565465829
0.484193312556399,0.318510409158168,0.564574415261518,0.902507911696905
0.483219263770818,0.316202481099232,0.562567047930283,0.901782184414156
0.482250323860243,0.313915309421326,0.56056791300885,0.901055396194708
0.481286447396928,0.311648712589593,0.558576999461725,0.900327559543285
0.48032758953655,0.309402509585449,0.556594295619016,0.899598686892682
0.479373706008271,0.30717651995461,0.55461978919335,0.898868790604212
0.478424753105025,0.304970563852839,0.552653467296455,0.89813788296816
0.477480687673994,0.302784462089478,0.550695316455428,0.897405976204226
0.476541467107308,0.300618036168842,0.54874532262868,0.896673082461962
0.475607049332919,0.298471108329557,0.546803471221578,0.895939213821203
0.474677392805682,0.296343501581886,0.544869747101771,0.895204382292493
0.473752456498615,0.294235039743139,0.542944134614227,0.894468599817506
0.472832199894345,0.292145547471214,0.541026617595965,0.893731878269457
0.471916582976728,0.290074850296336,0.539117179390496,0.892994229453515
0.471005566222642,0.288022774651067,0.537215802861987,0.892255665107204
0.470099110593952,0.285989147898628,0.53532247040913,0.891516196900804
0.469197177529635,0.283973798359617,0.533437163978745,0.890775836437742
0.468299728938067,0.281976555337153,0.531559865079102,0.890034595254985
0.467406727189469,0.279997249140525,0.529690554792983,0.889292484823418
0.466518135108498,0.278035711107389,0.527829213790478,0.88854951654823
0.465633915966998,0.276091773624555,0.525975822341514,0.887805701769284
0.464754033476884,0.274165270147451,0.524130360328145,0.887061051761489
0.463878451783177,0.272256035218261,0.522292807256576,0.886315577735169
0.463007135457172,0.270363904482839,0.520463142268953,0.885569290836421
0.462140049489745,0.2684887147064,0.518641344154906,0.884822202147474
0.461277159284786,0.266630303788066,0.516827391362851,0.884074322687045
0.460418430652768,0.264788510774293,0.515021262011069,0.883325663410686
0.459563829804434,0.262963175871229,0.513222933898542,0.882576235211133
0.458713323344611,0.261154140456039,0.511432384515575,0.881826048918645
0.457866878266145,0.259361247087243,0.509649591054193,0.881075115301346
0.457024461943948,0.257584339514103,0.507874530418312,0.880323445065558
0.456186042129164,0.255823262685092,0.506107179233712,0.879571048856135
0.455351586943443,0.254077862755494,0.504347513857789,0.878817937256788
0.454521064873327,0.252347987094148,0.502595510389098,0.878064120790412
0.453694444764738,0.250633484289403,0.500851144676706,0.877309609919408
0.452871695817579,0.248934204154281,0.499114392329335,0.876554415046002
0.452052787580424,0.247249997730903,0.497385228724308,0.875798546512555
0.451237689945319,0.245580717294208,0.495663629016318,0.875042014601885
0.450426373142672,0.243926216354981,0.493949568145989,0.874284829537566
0.449618807736243,0.242286349662233,0.492243020848266,0.873527001484242
0.448814964618225,0.240660973204952,0.490543961660617,0.872768540547927
0.448014815004415,0.239049944213263,0.488852364931056,0.872009456776308
0.447218330429475,0.237453121159002,0.487168204825997,0.871249760159038
0.446425482742279,0.23587036375576,0.485491455337926,0.87048946062804
0.445636244101343,0.234301532958388,0.483822090292914,0.869728568057791
0.444850586970345,0.232746490962012,0.482160083357957,0.868967092265617
0.444068484113717,0.231205101200571,0.480505408048157,0.86820504301198
0.44328990859232,0.229677228344902,0.478858037733743,0.867442430000762
0.442514833759203,0.22816273830038,0.477217945646932,0.866679262879551
0.441743233255424,0.226661498204162,0.475585104888642,0.865915551239917
0.440975081005962,0.225173376422028,0.473959488435047,0.865151304617693
0.440210351215685,0.223698242544847,0.472341069143994,0.86438653249325
0.439449018365406,0.222235967384693,0.470729819761256,0.863621244291771
0.438691057207993,0.22078642297062,0.46912571292667,0.862855449383525
0.437936442764558,0.219349482544114,0.467528721180104,0.862089157084129
0.437185150320711,0.217925020554247,0.465938816967315,0.861322376654825
0.436437155422872,0.216512912652533,0.464355972645651,0.860555117302738
0.435692433874657,0.215113035687522,0.462780160489632,0.859787388181143
0.434950961733322,0.213725267699127,0.4612113526964,0.859019198389724
0.434212715306265,0.21234948791271,0.459649521391038,0.858250556974835
0.433477671147597,0.210985576732935,0.458094638631769,0.857481472929758
0.43274580605476,0.209633415737411,0.456546676415028,0.856711955194957
0.432017097065215,0.208292887670117,0.455005606680418,0.855942012658332
0.431291521453178,0.206963876434649,0.453471401315545,0.855171654155472
0.430569056726409,0.205646267087278,0.451944032160742,0.854400888469907
0.429849680623071,0.204339945829836,0.450423471013674,0.85362972433335
0.429133371108619,0.203044800002454,0.448909689633838,0.852858170425953
0.428420106372759,0.201760718076137,0.447402659746951,0.852086235376546
0.427709864826454,0.200487589645218,0.445902353049229,0.851313927762881
0.427002625098969,0.199225305419664,0.444408741211566,0.850541256111878
0.426298366034984,0.197973757217284,0.442921795883612,0.84976822889986
0.425597066691738,0.196732837955806,0.441441488697739,0.848994854552797
0.424898706336225,0.195502441644866,0.439967791272926,0.84822114144654
0.424203264442446,0.194282463377902,0.43850067521853,0.847447097907059
0.423510720688687,0.193072799323952,0.437040112137978,0.846672732210677
0.422821054954861,0.191873346719388,0.435586073632351,0.8458980525843
0.422134247319877,0.190684003859568,0.43413853130389,0.845123067205654
0.421450278059063,0.18950467009043,0.432697456759406,0.844347784203511
0.420769127641628,0.188335245800024,0.431262821613604,0.843572211657921
0.420090776728157,0.18717563241,0.429834597492322,0.842796357600436
0.419415206168158,0.186025732367043,0.428412756035687,0.842020230014339
0.418742396997643,0.184885449134273,0.426997268901184,0.841243836834869
0.418072330436741,0.183754687182614,0.425588107766653,0.840467185949441
0.417404987887364,0.182633351982129,0.424185244333199,0.839690285197873
0.416740350930894,0.181521349993335,0.422788650328031,0.838913142372607
0.416078401325919,0.180418588658505,0.421398297507218,0.838135765218922
0.415419121005994,0.179324976392946,0.420014157658381,0.837358161435162
0.414762492077447,0.178240422576276,0.418636202603301,0.836580338672948
0.414108496817214,0.177164837543694,0.417264404200465,0.835802304537396
0.413457117670706,0.176098132577251,0.415898734347539,0.835024066587331
0.412808337249715,0.175040219897122,0.41453916498377,0.834245632335504
0.412162138330345,0.173991012652884,0.413185668092325,0.833467009248801
0.411518503850984,0.17295042491481,0.411838215702565,0.832688204748457
0.410877416910299,0.171918371665173,0.410496779892251,0.831909226210267
0.410238860765264,0.170894768789564,0.40916133278969,0.831130080964797
0.409602818829224,0.169879533068241,0.407831846575821,0.830350776297589
0.408969274669977,0.168872582167484,0.406508293486235,0.829571319449371
0.408338212007896,0.167873834630998,0.405190645813143,0.828791717616264
0.407709614714078,0.166883209871321,0.403878875907284,0.828011977949987
0.407083466808511,0.165900628161284,0.40257295617977,0.827232107558061
0.40645975245828,0.164926010625486,0.401272859103893,0.826452113504012
0.405838455975797,0.163959279231819,0.399978557216851,0.825672002807578
0.405219561817054,0.163000356783025,0.398690023121453,0.824891782444904
0.404603054579903,0.162049166908287,0.397407229487743,0.82411145934875
0.403988919002368,0.161105634054874,0.396130149054593,0.823331040408682
0.403377139960971,0.160169683479818,0.394858754631236,0.82255053247128
0.402767702469092,0.159241241241639,0.393593019098757,0.821769942340331
0.402160591675352,0.158320234192124,0.392332915411532,0.820989276777027
0.40155579286201,0.157406589968141,0.391078416598618,0.820208542500159
0.400953291443399,0.156500236983513,0.38982949576511,0.819427746186317
0.400353072964374,0.155601104420937,0.388586126093437,0.818646894470081
0.399755123098786,0.154709122223962,0.387348280844626,0.817865993944216
0.399159427647973,0.153824221089006,0.386115933359519,0.817085051159863
0.398565972539288,0.152946332457445,0.384889057059951,0.816304072626733
0.397974743824626,0.152075388507741,0.383667625449882,0.815523064813296
0.397385727678994,0.151211322147641,0.382451612116495,0.814742034146973
0.396798910399085,0.150354067006415,0.381240990731251,0.813960987014324
0.396214278401882,0.149503557427174,0.38003573505091,0.813179929761239
0.395631818223277,0.148659728459222,0.37883581891851,0.812398868693122
0.395051516516714,0.147822515850491,0.377641216264312,0.811617810075081
0.394473360051847,0.146991856040011,0.37645190110671,0.810836760132113
0.393897335713219,0.146167686150466,0.375267847553104,0.810055725049289
0.393323430498961,0.145349943980788,0.374089029800744,0.809274710971941
0.392751631519506,0.144538567998826,0.372915422137531,0.808493724005843
0.392181925996321,0.143733497334074,0.371746998942797,0.807712770217396
0.391614301260665,0.142934671770454,0.370583734688044,0.806931855633809
0.39104874475235,0.14214203173917,0.369425603937657,0.806150986243282
0.390485244018533,0.14135551831162,0.368272581349586,0.805370167995188
0.389923786712515,0.140575073192372,0.367124641675996,0.804589406800248
0.389364360592563,0.139800638712201,0.365981759763889,0.803808708530717
0.388806953520746,0.139032157821189,0.364843910555702,0.80302807902056
0.388251553461783,0.138269574081893,0.36371106908987,0.802247524065628
0.387698148481914,0.137512831662567,0.362583210501366,0.801467049423839
0.387146726747784,0.136761875330457,0.361460310022214,0.800686660815352
0.386597276525336,0.136016650445153,0.360342342981977,0.799906363922744
0.386049786178729,0.135277102952003,0.35922928480822,0.799126164391185
0.385504244169265,0.134543179375597,0.358121111026946,0.798346067828614
0.384960639054329,0.133814826813307,0.357017797263009,0.797566079805911
0.384418959486351,0.133091992928896,0.355919319240504,0.79678620585707
0.38387919421177,0.13237462594618,0.354825652783137,0.796006451479375
0.383341332070024,0.131662674642766,0.353736773814566,0.795226822133565
0.382805361992545,0.130956088343843,0.352652658358726,0.794447323244015
0.382271273001773,0.130254816916037,0.351573282540129,0.793667960198897
0.381739054210179,0.12955881076133,0.350498622584148,0.792888738350357
0.381208694819303,0.128868020811039,0.349428654817273,0.792109663014681
0.380680184118805,0.128182398519858,0.348363355667356,0.791330739472462
0.380153511485528,0.127501895859963,0.347302701663828,0.790551972968774
0.379628666382571,0.126826465315169,0.346246669437907,0.789773368713332
0.379105638358381,0.126156059875163,0.345195235722777,0.788994931880665
0.378584417045848,0.125490633029784,0.344148377353757,0.788216667610279
0.37806499216142,0.124830138763367,0.343106071268449,0.787438581006821
0.377547353504221,0.124174531549154,0.34206829450687,0.78666067714025
0.37703149095519,0.12352376634375,0.341035024211568,0.785882961045993
0.376517394476225,0.122877798581654,0.340006237627719,0.785105437725116
0.376005054109336,0.122236584169838,0.33898191210321,0.784328112144482
0.375494459975819,0.121600079482386,0.337962025088709,0.783550989236917
0.374985602275428,0.120968241355195,0.336946554137715,0.78277407390137
0.374478471285566,0.120341027080729,0.3359354769066,0.781997371003074
0.373973057360485,0.119718394402835,0.334928771154626,0.781220885373708
0.373469350930494,0.119100301511611,0.333926414743963,0.780444621811555
0.372967342501178,0.118486707038332,0.33292838563968,0.779668585081665
0.372467022652628,0.117877570050434,0.331934661909728,0.778892779916011
0.371968382038681,0.117272850046549,0.330945221724916,0.778117211013647
0.371471411386166,0.116672506951601,0.329960043358861,0.777341883040867
0.370976101494165,0.116076501111951,0.328979105187941,0.776566800631364
0.370482443233276,0.115484793290601,0.328002385691225,0.775791968386382
0.369990427544897,0.114897344662446,0.327029863450395,0.775017390874877
0.369500045440504,0.114314116809586,0.32606151714966,0.774243072633668
0.369011288000949,0.113735071716684,0.325097325575654,0.773469018167594
0.368524146375767,0.113160171766384,0.324137267617329,0.772695231949671
0.368038611782479,0.112589379734774,0.323181322265828,0.77192171842124
0.367554675505923,0.112022658786902,0.322229468614362,0.771148481992124
0.367072328897575,0.111459972472349,0.321281685858066,0.77037552704078
0.366591563374888,0.11090128472084,0.320337953293848,0.769602857914452
0.366112370420643,0.110346559837922,0.319398250320233,0.768830478929319
0.365634741582294,0.109795762500676,0.318462556437192,0.76805839437065
0.365158668471335,0.109248857753485,0.317530851245969,0.767286608492953
0.364684142762667,0.108705811003853,0.316603114448892,0.766515125520123
0.364211156193976,0.108166588018268,0.315679325849185,0.765743949645596
0.363739700565115,0.107631154918113,0.314759465350761,0.764973085032492
0.363269767737502,0.107099478175628,0.313843512958016,0.764202535813766
0.362801349633509,0.106571524609911,0.312931448775613,0.763432306092359
0.362334438235879,0.106047261382979,0.312023253008259,0.762662399941337
0.361869025587132,0.105526655995857,0.311118905960471,0.761892821404047
0.361405103788991,0.105009676284728,0.310218388036344,0.761123574494256
0.360942665001805,0.104496290417121,0.309321679739301,0.760354663196298
0.360481701443987,0.103986466888141,0.308428761671845,0.759586091465225
0.360022205391455,0.10348017451675,0.307539614535305,0.758817863226941
0.359564169177076,0.102977382442085,0.306654219129569,0.758049982378356
0.359107585190126,0.102478060119824,0.30577255635282,0.757282452787523
0.358652445875746,0.10198217731859,0.304894607201256,0.756515278293782
0.358198743734412,0.101489704116404,0.304020352768816,0.755748462707907
0.357746471321408,0.101000610897169,0.303149774246892,0.754982009812239
0.357295621246304,0.10051486834721,0.30228285292404,0.754215923360838
0.356846186172446,0.100032447451838,0.301419570185687,0.753450207079615
0.356398158816443,0.0995533194919705,0.300559907513827,0.752684864666477
0.355951531947667,0.0990774560407798,0.299703846486721,0.751919899791465
0.355506298387757,0.0986048289603872,0.298851368778588,0.751155316096895
0.355062451010128,0.0981354103985952,0.298002456159289,0.750391117197493
0.354619982739485,0.0976691727856566,0.297157090494014,0.74962730668054
0.354178886551345,0.0972060888310843,0.296315253742958,0.748863888106001
0.353739155471563,0.0967461315204965,0.295476927960999,0.748100865006671
0.353300782575864,0.0962892741125017,0.294642095297367,0.747338240888305
0.352863760989378,0.0958354901356185,0.293810737995315,0.746576019229758
0.352428083886185,0.0953847533852335,0.292982838391781,0.745814203483119
0.351993744488861,0.0949370379205938,0.29215837891705,0.745052797073846
0.351560736068032,0.0944923180618382,0.291337342094415,0.744291803400905
0.35112905194193,0.0940505683870591,0.290519710539829,0.743531225836896
0.350698685475958,0.0936117637294039,0.289705466961559,0.742771067728195
0.350269630082255,0.0931758791742077,0.288894594159835,0.742011332395082
0.349841879219274,0.0927428900561625,0.2880870750265,0.741252023131876
0.349415426391352,0.0923127719565175,0.287282892544649,0.740493143207067
0.348990265148299,0.0918855007003156,0.286482029788277,0.739734695863446
0.348566389084982,0.0914610523536607,0.285684469921914,0.738976684318239
0.348143791840916,0.091039403221018,0.284890196200268,0.738219111763235
0.347722467099862,0.0906205298425476,0.284099191967856,0.737461981364919
0.347302408589428,0.0902044089914687,0.283311440658638,0.736705296264601
0.346883610080671,0.0897910176714555,0.282526925795652,0.735949059578542
0.34646606538771,0.0893803331140643,0.281745630990644,0.735193274398087
0.346049768367338,0.088972332776191,0.280967539943692,0.734437943789793
0.345634712918641,0.0885669943375604,0.280192636442834,0.733683070795553
0.34522089298262,0.0881642956982428,0.279420904363699,0.732928658432728
0.344808302541817,0.0877642149762019,0.278652327669124,0.73217470969427
0.344396935619948,0.0873667305048729,0.277886890408778,0.731421227548853
0.343986786281533,0.0869718208307669,0.277124576718789,0.730668214940992
0.343577848631541,0.0865794647111066,0.276365370821354,0.729915674791176
0.343170116815026,0.0861896411114876,0.275609257024369,0.729163609995987
0.34276358501678,0.0858023292035702,0.274856219721038,0.728412023428228
0.342358247460977,0.085417508362797,0.274106243389499,0.727660917937046
0.341954098410833,0.0850351581661379,0.27335931259243,0.726910296348055
0.34155113216826,0.0846552583898627,0.272615411976677,0.726160161463458
0.341149343073528,0.0842777890073396,0.271874526272856,0.725410516062173
0.340748725504934,0.0839027301868607,0.27113664029498,0.72466136289995
0.340349273878464,0.0835300622894922,0.270401738940061,0.723912704709499
0.339950982647474,0.083159765866952,0.269669807187733,0.723164544200607
0.339553846302359,0.0827918216595105,0.26894083009986,0.722416884060256
0.339157859370233,0.0824262105939178,0.268214792820149,0.721669726952749
0.338763016414618,0.0820629137813561,0.267491680573763,0.720923075519829
0.338369312035123,0.0817019125154142,0.266771478666934,0.720176932380794
0.337976740867136,0.0813431882700888,0.266054172486571,0.719431300132617
0.33758529758152,0.0809867226978081,0.265339747499878,0.71868618135007
0.337194976884303,0.0806324976274782,0.26462818925396,0.717941578585834
0.336805773516384,0.0802804950625551,0.263919483375437,0.717197494370621
0.336417682253229,0.0799306971791373,0.263213615570057,0.716453931213289
0.336030697904583,0.0795830863240823,0.262510571622305,0.715710891600962
0.335644815314172,0.0792376450131451,0.261810337395017,0.714968377999139
0.335260029359421,0.0788943559291389,0.261112898828993,0.714226392851819
0.334876334951165,0.0785532019201179,0.260418241942605,0.713484938581607
0.334493727033368,0.0782141659975807,0.259726352831416,0.712744017589834
0.334112200582842,0.0778772313346963,0.259037217667788,0.712003632256671
0.333731750608974,0.0775423812645503,0.258350822700496,0.711263784941239
0.333352372153449,0.0772095992784118,0.257667154254346,0.710524477981727
0.332974060289981,0.0768788690240215,0.256986198729783,0.709785713695503
0.332596810124046,0.0765501743039,0.256307942602511,0.709047494379225
0.332220616792614,0.0762234990736751,0.255632372423107,0.708309822308953
0.331845475463889,0.0758988274404294,0.254959474816632,0.707572699740265
0.331471381337048,0.075576143661069,0.254289236482257,0.706836128908362
0.331098329641985,0.0752554321407084,0.253621644192872,0.70610011202818
0.330726315639057,0.0749366774310773,0.252956684794705,0.705364651294504
0.330355334618828,0.0746198642289447,0.252294345206944,0.704629748882073
0.329985381901826,0.074304977374562,0.251634612421355,0.703895406945694
0.329616452838291,0.073992001850124,0.250977473501899,0.703161627620344
0.329248542807935,0.0736809227782491,0.250322915584358,0.702428413021285
0.328881647219696,0.0733717254204764,0.249670925875951,0.70169576524417
0.328515761511502,0.0730643951757804,0.249021491654961,0.700963686365148
0.328150881150032,0.0727589175791044,0.248374600270355,0.700232178440972
0.327787001630483,0.0724552782999092,0.247730239141413,0.699501243509109
0.327424118476339,0.0721534631407416,0.247088395757348,0.698770883587843
0.327062227239135,0.0718534580358158,0.246449057676935,0.698041100676379
0.326701323498238,0.071555249049616,0.24581221252814,0.697311896754955
0.326341402860615,0.0712588223755111,0.245177848007743,0.696583273784938
0.325982460960613,0.0709641643343888,0.244545951880973,0.695855233708935
0.32562449345974,0.0706712613733042,0.243916511981134,0.695127778450894
0.325267496046442,0.070380100064144,0.24328951620924,0.694400909916211
0.324911464435888,0.0700906671023072,0.242664952533646,0.693674629991827
0.324556394369758,0.0698029493054011,0.242042808989679,0.692948940546337
0.324202281616029,0.0695169336119514,0.241423073679279,0.692223843430088
0.323849121968766,0.0692326070801285,0.240805734770629,0.691499340475282
0.32349691124791,0.0689499568864886,0.240190780497796,0.69077543349608
0.32314564529908,0.0686689703247289,0.239578199160367,0.690052124288699
0.322795319993359,0.0683896348044571,0.238967979123091,0.689329414631515
0.322445931227102,0.0681119378499769,0.238360108815517,0.688607306285162
0.322097474921728,0.0678358670990843,0.237754576731639,0.687885800992632
0.321749947023527,0.0675614103018824,0.237151371429537,0.687164900479376
0.321403343503461,0.0672885553196052,0.236550481531023,0.686444606453399
0.321057660356972,0.0670172901234587,0.235951895721286,0.685724920605364
0.320712893603788,0.0667476027934736,0.23535560274854,0.685005844608684
0.320369039287732,0.0664794815173716,0.234761591423674,0.684287380119624
0.320026093476538,0.0662129145894451,0.234169850619896,0.683569528777396
0.319684052261656,0.0659478904094493,0.233580369272393,0.682852292204258
0.319342911758076,0.065684397481508,0.232993136377975,0.682135672005606
0.319002668104137,0.0654224244130309,0.232408140994736,0.681419669770074
0.318663317461352,0.0651619599136441,0.231825372241704,0.680704287069632
0.318324856014223,0.064902992794133,0.2312448192985,0.679989525459671
0.317987279970066,0.0646455119653968,0.230666471404998,0.67927538647911
0.317650585558834,0.0643895064374152,0.230090317860979,0.678561871650482
0.317314769032942,0.0641349653182276,0.229516348025798,0.677848982480029
0.316979826667094,0.063881877812923,0.228944551318042,0.677136720457801
0.316645754758112,0.0636302332226422,0.228374917215198,0.676425087057741
0.316312549624768,0.0633800209435915,0.227807435253311,0.675714083737784
0.31598020760761,0.0631312304660665,0.227242095026658,0.675003711939947
0.315648725068804,0.0628838513734888,0.226678886187414,0.67429397309042
0.31531809839196,0.0626378733414527,0.226117798445318,0.673584868599659
0.314988323981978,0.0623932861367826,0.225558821567348,0.672876399862477
0.314659398264876,0.0621500796166021,0.225001945377393,0.672168568258134
0.31433131768764,0.0619082437274121,0.224447159755924,0.671461375150426
0.314004078718055,0.0616677685041815,0.223894454639672,0.670754821887777
0.313677677844556,0.0614286440694463,0.223343820021304,0.67004890980333
0.313352111576066,0.0611908606324204,0.222795245949103,0.669343640215032
0.313027376441848,0.0609544084881151,0.222248722526645,0.668639014425724
0.312703468991343,0.06071927801647,0.22170423991248,0.667935033723231
0.312380385794028,0.0604854596814929,0.221161788319821,0.66723169938045
0.312058123439258,0.0602529440304095,0.220621358016218,0.666529012655434
0.311736678536121,0.0600217216928231,0.220082939323254,0.665826974791482
0.311416047713292,0.0597917833798826,0.219546522616226,0.665125587017228
0.311096227618881,0.0595631198834626,0.219012098323835,0.664424850546722
0.310777214920295,0.059335722075349,0.218479656927877,0.663724766579518
0.31045900630409,0.0591095809064369,0.217949188962937,0.663025336300763
0.310141598475832,0.0588846874059365,0.217420685016077,0.662326560881276
0.309824988159953,0.0586610326805868,0.216894135726536,0.661628441477639
0.309509172099613,0.0584386079138798,0.216369531785422,0.660930979232277
0.309194147056561,0.058217404365293,0.215846863935414,0.660234175273545
0.308879909811002,0.0579974133695297,0.215326122970458,0.65953803071581
0.308566457161454,0.057778626335768,0.21480729973547,0.658842546659534
0.308253785924618,0.0575610347469196,0.214290385126037,0.658147724191356
0.307941892935247,0.0573446301588951,0.213775370088121,0.657453564384181
0.307630775046007,0.0571294041998781,0.213262245617766,0.656760068297251
0.307320429127351,0.056915348569608,0.212751002760802,0.656067236976238
0.30701085206739,0.0567024550386702,0.212241632612558,0.65537507145332
0.306702040771759,0.0564907154477939,0.211734126317566,0.654683572747259
0.306393992163496,0.0562801217071586,0.211228475069276,0.653992741863488
0.306086703182912,0.0560706657957076,0.21072467010977,0.653302579794188
0.305780170787465,0.0558623397604695,0.210222702729473,0.652613087518369
0.305474391951638,0.0556551357158868,0.20972256426687,0.651924266001947
0.305169363666818,0.0554490458431525,0.209224246108227,0.651236116197827
0.304865082941167,0.0552440623895534,0.208727739687304,0.650548639045979
0.304561546799509,0.0550401776678213,0.20823303648508,0.649861835473518
0.304258752283207,0.0548373840554912,0.207740128029472,0.649175706394782
0.303956696450042,0.0546356739942657,0.207249005895061,0.648490252711407
0.3036553763741,0.0544350399893882,0.206759661702815,0.64780547531241
0.303354789145652,0.0542354746090211,0.206272087119815,0.64712137507426
0.303054931871041,0.0540369704836318,0.205786273858985,0.646437952860958
0.302755801672563,0.0538395203053859,0.205302213678819,0.645755209524113
0.302457395688359,0.0536431168275459,0.204819898383114,0.645073145903018
0.302159711072299,0.0534477528638771,0.204339319820699,0.644391762824723
0.301862744993873,0.0532534212880605,0.203860469885172,0.643711061104117
0.301566494638075,0.0530601150331108,0.203383340514634,0.643031041543992
0.301270957205302,0.0528678270908026,0.202907923691426,0.642351704935129
0.300976129911234,0.0526765505111005,0.202434211441866,0.641673052056363
0.30068200998674,0.0524862784015981,0.201962195835989,0.640995083674664
0.300388594677758,0.0522970039269608,0.201491868987289,0.640317800545205
0.300095881245199,0.0521087203083758,0.20102322305246,0.63964120341144
0.299803866964834,0.0519214208230084,0.200556250231141,0.63896529300517
0.299512549127198,0.051735098803463,0.200090942765661,0.638290070046623
0.29922192503748,0.0515497476372511,0.199627292940786,0.637615535244522
0.298931992015425,0.0513653607662643,0.199165293083465,0.636941689296156
0.298642747395231,0.0511819316862537,0.198704935562585,0.636268532887454
0.298354188525446,0.0509994539463139,0.198246212788714,0.635596066693054
0.298066312768874,0.0508179211483738,0.197789117213863,0.634924291376375
0.297779117502473,0.0506373269466924,0.19733364133123,0.634253207589689
0.297492600117254,0.050457665047359,0.196879777674964,0.633582815974185
0.297206758018189,0.0502789292078008,0.196427518819915,0.632913117160045
0.296921588624114,0.0501011132362941,0.195976857381396,0.632244111766511
0.296637089367629,0.0499242109914812,0.195527786014941,0.631575800401955
0.296353257695008,0.0497482163818936,0.195080297416066,0.630908183663943
0.296070091066104,0.0495731233654781,0.194634384320032,0.630241262139312
0.295787586954253,0.04939892594913,0.194190039501607,0.629575036404229
0.295505742846186,0.0492256181882303,0.193747255774833,0.628909507024267
0.295224556241935,0.0490531941861881,0.193306025992788,0.628244674554464
0.294944024654744,0.048881648093988,0.192866343047361,0.627580539539398
0.294664145610974,0.0487109741097416,0.192428199869014,0.626917102513247
0.294384916650021,0.0485411664782451,0.191991589426556,0.626254363999861
0.294106335324221,0.0483722194905404,0.191556504726915,0.625592324512824
0.293828399198769,0.0482041274834813,0.191122938814909,0.624930984555521
0.293551105851624,0.0480368848393046,0.19069088477302,0.624270344621205
0.293274452873428,0.0478704859852048,0.190260335721174,0.623610405193059
0.29299843786742,0.0477049253929152,0.189831284816513,0.622951166744265
0.29272305844935,0.0475401975782908,0.189403725253177,0.622292629738065
0.292448312247394,0.047376297100898,0.188977650262082,0.621634794627824
0.292174196902072,0.0472132185636072,0.188553053110699,0.620977661857099
0.291900710066164,0.04705095661219,0.188129927102841,0.620321231859698
0.291627849404631,0.0468895059349213,0.187708265578443,0.619665505059746
0.291355612594529,0.0467288612621846,0.187288061913349,0.619010481871745
0.291083997324929,0.0465690173660819,0.186869309519094,0.618356162700638
0.290813001296841,0.0464099690600481,0.186452001842697,0.617702547941875
0.290542622223132,0.0462517111984687,0.186036132366447,0.617049637981466
0.290272857828442,0.0460942386763018,0.185621694607691,0.616397433196053
0.290003705849118,0.0459375464287046,0.18520868211863,0.615745933952963
0.289735164033123,0.0457816294306623,0.184797088486106,0.615095140610275
0.289467230139969,0.0456264826966233,0.184386907331399,0.614445053516876
0.289199901940635,0.0454721012801353,0.183978132310023,0.613795673012524
0.288933177217494,0.0453184802734879,0.183570757111519,0.61314699942791
0.288667053764237,0.0451656148073566,0.183164775459253,0.612499033084712
0.2884015293858,0.0450135000504529,0.182760181110218,0.611851774295661
0.288136601898288,0.0448621312091751,0.182356967854827,0.611205223364595
0.287872269128903,0.0447115035272658,0.181955129516723,0.610559380586522
0.287608528915871,0.0445616122854709,0.181554659952574,0.609914246247675
0.28734537910837,0.0444124528012022,0.181155553051879,0.609269820625575
0.287082817566458,0.0442640204282051,0.180757802736774,0.608626103989083
0.286820842161005,0.0441163105562277,0.180361402961836,0.607983096598462
0.286559450773617,0.0439693186106946,0.179966347713889,0.607340798705434
0.286298641296571,0.0438230400523838,0.179572631011815,0.606699210553237
0.286038411632745,0.0436774703771068,0.179180246906362,0.606058332376679
0.285778759695548,0.0435326051153916,0.178789189479954,0.605418164402198
0.285519683408851,0.0433884398321699,0.178399452846505,0.604778706847919
0.285261180706923,0.0432449701264668,0.178011031151227,0.604139959923705
0.285003249534361,0.0431021916310939,0.17762391857045,0.603501923831219
0.284745887846023,0.0429601000123452,0.17723810931143,0.602864598763973
0.284489093606965,0.0428186909696966,0.176853597612175,0.60222798490739
0.284232864792373,0.0426779602355087,0.176470377741252,0.601592082438852
0.283977199387499,0.042537903574731,0.176088443997613,0.600956891527761
0.283722095387596,0.0423985167846119,0.175707790710408,0.600322412335587
0.283467550797855,0.042259795694409,0.175328412238815,0.599688645015928
0.283213563633339,0.0421217361651032,0.174950302971851,0.599055589714559
0.282960131918924,0.0419843340891168,0.174573457328203,0.598423246569488
0.282707253689235,0.0418475853900332,0.17419786975605,0.597791615711009
0.282454926988582,0.0417114860223192,0.173823534732883,0.597160697261753
0.2822031498709,0.0415760319710518,0.173450446765341,0.596530491336743
0.281951920399689,0.0414412192516454,0.173078600389028,0.595900998043446
0.281701236647953,0.0413070439095846,0.172707990168349,0.595272217481824
0.281451096698138,0.0411735020201564,0.172338610696333,0.594644149744385
0.281201498642075,0.0410405896881883,0.171970456594471,0.594016794916238
0.280952440580918,0.0409083030477861,0.171603522512539,0.593390153075141
0.28070392062509,0.0407766382620775,0.171237803128438,0.592764224291553
0.280455936894219,0.0406455915229547,0.170873293148022,0.592139008628684
0.280208487517085,0.040515159050823,0.170509987304935,0.591514506142549
0.27996157063156,0.0403853370943495,0.170147880360447,0.590890716882012
0.279715184384552,0.0402561219302153,0.16978696710329,0.590267640888843
0.279469326931948,0.04012750986287,0.169427242349495,0.58964527819776
0.279223996438558,0.039999497224289,0.169068700942232,0.589023628836488
0.278979191078062,0.0398720803737326,0.168711337751648,0.588402692825797
0.278734909032949,0.0397452556975081,0.168355147674711,0.58778247017956
0.27849114849447,0.0396190196087334,0.168000125635045,0.587162960904799
0.278247907662575,0.0394933685471041,0.16764626658278,0.586544165001729
0.278005184745868,0.0393682989786621,0.167293565494391,0.585926082463812
0.277762977961547,0.0392438073955667,0.166942017372545,0.585308713277803
0.277521285535352,0.0391198903158683,0.166591617245945,0.584692057423797
0.277280105701516,0.0389965442832834,0.166242360169177,0.584076114875275
0.277039436702707,0.038873765866973,0.165894241222556,0.583460885599154
0.276799276789982,0.0387515516613225,0.165547255511979,0.582846369555833
0.27655962422273,0.0386298982857237,0.165201398168768,0.582232566699239
0.276320477268626,0.0385088023843595,0.164856664349526,0.581619476976872
0.276081834203575,0.03838826062599,0.164513049235985,0.581007100329853
0.275843693311667,0.0382682697037413,0.164170548034858,0.580395436692972
0.275606052885122,0.0381488263348962,0.163829155977694,0.579784485994728
0.275368911224245,0.0380299272606867,0.16348886832073,0.57917424815738
0.275132266637374,0.0379115692460889,0.163149680344749,0.578564723096987
0.274896117440831,0.0377937490796194,0.16281158735493,0.577955910723457
0.274660461958873,0.0376764635731344,0.162474584680714,0.57734781094059
0.274425298523648,0.0375597095616303,0.16213866767565,0.576740423646124
0.274190625475143,0.0374434839030461,0.161803831717264,0.576133748731774
0.273956441161136,0.0373277834780684,0.161470072206913,0.575527786083283
0.273722743937154,0.0372126051899369,0.161137384569644,0.574922535580462
0.273489532166421,0.0370979459642541,0.16080576425406,0.574317997097231
0.273256804219814,0.0369838027487942,0.16047520673218,0.573714170501669
0.273024558475817,0.0368701725133159,0.160145707499298,0.573111055656048
0.272792793320473,0.0367570522493759,0.159817262073852,0.572508652416887
0.272561507147345,0.0366444389701448,0.159489865997288,0.571906960634983
