"phy","focal","t213","t277","t238","t222","t129","t249","t90","t280","t116","t186","t91","t230","t25","t65","t86","t3","t298","t120","t274","t143","t141","t154","t75","t253","t67","t14","t118","t89","t94","t198","t9","t101","t217","t63","t300","t19","t13","t20","t99","t54","t281","t58","t47","t191","t243","t204","t252","t190","t142","t87","t241","t55","t210","t27","t126","t145","t287","t78","t183","t39","t112","t110","t31","t216","t32","t263","t158","t70","t272","t44","t236","t203","t136","t205","t88","t206","t81","t156","t15","t17","t114","t160","t26","t180","t185","t163","t93","t267"
3,"t238",0.545226894878895,0.485834823673094,0.998640241972971,0.545226894878895,0.545226894878895,0.545226894878895,0.485834823673094,0.545226894878895,0.545226894878895,0.545226894878895,0.545226894878895,0.545226894878895,0.545226894878895,0.545226894878895,0.485834823673094,0.545226894878895,0.485834823673094,0.545226894878895,0.545226894878895,0.545226894878895,0.582425475022691,0.485834823673094,0.545226894878895,0.582425475022691,0.545226894878895,0.545226894878895,0.545226894878895,0.898520094173244,0.485834823673094,0.545226894878895,0.545226894878895,0.545226894878895,0.545226894878895,0.545226894878895,0.545226894878895,0.545226894878895,0.898520094173244,0.898520094173244,0.545226894878895,0.545226894878895,0.545226894878895,0.593748876330779,0.545226894878895,0.545226894878895,0.545226894878895,0.485834823673094,0.545226894878895,0.485834823673094,0.545226894878895,0.545226894878895,0.545226894878895,0.545226894878895,0.593748876330779,0.767581476775298,0.545226894878895,0.545226894878895,0.582425475022691,0.582425475022691,0.545226894878895,0.545226894878895,0.545226894878895,0.545226894878895,0.898520094173244,0.485834823673094,0.485834823673094,0.485834823673094,0.898520094173244,0.898520094173244,0.545226894878895,0.545226894878895,0.545226894878895,0.545226894878895,0.545226894878895,0.545226894878895,0.545226894878895,0.545226894878895,0.545226894878895,0.545226894878895,0.485834823673094,0.898520094173244,0.898520094173244,0.485834823673094,0.485834823673094,0.545226894878895,0.767581476775298,0.485834823673094,0.485834823673094,0.545226894878895
3,"t90",0.55063408518024,0.595398031959691,0.55063408518024,0.55063408518024,0.55063408518024,0.55063408518024,0.964033422056222,0.55063408518024,0.55063408518024,0.55063408518024,0.55063408518024,0.55063408518024,0.55063408518024,0.55063408518024,0.735645989550817,0.55063408518024,0.595398031959691,0.55063408518024,0.55063408518024,0.55063408518024,0.55063408518024,0.645242803666073,0.55063408518024,0.55063408518024,0.55063408518024,0.55063408518024,0.55063408518024,0.55063408518024,0.815342386551325,0.55063408518024,0.55063408518024,0.55063408518024,0.55063408518024,0.55063408518024,0.55063408518024,0.55063408518024,0.55063408518024,0.55063408518024,0.55063408518024,0.55063408518024,0.55063408518024,0.55063408518024,0.55063408518024,0.55063408518024,0.55063408518024,0.735645989550817,0.55063408518024,0.815342386551325,0.55063408518024,0.55063408518024,0.55063408518024,0.55063408518024,0.55063408518024,0.55063408518024,0.55063408518024,0.55063408518024,0.55063408518024,0.55063408518024,0.55063408518024,0.55063408518024,0.55063408518024,0.55063408518024,0.55063408518024,0.815342386551325,0.815342386551325,0.645242803666073,0.55063408518024,0.55063408518024,0.55063408518024,0.55063408518024,0.55063408518024,0.55063408518024,0.55063408518024,0.55063408518024,0.55063408518024,0.55063408518024,0.55063408518024,0.55063408518024,0.595398031959691,0.55063408518024,0.55063408518024,0.645242803666073,0.645242803666073,0.55063408518024,0.55063408518024,0.645242803666073,0.645242803666073,0.55063408518024
3,"t91",0.564735756122367,0.537864568043585,0.554235008216869,0.564735756122367,0.564735756122367,0.564735756122367,0.537864568043585,0.564735756122367,0.564735756122367,0.564735756122367,0.880607437832116,0.564735756122367,0.739390068530195,0.74770628026368,0.537864568043585,0.635749774485266,0.537864568043585,0.564735756122367,0.746446741041398,0.746446741041398,0.554235008216869,0.537864568043585,0.635749774485266,0.554235008216869,0.564735756122367,0.564735756122367,0.635749774485266,0.554235008216869,0.537864568043585,0.564735756122367,0.564735756122367,0.739390068530195,0.739390068530195,0.564735756122367,0.564735756122367,0.564735756122367,0.554235008216869,0.554235008216869,0.564735756122367,0.564735756122367,0.564735756122367,0.554235008216869,0.564735756122367,0.564735756122367,0.564735756122367,0.537864568043585,0.564735756122367,0.537864568043585,0.564735756122367,0.564735756122367,0.564735756122367,0.564735756122367,0.554235008216869,0.554235008216869,0.564735756122367,0.564735756122367,0.554235008216869,0.554235008216869,0.564735756122367,0.564735756122367,0.564735756122367,0.735143736280844,0.554235008216869,0.537864568043585,0.537864568043585,0.537864568043585,0.554235008216869,0.554235008216869,0.564735756122367,0.564735756122367,0.564735756122367,0.564735756122367,0.564735756122367,0.564735756122367,0.564735756122367,0.564735756122367,0.564735756122367,0.635749774485266,0.537864568043585,0.554235008216869,0.554235008216869,0.537864568043585,0.537864568043585,0.564735756122367,0.554235008216869,0.537864568043585,0.537864568043585,0.635749774485266
3,"t25",0.56474368192845,0.537882438148435,0.554246815506948,0.56474368192845,0.56474368192845,0.56474368192845,0.537882438148435,0.56474368192845,0.56474368192845,0.56474368192845,0.739341264872554,0.56474368192845,0.880544142284111,0.739341264872554,0.537882438148435,0.635732181224619,0.537882438148435,0.56474368192845,0.739341264872554,0.739341264872554,0.554246815506948,0.537882438148435,0.635732181224619,0.554246815506948,0.56474368192845,0.56474368192845,0.635732181224619,0.554246815506948,0.537882438148435,0.56474368192845,0.56474368192845,0.750392198523245,0.750392198523245,0.56474368192845,0.56474368192845,0.56474368192845,0.554246815506948,0.554246815506948,0.56474368192845,0.56474368192845,0.56474368192845,0.554246815506948,0.56474368192845,0.56474368192845,0.56474368192845,0.537882438148435,0.56474368192845,0.537882438148435,0.56474368192845,0.56474368192845,0.56474368192845,0.56474368192845,0.554246815506948,0.554246815506948,0.56474368192845,0.56474368192845,0.554246815506948,0.554246815506948,0.56474368192845,0.56474368192845,0.56474368192845,0.735095980068012,0.554246815506948,0.537882438148435,0.537882438148435,0.537882438148435,0.554246815506948,0.554246815506948,0.56474368192845,0.56474368192845,0.56474368192845,0.56474368192845,0.56474368192845,0.56474368192845,0.56474368192845,0.56474368192845,0.56474368192845,0.635732181224619,0.537882438148435,0.554246815506948,0.554246815506948,0.537882438148435,0.537882438148435,0.56474368192845,0.554246815506948,0.537882438148435,0.537882438148435,0.635732181224619
3,"t65",0.564735756122367,0.537864568043585,0.554235008216869,0.564735756122367,0.564735756122367,0.564735756122367,0.537864568043585,0.564735756122367,0.564735756122367,0.564735756122367,0.747706280263679,0.564735756122367,0.739390068530194,0.880607437832115,0.537864568043585,0.635749774485266,0.537864568043585,0.564735756122367,0.746446741041397,0.746446741041397,0.554235008216869,0.537864568043585,0.635749774485266,0.554235008216869,0.564735756122367,0.564735756122367,0.635749774485266,0.554235008216869,0.537864568043585,0.564735756122367,0.564735756122367,0.739390068530194,0.739390068530194,0.564735756122367,0.564735756122367,0.564735756122367,0.554235008216869,0.554235008216869,0.564735756122367,0.564735756122367,0.564735756122367,0.554235008216869,0.564735756122367,0.564735756122367,0.564735756122367,0.537864568043585,0.564735756122367,0.537864568043585,0.564735756122367,0.564735756122367,0.564735756122367,0.564735756122367,0.554235008216869,0.554235008216869,0.564735756122367,0.564735756122367,0.554235008216869,0.554235008216869,0.564735756122367,0.564735756122367,0.564735756122367,0.735143736280843,0.554235008216869,0.537864568043585,0.537864568043585,0.537864568043585,0.554235008216869,0.554235008216869,0.564735756122367,0.564735756122367,0.564735756122367,0.564735756122367,0.564735756122367,0.564735756122367,0.564735756122367,0.564735756122367,0.564735756122367,0.635749774485266,0.537864568043585,0.554235008216869,0.554235008216869,0.537864568043585,0.537864568043585,0.564735756122367,0.554235008216869,0.537864568043585,0.537864568043585,0.635749774485266
3,"t86",0.560755017491951,0.590863500654992,0.560755017491951,0.560755017491951,0.560755017491951,0.560755017491951,0.68925349485821,0.560755017491951,0.560755017491951,0.560755017491951,0.560755017491951,0.560755017491951,0.560755017491951,0.560755017491951,0.910691755001899,0.560755017491951,0.590863500654992,0.560755017491951,0.560755017491951,0.560755017491951,0.560755017491951,0.62485893379271,0.560755017491951,0.560755017491951,0.560755017491951,0.560755017491951,0.560755017491951,0.560755017491951,0.68925349485821,0.560755017491951,0.560755017491951,0.560755017491951,0.560755017491951,0.560755017491951,0.560755017491951,0.560755017491951,0.560755017491951,0.560755017491951,0.560755017491951,0.560755017491951,0.560755017491951,0.560755017491951,0.560755017491951,0.560755017491951,0.560755017491951,0.746935406565261,0.560755017491951,0.68925349485821,0.560755017491951,0.560755017491951,0.560755017491951,0.560755017491951,0.560755017491951,0.560755017491951,0.560755017491951,0.560755017491951,0.560755017491951,0.560755017491951,0.560755017491951,0.560755017491951,0.560755017491951,0.560755017491951,0.560755017491951,0.68925349485821,0.68925349485821,0.62485893379271,0.560755017491951,0.560755017491951,0.560755017491951,0.560755017491951,0.560755017491951,0.560755017491951,0.560755017491951,0.560755017491951,0.560755017491951,0.560755017491951,0.560755017491951,0.560755017491951,0.590863500654992,0.560755017491951,0.560755017491951,0.62485893379271,0.62485893379271,0.560755017491951,0.560755017491951,0.62485893379271,0.62485893379271,0.560755017491951
3,"t120",0.567068479668321,0.509793901790812,0.537874591725915,0.770145751645372,0.687335372041637,0.567068479668321,0.509793901790812,0.567068479668321,0.567068479668321,0.567068479668321,0.555873922620498,0.567068479668321,0.555873922620498,0.555873922620498,0.509793901790812,0.555873922620498,0.509793901790812,0.960352534256839,0.555873922620498,0.555873922620498,0.537874591725915,0.509793901790812,0.555873922620498,0.537874591725915,0.567068479668321,0.567068479668321,0.555873922620498,0.537874591725915,0.509793901790812,0.567068479668321,0.567068479668321,0.555873922620498,0.555873922620498,0.831820685786548,0.831820685786548,0.567068479668321,0.537874591725915,0.537874591725915,0.567068479668321,0.567068479668321,0.567068479668321,0.537874591725915,0.567068479668321,0.567068479668321,0.567068479668321,0.509793901790812,0.567068479668321,0.509793901790812,0.781065024993354,0.781065024993354,0.844105259342426,0.844105259342426,0.537874591725915,0.537874591725915,0.567068479668321,0.567068479668321,0.537874591725915,0.537874591725915,0.567068479668321,0.567068479668321,0.567068479668321,0.555873922620498,0.537874591725915,0.509793901790812,0.509793901790812,0.509793901790812,0.537874591725915,0.537874591725915,0.567068479668321,0.567068479668321,0.567068479668321,0.781065024993354,0.781065024993354,0.567068479668321,0.567068479668321,0.567068479668321,0.567068479668321,0.555873922620498,0.509793901790812,0.537874591725915,0.537874591725915,0.509793901790812,0.509793901790812,0.567068479668321,0.537874591725915,0.509793901790812,0.509793901790812,0.555873922620498
3,"t274",0.564470024105346,0.53742413160041,0.553900993563396,0.564470024105346,0.564470024105346,0.564470024105346,0.53742413160041,0.564470024105346,0.564470024105346,0.564470024105346,0.747227281636191,0.564470024105346,0.740139591145189,0.747227281636191,0.53742413160041,0.63593605366564,0.53742413160041,0.564470024105346,0.881651441685713,0.76507692420168,0.553900993563396,0.53742413160041,0.63593605366564,0.553900993563396,0.564470024105346,0.564470024105346,0.63593605366564,0.553900993563396,0.53742413160041,0.564470024105346,0.564470024105346,0.740139591145189,0.740139591145189,0.564470024105346,0.564470024105346,0.564470024105346,0.553900993563396,0.553900993563396,0.564470024105346,0.564470024105346,0.564470024105346,0.553900993563396,0.564470024105346,0.564470024105346,0.564470024105346,0.53742413160041,0.564470024105346,0.53742413160041,0.564470024105346,0.564470024105346,0.564470024105346,0.564470024105346,0.553900993563396,0.553900993563396,0.564470024105346,0.564470024105346,0.553900993563396,0.553900993563396,0.564470024105346,0.564470024105346,0.564470024105346,0.735874020467469,0.553900993563396,0.53742413160041,0.53742413160041,0.53742413160041,0.553900993563396,0.553900993563396,0.564470024105346,0.564470024105346,0.564470024105346,0.564470024105346,0.564470024105346,0.564470024105346,0.564470024105346,0.564470024105346,0.564470024105346,0.63593605366564,0.53742413160041,0.553900993563396,0.553900993563396,0.53742413160041,0.53742413160041,0.564470024105346,0.553900993563396,0.53742413160041,0.53742413160041,0.63593605366564
3,"t143",0.564470024105346,0.53742413160041,0.553900993563396,0.564470024105346,0.564470024105346,0.564470024105346,0.53742413160041,0.564470024105346,0.564470024105346,0.564470024105346,0.747227281636191,0.564470024105346,0.740139591145189,0.747227281636191,0.53742413160041,0.63593605366564,0.53742413160041,0.564470024105346,0.76507692420168,0.881651441685713,0.553900993563396,0.53742413160041,0.63593605366564,0.553900993563396,0.564470024105346,0.564470024105346,0.63593605366564,0.553900993563396,0.53742413160041,0.564470024105346,0.564470024105346,0.740139591145189,0.740139591145189,0.564470024105346,0.564470024105346,0.564470024105346,0.553900993563396,0.553900993563396,0.564470024105346,0.564470024105346,0.564470024105346,0.553900993563396,0.564470024105346,0.564470024105346,0.564470024105346,0.53742413160041,0.564470024105346,0.53742413160041,0.564470024105346,0.564470024105346,0.564470024105346,0.564470024105346,0.553900993563396,0.553900993563396,0.564470024105346,0.564470024105346,0.553900993563396,0.553900993563396,0.564470024105346,0.564470024105346,0.564470024105346,0.735874020467469,0.553900993563396,0.53742413160041,0.53742413160041,0.53742413160041,0.553900993563396,0.553900993563396,0.564470024105346,0.564470024105346,0.564470024105346,0.564470024105346,0.564470024105346,0.564470024105346,0.564470024105346,0.564470024105346,0.564470024105346,0.63593605366564,0.53742413160041,0.553900993563396,0.553900993563396,0.53742413160041,0.53742413160041,0.564470024105346,0.553900993563396,0.53742413160041,0.53742413160041,0.63593605366564
3,"t141",0.568325424574848,0.477448279974764,0.624154203406471,0.568325424574848,0.568325424574848,0.568325424574848,0.477448279974764,0.568325424574848,0.568325424574848,0.568325424574848,0.568325424574848,0.568325424574848,0.568325424574848,0.568325424574848,0.477448279974764,0.568325424574849,0.477448279974764,0.568325424574848,0.568325424574848,0.568325424574848,0.999959808605771,0.477448279974764,0.568325424574849,0.996321571902529,0.568325424574848,0.568325424574848,0.568325424574848,0.624154203406471,0.477448279974764,0.568325424574848,0.568325424574848,0.568325424574848,0.568325424574848,0.568325424574848,0.568325424574848,0.568325424574848,0.624154203406471,0.624154203406471,0.568325424574848,0.568325424574848,0.568325424574848,0.624154203406471,0.568325424574848,0.568325424574848,0.568325424574848,0.477448279974764,0.568325424574848,0.477448279974764,0.568325424574848,0.568325424574848,0.568325424574848,0.568325424574848,0.624154203406471,0.624154203406471,0.568325424574848,0.568325424574848,0.996321571902529,0.996321571902529,0.568325424574848,0.568325424574848,0.568325424574848,0.568325424574848,0.624154203406471,0.477448279974764,0.477448279974764,0.477448279974764,0.624154203406471,0.624154203406471,0.568325424574848,0.568325424574848,0.568325424574848,0.568325424574848,0.568325424574848,0.568325424574848,0.568325424574848,0.568325424574848,0.568325424574848,0.568325424574848,0.477448279974764,0.624154203406471,0.624154203406471,0.477448279974764,0.477448279974764,0.568325424574848,0.624154203406471,0.477448279974764,0.477448279974764,0.568325424574848
3,"t253",0.568242967990082,0.478054018453979,0.623663102908744,0.568242967990082,0.568242967990082,0.568242967990082,0.478054018453979,0.568242967990082,0.568242967990082,0.568242967990082,0.568242967990082,0.568242967990082,0.568242967990082,0.568242967990082,0.478054018453979,0.568242967990082,0.478054018453979,0.568242967990082,0.568242967990082,0.568242967990082,0.996169593840267,0.478054018453979,0.568242967990082,0.999956685450196,0.568242967990082,0.568242967990082,0.568242967990082,0.623663102908744,0.478054018453979,0.568242967990082,0.568242967990082,0.568242967990082,0.568242967990082,0.568242967990082,0.568242967990082,0.568242967990082,0.623663102908744,0.623663102908744,0.568242967990082,0.568242967990082,0.568242967990082,0.623663102908744,0.568242967990082,0.568242967990082,0.568242967990082,0.478054018453979,0.568242967990082,0.478054018453979,0.568242967990082,0.568242967990082,0.568242967990082,0.568242967990082,0.623663102908744,0.623663102908744,0.568242967990082,0.568242967990082,0.997012923934095,0.997012923934095,0.568242967990082,0.568242967990082,0.568242967990082,0.568242967990082,0.623663102908744,0.478054018453979,0.478054018453979,0.478054018453979,0.623663102908744,0.623663102908744,0.568242967990082,0.568242967990082,0.568242967990082,0.568242967990082,0.568242967990082,0.568242967990082,0.568242967990082,0.568242967990082,0.568242967990082,0.568242967990082,0.478054018453979,0.623663102908744,0.623663102908744,0.478054018453979,0.478054018453979,0.568242967990082,0.623663102908744,0.478054018453979,0.478054018453979,0.568242967990082
3,"t67",0.603598792704334,0.561210008682321,0.56910293117028,0.577343933031661,0.577343933031661,0.583200683350734,0.561210008682321,0.583200683350734,0.583200683350734,0.583200683350734,0.574176357301433,0.581205664679831,0.574176357301433,0.574176357301433,0.561210008682321,0.574176357301433,0.561210008682321,0.577343933031661,0.574176357301433,0.574176357301433,0.56910293117028,0.561210008682321,0.574176357301433,0.56910293117028,0.758406397000958,0.684133845794968,0.574176357301433,0.56910293117028,0.561210008682321,0.583200683350734,0.581205664679831,0.574176357301433,0.574176357301433,0.577343933031661,0.577343933031661,0.595936393212259,0.56910293117028,0.56910293117028,0.581205664679831,0.581205664679831,0.581205664679831,0.56910293117028,0.595936393212259,0.595936393212259,0.583200683350734,0.561210008682321,0.581205664679831,0.561210008682321,0.577343933031661,0.577343933031661,0.577343933031661,0.577343933031661,0.56910293117028,0.56910293117028,0.583200683350734,0.583200683350734,0.56910293117028,0.56910293117028,0.603178782353233,0.581205664679831,0.612320501569596,0.574176357301433,0.56910293117028,0.561210008682321,0.561210008682321,0.561210008682321,0.56910293117028,0.56910293117028,0.583200683350734,0.595936393212259,0.595936393212259,0.577343933031661,0.577343933031661,0.612320501569596,0.612320501569596,0.583200683350734,0.583200683350734,0.574176357301433,0.561210008682321,0.56910293117028,0.56910293117028,0.561210008682321,0.561210008682321,0.581205664679831,0.56910293117028,0.561210008682321,0.561210008682321,0.574176357301433
3,"t14",0.603598792704334,0.561210008682321,0.56910293117028,0.577343933031661,0.577343933031661,0.583200683350734,0.561210008682321,0.583200683350734,0.583200683350734,0.583200683350734,0.574176357301433,0.581205664679831,0.574176357301433,0.574176357301433,0.561210008682321,0.574176357301433,0.561210008682321,0.577343933031661,0.574176357301433,0.574176357301433,0.56910293117028,0.561210008682321,0.574176357301433,0.56910293117028,0.684133845794968,0.758406397000958,0.574176357301433,0.56910293117028,0.561210008682321,0.583200683350734,0.581205664679831,0.574176357301433,0.574176357301433,0.577343933031661,0.577343933031661,0.595936393212259,0.56910293117028,0.56910293117028,0.581205664679831,0.581205664679831,0.581205664679831,0.56910293117028,0.595936393212259,0.595936393212259,0.583200683350734,0.561210008682321,0.581205664679831,0.561210008682321,0.577343933031661,0.577343933031661,0.577343933031661,0.577343933031661,0.56910293117028,0.56910293117028,0.583200683350734,0.583200683350734,0.56910293117028,0.56910293117028,0.603178782353233,0.581205664679831,0.612320501569596,0.574176357301433,0.56910293117028,0.561210008682321,0.561210008682321,0.561210008682321,0.56910293117028,0.56910293117028,0.583200683350734,0.595936393212259,0.595936393212259,0.577343933031661,0.577343933031661,0.612320501569596,0.612320501569596,0.583200683350734,0.583200683350734,0.574176357301433,0.561210008682321,0.56910293117028,0.56910293117028,0.561210008682321,0.561210008682321,0.581205664679831,0.56910293117028,0.561210008682321,0.561210008682321,0.574176357301433
3,"t118",0.576241749473139,0.565550294713022,0.57205718627938,0.576241749473139,0.576241749473139,0.576241749473139,0.565550294713022,0.576241749473139,0.576241749473139,0.576241749473139,0.605034423257654,0.576241749473139,0.605034423257654,0.605034423257654,0.565550294713022,0.613100795514847,0.565550294713022,0.576241749473139,0.605034423257654,0.605034423257654,0.57205718627938,0.565550294713022,0.613100795514847,0.57205718627938,0.576241749473139,0.576241749473139,0.732119642770594,0.57205718627938,0.565550294713022,0.576241749473139,0.576241749473139,0.605034423257654,0.605034423257654,0.576241749473139,0.576241749473139,0.576241749473139,0.57205718627938,0.57205718627938,0.576241749473139,0.576241749473139,0.576241749473139,0.57205718627938,0.576241749473139,0.576241749473139,0.576241749473139,0.565550294713022,0.576241749473139,0.565550294713022,0.576241749473139,0.576241749473139,0.576241749473139,0.576241749473139,0.57205718627938,0.57205718627938,0.576241749473139,0.576241749473139,0.57205718627938,0.57205718627938,0.576241749473139,0.576241749473139,0.576241749473139,0.605034423257654,0.57205718627938,0.565550294713022,0.565550294713022,0.565550294713022,0.57205718627938,0.57205718627938,0.576241749473139,0.576241749473139,0.576241749473139,0.576241749473139,0.576241749473139,0.576241749473139,0.576241749473139,0.576241749473139,0.576241749473139,0.612791535653761,0.565550294713022,0.57205718627938,0.57205718627938,0.565550294713022,0.565550294713022,0.576241749473139,0.57205718627938,0.565550294713022,0.565550294713022,0.612681484454634
3,"t89",0.540141917379693,0.492948953598066,0.851854352262495,0.540141917379693,0.540141917379693,0.540141917379693,0.492948953598066,0.540141917379693,0.540141917379693,0.540141917379693,0.540141917379693,0.540141917379693,0.540141917379693,0.540141917379693,0.492948953598066,0.540141917379694,0.492948953598066,0.540141917379693,0.540141917379693,0.540141917379693,0.569822725652619,0.492948953598066,0.540141917379694,0.569822725652619,0.540141917379693,0.540141917379693,0.540141917379693,0.994825627402966,0.492948953598066,0.540141917379693,0.540141917379693,0.540141917379693,0.540141917379693,0.540141917379693,0.540141917379693,0.540141917379693,0.949641925374658,0.949641925374658,0.540141917379693,0.540141917379693,0.540141917379693,0.578900520150313,0.540141917379693,0.540141917379693,0.540141917379693,0.492948953598066,0.540141917379693,0.492948953598066,0.540141917379693,0.540141917379693,0.540141917379693,0.540141917379693,0.578900520150313,0.724289062020838,0.540141917379693,0.540141917379693,0.569822725652619,0.569822725652619,0.540141917379693,0.540141917379693,0.540141917379693,0.540141917379693,0.958031166401233,0.492948953598066,0.492948953598066,0.492948953598066,0.949641925374658,0.949641925374658,0.540141917379693,0.540141917379693,0.540141917379693,0.540141917379693,0.540141917379693,0.540141917379693,0.540141917379693,0.540141917379693,0.540141917379693,0.540141917379693,0.492948953598066,0.958031166401233,0.958031166401233,0.492948953598066,0.492948953598066,0.540141917379693,0.724289062020838,0.492948953598066,0.492948953598066,0.540141917379693
3,"t94",0.548761543678948,0.592217934931507,0.548761543678948,0.548761543678948,0.548761543678948,0.548761543678948,0.808175108246552,0.548761543678948,0.548761543678948,0.548761543678948,0.548761543678948,0.548761543678948,0.548761543678948,0.548761543678948,0.72923011582576,0.548761543678948,0.592217934931507,0.548761543678948,0.548761543678948,0.548761543678948,0.548761543678948,0.640723519447808,0.548761543678948,0.548761543678948,0.548761543678948,0.548761543678948,0.548761543678948,0.548761543678948,0.960314496042006,0.548761543678948,0.548761543678948,0.548761543678948,0.548761543678948,0.548761543678948,0.548761543678948,0.548761543678948,0.548761543678948,0.548761543678948,0.548761543678948,0.548761543678948,0.548761543678948,0.548761543678948,0.548761543678948,0.548761543678948,0.548761543678948,0.72923011582576,0.548761543678948,0.880408030164618,0.548761543678948,0.548761543678948,0.548761543678948,0.548761543678948,0.548761543678948,0.548761543678948,0.548761543678948,0.548761543678948,0.548761543678948,0.548761543678948,0.548761543678948,0.548761543678948,0.548761543678948,0.548761543678948,0.548761543678948,0.880408030164618,0.880408030164618,0.640723519447808,0.548761543678948,0.548761543678948,0.548761543678948,0.548761543678948,0.548761543678948,0.548761543678948,0.548761543678948,0.548761543678948,0.548761543678948,0.548761543678948,0.548761543678948,0.548761543678948,0.592217934931507,0.548761543678948,0.548761543678948,0.640723519447808,0.640723519447808,0.548761543678948,0.548761543678948,0.640723519447808,0.640723519447808,0.548761543678948
3,"t198",0.575176419336683,0.592530384031185,0.58635128517323,0.579840922047315,0.579840922047315,0.573316427106774,0.592530384031185,0.573316427106774,0.573316427106774,0.573316427106774,0.582350534787513,0.576768895509354,0.582350534787513,0.582350534787513,0.592530384031185,0.582350534787513,0.592530384031185,0.579840922047315,0.582350534787513,0.582350534787513,0.58635128517323,0.592530384031185,0.582350534787513,0.58635128517323,0.575176419336683,0.575176419336683,0.582350534787513,0.58635128517323,0.592530384031185,0.41595777741036,0.576768895509354,0.582350534787513,0.582350534787513,0.579840922047315,0.579840922047315,0.575176419336683,0.58635128517323,0.58635128517323,0.576768895509354,0.576768895509354,0.576768895509354,0.58635128517323,0.575176419336683,0.575176419336683,0.573316427106774,0.592530384031185,0.576768895509354,0.592530384031185,0.579840922047315,0.579840922047315,0.579840922047315,0.579840922047315,0.58635128517323,0.58635128517323,0.573316427106774,0.573316427106774,0.58635128517323,0.58635128517323,0.575176419336683,0.576768895509354,0.575176419336683,0.582350534787513,0.58635128517323,0.592530384031185,0.592530384031185,0.592530384031185,0.58635128517323,0.58635128517323,0.573316427106774,0.575176419336683,0.575176419336683,0.579840922047315,0.579840922047315,0.575176419336683,0.575176419336683,0.573316427106774,0.510661095311646,0.582350534787513,0.592530384031185,0.58635128517323,0.58635128517323,0.592530384031185,0.592530384031185,0.576768895509354,0.58635128517323,0.592530384031185,0.592530384031185,0.582350534787513
3,"t101",0.564244580223555,0.537096831279291,0.553635686798819,0.564244580223555,0.564244580223555,0.564244580223555,0.537096831279291,0.564244580223555,0.564244580223555,0.564244580223555,0.740516392121067,0.564244580223555,0.751647212531308,0.740516392121067,0.537096831279291,0.63597622849241,0.537096831279291,0.564244580223555,0.740516392121067,0.740516392121067,0.553635686798819,0.537096831279291,0.63597622849241,0.553635686798819,0.564244580223555,0.564244580223555,0.63597622849241,0.553635686798819,0.537096831279291,0.564244580223555,0.564244580223555,0.882221332264176,0.78431724993075,0.564244580223555,0.564244580223555,0.564244580223555,0.553635686798819,0.553635686798819,0.564244580223555,0.564244580223555,0.564244580223555,0.553635686798819,0.564244580223555,0.564244580223555,0.564244580223555,0.537096831279291,0.564244580223555,0.537096831279291,0.564244580223555,0.564244580223555,0.564244580223555,0.564244580223555,0.553635686798819,0.553635686798819,0.564244580223555,0.564244580223555,0.553635686798819,0.553635686798819,0.564244580223555,0.564244580223555,0.564244580223555,0.736239148889413,0.553635686798819,0.537096831279291,0.537096831279291,0.537096831279291,0.553635686798819,0.553635686798819,0.564244580223555,0.564244580223555,0.564244580223555,0.564244580223555,0.564244580223555,0.564244580223555,0.564244580223555,0.564244580223555,0.564244580223555,0.63597622849241,0.537096831279291,0.553635686798819,0.553635686798819,0.537096831279291,0.537096831279291,0.564244580223555,0.553635686798819,0.537096831279291,0.537096831279291,0.63597622849241
3,"t217",0.564244580223555,0.537096831279291,0.553635686798819,0.564244580223555,0.564244580223555,0.564244580223555,0.537096831279291,0.564244580223555,0.564244580223555,0.564244580223555,0.740516392121067,0.564244580223555,0.751647212531308,0.740516392121067,0.537096831279291,0.63597622849241,0.537096831279291,0.564244580223555,0.740516392121067,0.740516392121067,0.553635686798819,0.537096831279291,0.63597622849241,0.553635686798819,0.564244580223555,0.564244580223555,0.63597622849241,0.553635686798819,0.537096831279291,0.564244580223555,0.564244580223555,0.78431724993075,0.882221332264176,0.564244580223555,0.564244580223555,0.564244580223555,0.553635686798819,0.553635686798819,0.564244580223555,0.564244580223555,0.564244580223555,0.553635686798819,0.564244580223555,0.564244580223555,0.564244580223555,0.537096831279291,0.564244580223555,0.537096831279291,0.564244580223555,0.564244580223555,0.564244580223555,0.564244580223555,0.553635686798819,0.553635686798819,0.564244580223555,0.564244580223555,0.553635686798819,0.553635686798819,0.564244580223555,0.564244580223555,0.564244580223555,0.736239148889413,0.553635686798819,0.537096831279291,0.537096831279291,0.537096831279291,0.553635686798819,0.553635686798819,0.564244580223555,0.564244580223555,0.564244580223555,0.564244580223555,0.564244580223555,0.564244580223555,0.564244580223555,0.564244580223555,0.564244580223555,0.63597622849241,0.537096831279291,0.553635686798819,0.553635686798819,0.537096831279291,0.537096831279291,0.564244580223555,0.553635686798819,0.537096831279291,0.537096831279291,0.63597622849241
3,"t63",0.566824740764167,0.509791867299504,0.537753114223018,0.769259273484857,0.686646733716036,0.566824740764167,0.509791867299504,0.566824740764167,0.566824740764167,0.566824740764167,0.555676727914214,0.566824740764167,0.555676727914214,0.555676727914214,0.509791867299504,0.555676727914214,0.509791867299504,0.830886502556851,0.555676727914214,0.555676727914214,0.537753114223018,0.509791867299504,0.555676727914214,0.537753114223018,0.566824740764167,0.566824740764167,0.555676727914214,0.537753114223018,0.509791867299504,0.566824740764167,0.566824740764167,0.555676727914214,0.555676727914214,0.959837511744703,0.877108862389342,0.566824740764167,0.537753114223018,0.537753114223018,0.566824740764167,0.566824740764167,0.566824740764167,0.537753114223018,0.566824740764167,0.566824740764167,0.566824740764167,0.509791867299504,0.566824740764167,0.509791867299504,0.780162716441424,0.780162716441424,0.830886502556851,0.830886502556851,0.537753114223018,0.537753114223018,0.566824740764167,0.566824740764167,0.537753114223018,0.537753114223018,0.566824740764167,0.566824740764167,0.566824740764167,0.555676727914214,0.537753114223018,0.509791867299504,0.509791867299504,0.509791867299504,0.537753114223018,0.537753114223018,0.566824740764167,0.566824740764167,0.566824740764167,0.780162716441424,0.780162716441424,0.566824740764167,0.566824740764167,0.566824740764167,0.566824740764167,0.555676727914214,0.509791867299504,0.537753114223018,0.537753114223018,0.509791867299504,0.509791867299504,0.566824740764167,0.537753114223018,0.509791867299504,0.509791867299504,0.555676727914214
3,"t300",0.566824740764167,0.509791867299504,0.537753114223018,0.769259273484858,0.686646733716036,0.566824740764167,0.509791867299504,0.566824740764167,0.566824740764167,0.566824740764167,0.555676727914214,0.566824740764167,0.555676727914214,0.555676727914214,0.509791867299504,0.555676727914214,0.509791867299504,0.830886502556851,0.555676727914214,0.555676727914214,0.537753114223018,0.509791867299504,0.555676727914214,0.537753114223018,0.566824740764167,0.566824740764167,0.555676727914214,0.537753114223018,0.509791867299504,0.566824740764167,0.566824740764167,0.555676727914214,0.555676727914214,0.877108862389343,0.959837511744703,0.566824740764167,0.537753114223018,0.537753114223018,0.566824740764167,0.566824740764167,0.566824740764167,0.537753114223018,0.566824740764167,0.566824740764167,0.566824740764167,0.509791867299504,0.566824740764167,0.509791867299504,0.780162716441424,0.780162716441424,0.830886502556851,0.830886502556851,0.537753114223018,0.537753114223018,0.566824740764167,0.566824740764167,0.537753114223018,0.537753114223018,0.566824740764167,0.566824740764167,0.566824740764167,0.555676727914214,0.537753114223018,0.509791867299504,0.509791867299504,0.509791867299504,0.537753114223018,0.537753114223018,0.566824740764167,0.566824740764167,0.566824740764167,0.780162716441424,0.780162716441424,0.566824740764167,0.566824740764167,0.566824740764167,0.566824740764167,0.555676727914214,0.509791867299504,0.537753114223018,0.537753114223018,0.509791867299504,0.509791867299504,0.566824740764167,0.537753114223018,0.509791867299504,0.509791867299504,0.555676727914214
3,"t19",0.574210239926472,0.586382859966181,0.583647694987096,0.580773328419292,0.580773328419292,0.578718141127839,0.586382859966181,0.578718141127839,0.578718141127839,0.578718141127839,0.581880488377505,0.579419416609423,0.581880488377505,0.581880488377505,0.586382859966181,0.581880488377505,0.586382859966181,0.580773328419292,0.581880488377505,0.581880488377505,0.583647694987096,0.586382859966181,0.581880488377505,0.583647694987096,0.574210239926472,0.574210239926472,0.581880488377505,0.583647694987096,0.586382859966181,0.578718141127839,0.579419416609423,0.581880488377505,0.581880488377505,0.580773328419292,0.580773328419292,0.508516062749306,0.583647694987096,0.583647694987096,0.579419416609423,0.579419416609423,0.579419416609423,0.583647694987096,0.538586196986363,0.558360546579374,0.578718141127839,0.586382859966181,0.579419416609423,0.586382859966181,0.580773328419292,0.580773328419292,0.580773328419292,0.580773328419292,0.583647694987096,0.583647694987096,0.578718141127839,0.578718141127839,0.583647694987096,0.583647694987096,0.574210239926472,0.579419416609423,0.574210239926472,0.581880488377505,0.583647694987096,0.586382859966181,0.586382859966181,0.586382859966181,0.583647694987096,0.583647694987096,0.578718141127839,0.558360546579374,0.558360546579374,0.580773328419292,0.580773328419292,0.574210239926472,0.574210239926472,0.578718141127839,0.578718141127839,0.581880488377505,0.586382859966181,0.583647694987096,0.583647694987096,0.586382859966181,0.586382859966181,0.579419416609423,0.583647694987096,0.586382859966181,0.586382859966181,0.581880488377505
3,"t13",0.540020455495568,0.493364023233195,0.84949907869671,0.540020455495568,0.540020455495568,0.540020455495568,0.493364023233195,0.540020455495568,0.540020455495568,0.540020455495568,0.540020455495568,0.540020455495568,0.540020455495568,0.540020455495568,0.493364023233195,0.540020455495569,0.493364023233195,0.540020455495568,0.540020455495568,0.540020455495568,0.569367870322029,0.493364023233195,0.540020455495569,0.569367870322029,0.540020455495568,0.540020455495568,0.540020455495568,0.948087356406509,0.493364023233195,0.540020455495568,0.540020455495568,0.540020455495568,0.540020455495568,0.540020455495568,0.540020455495568,0.540020455495568,0.994515971217276,0.963267851383991,0.540020455495568,0.540020455495568,0.540020455495568,0.578345239231454,0.540020455495568,0.540020455495568,0.540020455495568,0.493364023233195,0.540020455495568,0.493364023233195,0.540020455495568,0.540020455495568,0.540020455495568,0.540020455495568,0.578345239231454,0.722360267466541,0.540020455495568,0.540020455495568,0.569367870322029,0.569367870322029,0.540020455495568,0.540020455495568,0.540020455495568,0.540020455495568,0.948087356406509,0.493364023233195,0.493364023233195,0.493364023233195,0.963267851383991,0.963267851383991,0.540020455495568,0.540020455495568,0.540020455495568,0.540020455495568,0.540020455495568,0.540020455495568,0.540020455495568,0.540020455495568,0.540020455495568,0.540020455495568,0.493364023233195,0.948087356406509,0.948087356406509,0.493364023233195,0.493364023233195,0.540020455495568,0.722360267466541,0.493364023233195,0.493364023233195,0.540020455495568
3,"t20",0.540017756734745,0.493374198387411,0.849442305537092,0.540017756734745,0.540017756734745,0.540017756734745,0.493374198387411,0.540017756734745,0.540017756734745,0.540017756734745,0.540017756734745,0.540017756734745,0.540017756734745,0.540017756734745,0.493374198387411,0.540017756734746,0.493374198387411,0.540017756734745,0.540017756734745,0.540017756734745,0.569357168665397,0.493374198387411,0.540017756734746,0.569357168665397,0.540017756734745,0.540017756734745,0.540017756734745,0.948049550388231,0.493374198387411,0.540017756734745,0.540017756734745,0.540017756734745,0.540017756734745,0.540017756734745,0.540017756734745,0.540017756734745,0.963237138409222,0.99450832463077,0.540017756734745,0.540017756734745,0.540017756734745,0.578332126029868,0.540017756734745,0.540017756734745,0.540017756734745,0.493374198387411,0.540017756734745,0.493374198387411,0.540017756734745,0.540017756734745,0.540017756734745,0.540017756734745,0.578332126029868,0.72231406410107,0.540017756734745,0.540017756734745,0.569357168665397,0.569357168665397,0.540017756734745,0.540017756734745,0.540017756734745,0.540017756734745,0.948049550388231,0.493374198387411,0.493374198387411,0.493374198387411,0.963464564163309,0.963464564163309,0.540017756734745,0.540017756734745,0.540017756734745,0.540017756734745,0.540017756734745,0.540017756734745,0.540017756734745,0.540017756734745,0.540017756734745,0.540017756734745,0.493374198387411,0.948049550388231,0.948049550388231,0.493374198387411,0.493374198387411,0.540017756734745,0.72231406410107,0.493374198387411,0.493374198387411,0.540017756734745
3,"t281",0.57984103004349,0.613440156730081,0.60033323079262,0.586430024924544,0.586430024924544,0.57984103004349,0.613440156730081,0.57984103004349,0.57984103004349,0.57984103004349,0.59179974575165,0.490346485200716,0.59179974575165,0.59179974575165,0.613440156730081,0.59179974575165,0.613440156730081,0.586430024924544,0.59179974575165,0.59179974575165,0.60033323079262,0.613440156730081,0.59179974575165,0.60033323079262,0.57984103004349,0.57984103004349,0.59179974575165,0.60033323079262,0.613440156730081,0.57984103004349,0.417336066965256,0.59179974575165,0.59179974575165,0.586430024924544,0.586430024924544,0.57984103004349,0.60033323079262,0.60033323079262,0.490346485200716,0.375143369531396,0.25461004640249,0.60033323079262,0.57984103004349,0.57984103004349,0.57984103004349,0.613440156730081,0.490346485200716,0.613440156730081,0.586430024924544,0.586430024924544,0.586430024924544,0.586430024924544,0.60033323079262,0.60033323079262,0.57984103004349,0.57984103004349,0.60033323079262,0.60033323079262,0.57984103004349,0.490346485200716,0.57984103004349,0.59179974575165,0.60033323079262,0.613440156730081,0.613440156730081,0.613440156730081,0.60033323079262,0.60033323079262,0.57984103004349,0.57984103004349,0.57984103004349,0.586430024924544,0.586430024924544,0.57984103004349,0.57984103004349,0.57984103004349,0.57984103004349,0.59179974575165,0.613440156730081,0.60033323079262,0.60033323079262,0.613440156730081,0.613440156730081,0.490346485200716,0.60033323079262,0.613440156730081,0.613440156730081,0.59179974575165
3,"t58",0.577275472190287,0.57183247933645,0.581789835858487,0.577275472190287,0.577275472190287,0.577275472190287,0.57183247933645,0.577275472190287,0.577275472190287,0.577275472190287,0.577275472190287,0.577275472190287,0.577275472190287,0.577275472190287,0.57183247933645,0.577275472190287,0.57183247933645,0.577275472190287,0.577275472190287,0.577275472190287,0.580725662224707,0.57183247933645,0.577275472190287,0.580725662224707,0.577275472190287,0.577275472190287,0.577275472190287,0.581789835858487,0.57183247933645,0.577275472190287,0.577275472190287,0.577275472190287,0.577275472190287,0.577275472190287,0.577275472190287,0.577275472190287,0.581789835858487,0.581789835858487,0.577275472190287,0.577275472190287,0.577275472190287,0.713376038527473,0.577275472190287,0.577275472190287,0.577275472190287,0.57183247933645,0.577275472190287,0.57183247933645,0.577275472190287,0.577275472190287,0.577275472190287,0.577275472190287,0.664562478280957,0.581789835858487,0.577275472190287,0.577275472190287,0.580725662224707,0.580725662224707,0.577275472190287,0.577275472190287,0.577275472190287,0.577275472190287,0.581789835858487,0.57183247933645,0.57183247933645,0.57183247933645,0.581789835858487,0.581789835858487,0.577275472190287,0.577275472190287,0.577275472190287,0.577275472190287,0.577275472190287,0.577275472190287,0.577275472190287,0.577275472190287,0.577275472190287,0.577275472190287,0.57183247933645,0.581789835858487,0.581789835858487,0.57183247933645,0.57183247933645,0.577275472190287,0.581789835858487,0.57183247933645,0.57183247933645,0.577275472190287
3,"t47",0.574210239926472,0.586382859966181,0.583647694987096,0.580773328419292,0.580773328419292,0.578718141127839,0.586382859966181,0.578718141127839,0.578718141127839,0.578718141127839,0.581880488377505,0.579419416609423,0.581880488377505,0.581880488377505,0.586382859966181,0.581880488377505,0.586382859966181,0.580773328419292,0.581880488377505,0.581880488377505,0.583647694987096,0.586382859966181,0.581880488377505,0.583647694987096,0.574210239926472,0.574210239926472,0.581880488377505,0.583647694987096,0.586382859966181,0.578718141127839,0.579419416609423,0.581880488377505,0.581880488377505,0.580773328419292,0.580773328419292,0.538586196986363,0.583647694987096,0.583647694987096,0.579419416609423,0.579419416609423,0.579419416609423,0.583647694987096,0.508516062749306,0.558360546579374,0.578718141127839,0.586382859966181,0.579419416609423,0.586382859966181,0.580773328419292,0.580773328419292,0.580773328419292,0.580773328419292,0.583647694987096,0.583647694987096,0.578718141127839,0.578718141127839,0.583647694987096,0.583647694987096,0.574210239926472,0.579419416609423,0.574210239926472,0.581880488377505,0.583647694987096,0.586382859966181,0.586382859966181,0.586382859966181,0.583647694987096,0.583647694987096,0.578718141127839,0.558360546579374,0.558360546579374,0.580773328419292,0.580773328419292,0.574210239926472,0.574210239926472,0.578718141127839,0.578718141127839,0.581880488377505,0.586382859966181,0.583647694987096,0.583647694987096,0.586382859966181,0.586382859966181,0.579419416609423,0.583647694987096,0.586382859966181,0.586382859966181,0.581880488377505
3,"t252",0.57915165784291,0.609385313270726,0.597578944618363,0.585073134228941,0.585073134228941,0.57915165784291,0.609385313270726,0.57915165784291,0.57915165784291,0.57915165784291,0.589901226700887,0.472862536186967,0.589901226700887,0.589901226700887,0.609385313270726,0.589901226700887,0.609385313270726,0.585073134228941,0.589901226700887,0.589901226700887,0.597578944618363,0.609385313270726,0.589901226700887,0.597578944618363,0.57915165784291,0.57915165784291,0.589901226700887,0.597578944618363,0.609385313270726,0.57915165784291,0.498831092045973,0.589901226700887,0.589901226700887,0.585073134228941,0.585073134228941,0.57915165784291,0.597578944618363,0.597578944618363,0.424162357845572,0.498831092045973,0.498831092045973,0.597578944618363,0.57915165784291,0.57915165784291,0.57915165784291,0.609385313270726,0.281977997913869,0.609385313270726,0.585073134228941,0.585073134228941,0.585073134228941,0.585073134228941,0.597578944618363,0.597578944618363,0.57915165784291,0.57915165784291,0.597578944618363,0.597578944618363,0.57915165784291,0.495244103527596,0.57915165784291,0.589901226700887,0.597578944618363,0.609385313270726,0.609385313270726,0.609385313270726,0.597578944618363,0.597578944618363,0.57915165784291,0.57915165784291,0.57915165784291,0.585073134228941,0.585073134228941,0.57915165784291,0.57915165784291,0.57915165784291,0.57915165784291,0.589901226700887,0.609385313270726,0.597578944618363,0.597578944618363,0.609385313270726,0.609385313270726,0.495244103527596,0.597578944618363,0.609385313270726,0.609385313270726,0.589901226700887
3,"t190",0.548605978839958,0.591544979233122,0.548605978839958,0.548605978839958,0.548605978839958,0.548605978839958,0.805723971288128,0.548605978839958,0.548605978839958,0.548605978839958,0.548605978839958,0.548605978839958,0.548605978839958,0.548605978839958,0.727192685349359,0.548605978839958,0.591544979233122,0.548605978839958,0.548605978839958,0.548605978839958,0.548605978839958,0.639506563981958,0.548605978839958,0.548605978839958,0.548605978839958,0.548605978839958,0.548605978839958,0.548605978839958,0.878016532048359,0.548605978839958,0.548605978839958,0.548605978839958,0.548605978839958,0.548605978839958,0.548605978839958,0.548605978839958,0.548605978839958,0.548605978839958,0.548605978839958,0.548605978839958,0.548605978839958,0.548605978839958,0.548605978839958,0.548605978839958,0.548605978839958,0.727192685349359,0.548605978839958,0.95888063935825,0.548605978839958,0.548605978839958,0.548605978839958,0.548605978839958,0.548605978839958,0.548605978839958,0.548605978839958,0.548605978839958,0.548605978839958,0.548605978839958,0.548605978839958,0.548605978839958,0.548605978839958,0.548605978839958,0.548605978839958,0.895844338308639,0.895844338308639,0.639506563981958,0.548605978839958,0.548605978839958,0.548605978839958,0.548605978839958,0.548605978839958,0.548605978839958,0.548605978839958,0.548605978839958,0.548605978839958,0.548605978839958,0.548605978839958,0.548605978839958,0.591544979233122,0.548605978839958,0.548605978839958,0.639506563981958,0.639506563981958,0.548605978839958,0.548605978839958,0.639506563981958,0.639506563981958,0.548605978839958
3,"t142",0.566444662225517,0.510159057994314,0.537752306970226,0.766795269966606,0.684854015990682,0.566444662225517,0.510159057994314,0.566444662225517,0.566444662225517,0.566444662225517,0.55544136516831,0.566444662225517,0.55544136516831,0.55544136516831,0.510159057994314,0.55544136516831,0.510159057994314,0.777639653207019,0.55544136516831,0.55544136516831,0.537752306970226,0.510159057994314,0.55544136516831,0.537752306970226,0.566444662225517,0.566444662225517,0.55544136516831,0.537752306970226,0.510159057994314,0.566444662225517,0.566444662225517,0.55544136516831,0.55544136516831,0.777639653207019,0.777639653207019,0.566444662225517,0.537752306970226,0.537752306970226,0.566444662225517,0.566444662225517,0.566444662225517,0.537752306970226,0.566444662225517,0.566444662225517,0.566444662225517,0.510159057994314,0.566444662225517,0.510159057994314,0.958278902704956,0.892493530202454,0.777639653207019,0.777639653207019,0.537752306970226,0.537752306970226,0.566444662225517,0.566444662225517,0.537752306970226,0.537752306970226,0.566444662225517,0.566444662225517,0.566444662225517,0.55544136516831,0.537752306970226,0.510159057994314,0.510159057994314,0.510159057994314,0.537752306970226,0.537752306970226,0.566444662225517,0.566444662225517,0.566444662225517,0.862261796169526,0.862261796169526,0.566444662225517,0.566444662225517,0.566444662225517,0.566444662225517,0.55544136516831,0.510159057994314,0.537752306970226,0.537752306970226,0.510159057994314,0.510159057994314,0.566444662225517,0.537752306970226,0.510159057994314,0.510159057994314,0.55544136516831
3,"t87",0.566444662225518,0.510159057994315,0.537752306970227,0.766795269966608,0.684854015990683,0.566444662225518,0.510159057994315,0.566444662225518,0.566444662225518,0.566444662225518,0.555441365168311,0.566444662225518,0.555441365168311,0.555441365168311,0.510159057994315,0.555441365168311,0.510159057994315,0.77763965320702,0.555441365168311,0.555441365168311,0.537752306970227,0.510159057994315,0.555441365168311,0.537752306970227,0.566444662225518,0.566444662225518,0.555441365168311,0.537752306970227,0.510159057994315,0.566444662225518,0.566444662225518,0.555441365168311,0.555441365168311,0.77763965320702,0.77763965320702,0.566444662225518,0.537752306970227,0.537752306970227,0.566444662225518,0.566444662225518,0.566444662225518,0.537752306970227,0.566444662225518,0.566444662225518,0.566444662225518,0.510159057994315,0.566444662225518,0.510159057994315,0.892493530202456,0.958278902704957,0.77763965320702,0.77763965320702,0.537752306970227,0.537752306970227,0.566444662225518,0.566444662225518,0.537752306970227,0.537752306970227,0.566444662225518,0.566444662225518,0.566444662225518,0.555441365168311,0.537752306970227,0.510159057994315,0.510159057994315,0.510159057994315,0.537752306970227,0.537752306970227,0.566444662225518,0.566444662225518,0.566444662225518,0.862261796169528,0.862261796169528,0.566444662225518,0.566444662225518,0.566444662225518,0.566444662225518,0.555441365168311,0.510159057994315,0.537752306970227,0.537752306970227,0.510159057994315,0.510159057994315,0.566444662225518,0.537752306970227,0.510159057994315,0.510159057994315,0.555441365168311
3,"t241",0.566471172446831,0.509746847035692,0.537555496238707,0.768091400296473,0.685727915816811,0.566471172446831,0.509746847035692,0.566471172446831,0.566471172446831,0.566471172446831,0.555382500114187,0.566471172446831,0.555382500114187,0.555382500114187,0.509746847035692,0.555382500114187,0.509746847035692,0.841956545739468,0.555382500114187,0.555382500114187,0.537555496238707,0.509746847035692,0.555382500114187,0.537555496238707,0.566471172446831,0.566471172446831,0.555382500114187,0.537555496238707,0.509746847035692,0.566471172446831,0.566471172446831,0.555382500114187,0.555382500114187,0.829661307792781,0.829661307792781,0.566471172446831,0.537555496238707,0.537555496238707,0.566471172446831,0.566471172446831,0.566471172446831,0.537555496238707,0.566471172446831,0.566471172446831,0.566471172446831,0.509746847035692,0.566471172446831,0.509746847035692,0.77897519637631,0.77897519637631,0.959162595563488,0.894866305399756,0.537555496238707,0.537555496238707,0.566471172446831,0.566471172446831,0.537555496238707,0.537555496238707,0.566471172446831,0.566471172446831,0.566471172446831,0.555382500114187,0.537555496238707,0.509746847035692,0.509746847035692,0.509746847035692,0.537555496238707,0.537555496238707,0.566471172446831,0.566471172446831,0.566471172446831,0.77897519637631,0.77897519637631,0.566471172446831,0.566471172446831,0.566471172446831,0.566471172446831,0.555382500114187,0.509746847035692,0.537555496238707,0.537555496238707,0.509746847035692,0.509746847035692,0.566471172446831,0.537555496238707,0.509746847035692,0.509746847035692,0.555382500114187
3,"t55",0.566471172446831,0.509746847035692,0.537555496238707,0.768091400296473,0.685727915816811,0.566471172446831,0.509746847035692,0.566471172446831,0.566471172446831,0.566471172446831,0.555382500114187,0.566471172446831,0.555382500114187,0.555382500114187,0.509746847035692,0.555382500114187,0.509746847035692,0.841956545739468,0.555382500114187,0.555382500114187,0.537555496238707,0.509746847035692,0.555382500114187,0.537555496238707,0.566471172446831,0.566471172446831,0.555382500114187,0.537555496238707,0.509746847035692,0.566471172446831,0.566471172446831,0.555382500114187,0.555382500114187,0.829661307792781,0.829661307792781,0.566471172446831,0.537555496238707,0.537555496238707,0.566471172446831,0.566471172446831,0.566471172446831,0.537555496238707,0.566471172446831,0.566471172446831,0.566471172446831,0.509746847035692,0.566471172446831,0.509746847035692,0.77897519637631,0.77897519637631,0.894866305399756,0.959162595563488,0.537555496238707,0.537555496238707,0.566471172446831,0.566471172446831,0.537555496238707,0.537555496238707,0.566471172446831,0.566471172446831,0.566471172446831,0.555382500114187,0.537555496238707,0.509746847035692,0.509746847035692,0.509746847035692,0.537555496238707,0.537555496238707,0.566471172446831,0.566471172446831,0.566471172446831,0.77897519637631,0.77897519637631,0.566471172446831,0.566471172446831,0.566471172446831,0.566471172446831,0.555382500114187,0.509746847035692,0.537555496238707,0.537555496238707,0.509746847035692,0.509746847035692,0.566471172446831,0.537555496238707,0.509746847035692,0.509746847035692,0.555382500114187
3,"t287",0.568103136111369,0.479120117376128,0.622806544003987,0.568103136111369,0.568103136111369,0.568103136111369,0.479120117376128,0.568103136111369,0.568103136111369,0.568103136111369,0.568103136111369,0.568103136111369,0.568103136111369,0.568103136111369,0.479120117376128,0.568103136111369,0.479120117376128,0.568103136111369,0.568103136111369,0.568103136111369,0.995888182247303,0.479120117376128,0.568103136111369,0.996782599777416,0.568103136111369,0.568103136111369,0.568103136111369,0.622806544003987,0.479120117376128,0.568103136111369,0.568103136111369,0.568103136111369,0.568103136111369,0.568103136111369,0.568103136111369,0.568103136111369,0.622806544003987,0.622806544003987,0.568103136111369,0.568103136111369,0.568103136111369,0.622806544003987,0.568103136111369,0.568103136111369,0.568103136111369,0.479120117376128,0.568103136111369,0.479120117376128,0.568103136111369,0.568103136111369,0.568103136111369,0.568103136111369,0.622806544003987,0.622806544003987,0.568103136111369,0.568103136111369,0.999950618394692,0.999299162358115,0.568103136111369,0.568103136111369,0.568103136111369,0.568103136111369,0.622806544003987,0.479120117376128,0.479120117376128,0.479120117376128,0.622806544003987,0.622806544003987,0.568103136111369,0.568103136111369,0.568103136111369,0.568103136111369,0.568103136111369,0.568103136111369,0.568103136111369,0.568103136111369,0.568103136111369,0.568103136111369,0.479120117376128,0.622806544003987,0.622806544003987,0.479120117376128,0.479120117376128,0.568103136111369,0.622806544003987,0.479120117376128,0.479120117376128,0.568103136111369
3,"t78",0.568103136111371,0.479120117376126,0.622806544003992,0.568103136111371,0.568103136111371,0.568103136111371,0.479120117376126,0.568103136111371,0.568103136111371,0.568103136111371,0.568103136111371,0.568103136111371,0.568103136111371,0.568103136111371,0.479120117376126,0.568103136111371,0.479120117376126,0.568103136111371,0.568103136111371,0.568103136111371,0.995888182247304,0.479120117376126,0.568103136111371,0.996782599777417,0.568103136111371,0.568103136111371,0.568103136111371,0.622806544003992,0.479120117376126,0.568103136111371,0.568103136111371,0.568103136111371,0.568103136111371,0.568103136111371,0.568103136111371,0.568103136111371,0.622806544003992,0.622806544003992,0.568103136111371,0.568103136111371,0.568103136111371,0.622806544003992,0.568103136111371,0.568103136111371,0.568103136111371,0.479120117376126,0.568103136111371,0.479120117376126,0.568103136111371,0.568103136111371,0.568103136111371,0.568103136111371,0.622806544003992,0.622806544003992,0.568103136111371,0.568103136111371,0.999299162358115,0.999950618394692,0.568103136111371,0.568103136111371,0.568103136111371,0.568103136111371,0.622806544003992,0.479120117376126,0.479120117376126,0.479120117376126,0.622806544003992,0.622806544003992,0.568103136111371,0.568103136111371,0.568103136111371,0.568103136111371,0.568103136111371,0.568103136111371,0.568103136111371,0.568103136111371,0.568103136111371,0.568103136111371,0.479120117376126,0.622806544003992,0.622806544003992,0.479120117376126,0.479120117376126,0.568103136111371,0.622806544003992,0.479120117376126,0.479120117376126,0.568103136111371
3,"t39",0.578569268346692,0.604303763466161,0.594241308882946,0.583601550044466,0.583601550044466,0.578569268346692,0.604303763466161,0.578569268346692,0.578569268346692,0.578569268346692,0.587707174197341,0.507396682576165,0.587707174197341,0.587707174197341,0.604303763466161,0.587707174197341,0.604303763466161,0.583601550044466,0.587707174197341,0.587707174197341,0.594241308882946,0.604303763466161,0.587707174197341,0.594241308882946,0.578569268346692,0.578569268346692,0.587707174197341,0.594241308882946,0.604303763466161,0.578569268346692,0.510442064209583,0.587707174197341,0.587707174197341,0.583601550044466,0.583601550044466,0.578569268346692,0.594241308882946,0.594241308882946,0.507396682576165,0.510442064209583,0.510442064209583,0.594241308882946,0.578569268346692,0.578569268346692,0.578569268346692,0.604303763466161,0.507396682576165,0.604303763466161,0.583601550044466,0.583601550044466,0.583601550044466,0.583601550044466,0.594241308882946,0.594241308882946,0.578569268346692,0.578569268346692,0.594241308882946,0.594241308882946,0.578569268346692,0.321252471663658,0.578569268346692,0.587707174197341,0.594241308882946,0.604303763466161,0.604303763466161,0.604303763466161,0.594241308882946,0.594241308882946,0.578569268346692,0.578569268346692,0.578569268346692,0.583601550044466,0.583601550044466,0.578569268346692,0.578569268346692,0.578569268346692,0.578569268346692,0.587707174197341,0.604303763466161,0.594241308882946,0.594241308882946,0.604303763466161,0.604303763466161,0.487365334481973,0.594241308882946,0.604303763466161,0.604303763466161,0.587707174197341
3,"t112",0.613528126280872,0.550236570102937,0.5620794710225,0.574425311432288,0.574425311432288,0.583182673319921,0.550236570102937,0.583182673319921,0.583182673319921,0.583182673319921,0.569682835437935,0.580201392385313,0.569682835437935,0.569682835437935,0.550236570102937,0.569682835437935,0.550236570102937,0.574425311432288,0.569682835437935,0.569682835437935,0.5620794710225,0.550236570102937,0.569682835437935,0.5620794710225,0.626406914958152,0.626406914958152,0.569682835437935,0.5620794710225,0.550236570102937,0.583182673319921,0.580201392385313,0.569682835437935,0.569682835437935,0.574425311432288,0.574425311432288,0.602161954647128,0.5620794710225,0.5620794710225,0.580201392385313,0.580201392385313,0.580201392385313,0.5620794710225,0.602161954647128,0.602161954647128,0.583182673319921,0.550236570102937,0.580201392385313,0.550236570102937,0.574425311432288,0.574425311432288,0.574425311432288,0.574425311432288,0.5620794710225,0.5620794710225,0.583182673319921,0.583182673319921,0.5620794710225,0.5620794710225,0.612906275175118,0.580201392385313,0.823891333276895,0.569682835437935,0.5620794710225,0.550236570102937,0.550236570102937,0.550236570102937,0.5620794710225,0.5620794710225,0.583182673319921,0.602161954647128,0.602161954647128,0.574425311432288,0.574425311432288,0.772869350517646,0.772869350517646,0.583182673319921,0.583182673319921,0.569682835437935,0.550236570102937,0.5620794710225,0.5620794710225,0.550236570102937,0.550236570102937,0.580201392385313,0.5620794710225,0.550236570102937,0.550236570102937,0.569682835437935
3,"t31",0.53986270676264,0.494370179954395,0.844342968278908,0.53986270676264,0.53986270676264,0.53986270676264,0.494370179954395,0.53986270676264,0.53986270676264,0.53986270676264,0.53986270676264,0.53986270676264,0.53986270676264,0.53986270676264,0.494370179954395,0.539862706762641,0.494370179954395,0.53986270676264,0.53986270676264,0.53986270676264,0.568485623844081,0.494370179954395,0.539862706762641,0.568485623844081,0.53986270676264,0.53986270676264,0.53986270676264,0.953469145510548,0.494370179954395,0.53986270676264,0.53986270676264,0.53986270676264,0.53986270676264,0.53986270676264,0.53986270676264,0.53986270676264,0.944582256683153,0.944582256683153,0.53986270676264,0.53986270676264,0.53986270676264,0.57724445052221,0.53986270676264,0.53986270676264,0.53986270676264,0.494370179954395,0.53986270676264,0.494370179954395,0.53986270676264,0.53986270676264,0.53986270676264,0.53986270676264,0.57724445052221,0.71823627867843,0.53986270676264,0.53986270676264,0.568485623844081,0.568485623844081,0.53986270676264,0.53986270676264,0.53986270676264,0.53986270676264,0.993782547610366,0.494370179954395,0.494370179954395,0.494370179954395,0.944582256683153,0.944582256683153,0.53986270676264,0.53986270676264,0.53986270676264,0.53986270676264,0.53986270676264,0.53986270676264,0.53986270676264,0.53986270676264,0.53986270676264,0.53986270676264,0.494370179954395,0.981400230562523,0.981400230562523,0.494370179954395,0.494370179954395,0.53986270676264,0.71823627867843,0.494370179954395,0.494370179954395,0.53986270676264
3,"t216",0.548560168863014,0.59087189877796,0.548560168863014,0.548560168863014,0.548560168863014,0.548560168863014,0.802829431183158,0.548560168863014,0.548560168863014,0.548560168863014,0.548560168863014,0.548560168863014,0.548560168863014,0.548560168863014,0.724838996746963,0.548560168863014,0.59087189877796,0.548560168863014,0.548560168863014,0.548560168863014,0.548560168863014,0.63816984293544,0.548560168863014,0.548560168863014,0.548560168863014,0.548560168863014,0.548560168863014,0.548560168863014,0.875142699047847,0.548560168863014,0.548560168863014,0.548560168863014,0.548560168863014,0.548560168863014,0.548560168863014,0.548560168863014,0.548560168863014,0.548560168863014,0.548560168863014,0.548560168863014,0.548560168863014,0.548560168863014,0.548560168863014,0.548560168863014,0.548560168863014,0.724838996746963,0.548560168863014,0.893087556633337,0.548560168863014,0.548560168863014,0.548560168863014,0.548560168863014,0.548560168863014,0.548560168863014,0.548560168863014,0.548560168863014,0.548560168863014,0.548560168863014,0.548560168863014,0.548560168863014,0.548560168863014,0.548560168863014,0.548560168863014,0.957110419161736,0.924184962989597,0.63816984293544,0.548560168863014,0.548560168863014,0.548560168863014,0.548560168863014,0.548560168863014,0.548560168863014,0.548560168863014,0.548560168863014,0.548560168863014,0.548560168863014,0.548560168863014,0.548560168863014,0.59087189877796,0.548560168863014,0.548560168863014,0.63816984293544,0.63816984293544,0.548560168863014,0.548560168863014,0.63816984293544,0.63816984293544,0.548560168863014
3,"t32",0.548560168863014,0.59087189877796,0.548560168863014,0.548560168863014,0.548560168863014,0.548560168863014,0.802829431183158,0.548560168863014,0.548560168863014,0.548560168863014,0.548560168863014,0.548560168863014,0.548560168863014,0.548560168863014,0.724838996746963,0.548560168863014,0.59087189877796,0.548560168863014,0.548560168863014,0.548560168863014,0.548560168863014,0.63816984293544,0.548560168863014,0.548560168863014,0.548560168863014,0.548560168863014,0.548560168863014,0.548560168863014,0.875142699047847,0.548560168863014,0.548560168863014,0.548560168863014,0.548560168863014,0.548560168863014,0.548560168863014,0.548560168863014,0.548560168863014,0.548560168863014,0.548560168863014,0.548560168863014,0.548560168863014,0.548560168863014,0.548560168863014,0.548560168863014,0.548560168863014,0.724838996746963,0.548560168863014,0.893087556633337,0.548560168863014,0.548560168863014,0.548560168863014,0.548560168863014,0.548560168863014,0.548560168863014,0.548560168863014,0.548560168863014,0.548560168863014,0.548560168863014,0.548560168863014,0.548560168863014,0.548560168863014,0.548560168863014,0.548560168863014,0.924184962989597,0.957110419161736,0.63816984293544,0.548560168863014,0.548560168863014,0.548560168863014,0.548560168863014,0.548560168863014,0.548560168863014,0.548560168863014,0.548560168863014,0.548560168863014,0.548560168863014,0.548560168863014,0.548560168863014,0.59087189877796,0.548560168863014,0.548560168863014,0.63816984293544,0.63816984293544,0.548560168863014,0.548560168863014,0.63816984293544,0.63816984293544,0.548560168863014
3,"t158",0.539913196655676,0.494024097414762,0.846113953737849,0.539913196655676,0.539913196655676,0.539913196655676,0.494024097414762,0.539913196655676,0.539913196655676,0.539913196655676,0.539913196655676,0.539913196655676,0.539913196655676,0.539913196655676,0.494024097414762,0.539913196655676,0.494024097414762,0.539913196655676,0.539913196655676,0.539913196655676,0.568783041330371,0.494024097414762,0.539913196655676,0.568783041330371,0.539913196655676,0.539913196655676,0.539913196655676,0.945800111642963,0.494024097414762,0.539913196655676,0.539913196655676,0.539913196655676,0.539913196655676,0.539913196655676,0.539913196655676,0.539913196655676,0.96140235955053,0.961636843282809,0.539913196655676,0.539913196655676,0.539913196655676,0.577616380494585,0.539913196655676,0.539913196655676,0.539913196655676,0.494024097414762,0.539913196655676,0.494024097414762,0.539913196655676,0.539913196655676,0.539913196655676,0.539913196655676,0.577616380494585,0.719642862670973,0.539913196655676,0.539913196655676,0.568783041330371,0.568783041330371,0.539913196655676,0.539913196655676,0.539913196655676,0.539913196655676,0.945800111642963,0.494024097414762,0.494024097414762,0.494024097414762,0.994042692179744,0.984341572138841,0.539913196655676,0.539913196655676,0.539913196655676,0.539913196655676,0.539913196655676,0.539913196655676,0.539913196655676,0.539913196655676,0.539913196655676,0.539913196655676,0.494024097414762,0.945800111642963,0.945800111642963,0.494024097414762,0.494024097414762,0.539913196655676,0.719642862670973,0.494024097414762,0.494024097414762,0.539913196655676
3,"t70",0.539913196655677,0.494024097414763,0.846113953737851,0.539913196655677,0.539913196655677,0.539913196655677,0.494024097414763,0.539913196655677,0.539913196655677,0.539913196655677,0.539913196655677,0.539913196655677,0.539913196655677,0.539913196655677,0.494024097414763,0.539913196655677,0.494024097414763,0.539913196655677,0.539913196655677,0.539913196655677,0.568783041330372,0.494024097414763,0.539913196655677,0.568783041330372,0.539913196655677,0.539913196655677,0.539913196655677,0.945800111642964,0.494024097414763,0.539913196655677,0.539913196655677,0.539913196655677,0.539913196655677,0.539913196655677,0.539913196655677,0.539913196655677,0.961402359550531,0.961636843282809,0.539913196655677,0.539913196655677,0.539913196655677,0.577616380494586,0.539913196655677,0.539913196655677,0.539913196655677,0.494024097414763,0.539913196655677,0.494024097414763,0.539913196655677,0.539913196655677,0.539913196655677,0.539913196655677,0.577616380494586,0.719642862670975,0.539913196655677,0.539913196655677,0.568783041330372,0.568783041330372,0.539913196655677,0.539913196655677,0.539913196655677,0.539913196655677,0.945800111642964,0.494024097414763,0.494024097414763,0.494024097414763,0.984341572138841,0.994042692179745,0.539913196655677,0.539913196655677,0.539913196655677,0.539913196655677,0.539913196655677,0.539913196655677,0.539913196655677,0.539913196655677,0.539913196655677,0.539913196655677,0.494024097414763,0.945800111642964,0.945800111642964,0.494024097414763,0.494024097414763,0.539913196655677,0.719642862670975,0.494024097414763,0.494024097414763,0.539913196655677
3,"t203",0.565998627989584,0.51059144292861,0.537752167118605,0.763876406084249,0.682740553378784,0.565998627989584,0.51059144292861,0.565998627989584,0.565998627989584,0.565998627989584,0.555165498248454,0.565998627989584,0.555165498248454,0.555165498248454,0.51059144292861,0.555165498248454,0.51059144292861,0.77464833679552,0.555165498248454,0.555165498248454,0.537752167118605,0.51059144292861,0.555165498248454,0.537752167118605,0.565998627989584,0.565998627989584,0.555165498248454,0.537752167118605,0.51059144292861,0.565998627989584,0.565998627989584,0.555165498248454,0.555165498248454,0.77464833679552,0.77464833679552,0.565998627989584,0.537752167118605,0.537752167118605,0.565998627989584,0.565998627989584,0.565998627989584,0.537752167118605,0.565998627989584,0.565998627989584,0.565998627989584,0.51059144292861,0.565998627989584,0.51059144292861,0.85910544425303,0.85910544425303,0.77464833679552,0.77464833679552,0.537752167118605,0.537752167118605,0.565998627989584,0.565998627989584,0.537752167118605,0.537752167118605,0.565998627989584,0.565998627989584,0.565998627989584,0.555165498248454,0.537752167118605,0.51059144292861,0.51059144292861,0.51059144292861,0.537752167118605,0.537752167118605,0.565998627989584,0.565998627989584,0.565998627989584,0.956373113733147,0.931198480492268,0.565998627989584,0.565998627989584,0.565998627989584,0.565998627989584,0.555165498248454,0.51059144292861,0.537752167118605,0.537752167118605,0.51059144292861,0.51059144292861,0.565998627989584,0.537752167118605,0.51059144292861,0.51059144292861,0.555165498248454
3,"t136",0.565998627989584,0.51059144292861,0.537752167118605,0.763876406084249,0.682740553378784,0.565998627989584,0.51059144292861,0.565998627989584,0.565998627989584,0.565998627989584,0.555165498248454,0.565998627989584,0.555165498248454,0.555165498248454,0.51059144292861,0.555165498248454,0.51059144292861,0.77464833679552,0.555165498248454,0.555165498248454,0.537752167118605,0.51059144292861,0.555165498248454,0.537752167118605,0.565998627989584,0.565998627989584,0.555165498248454,0.537752167118605,0.51059144292861,0.565998627989584,0.565998627989584,0.555165498248454,0.555165498248454,0.77464833679552,0.77464833679552,0.565998627989584,0.537752167118605,0.537752167118605,0.565998627989584,0.565998627989584,0.565998627989584,0.537752167118605,0.565998627989584,0.565998627989584,0.565998627989584,0.51059144292861,0.565998627989584,0.51059144292861,0.85910544425303,0.85910544425303,0.77464833679552,0.77464833679552,0.537752167118605,0.537752167118605,0.565998627989584,0.565998627989584,0.537752167118605,0.537752167118605,0.565998627989584,0.565998627989584,0.565998627989584,0.555165498248454,0.537752167118605,0.51059144292861,0.51059144292861,0.51059144292861,0.537752167118605,0.537752167118605,0.565998627989584,0.565998627989584,0.565998627989584,0.931198480492268,0.956373113733147,0.565998627989584,0.565998627989584,0.565998627989584,0.565998627989584,0.555165498248454,0.51059144292861,0.537752167118605,0.537752167118605,0.51059144292861,0.51059144292861,0.565998627989584,0.537752167118605,0.51059144292861,0.51059144292861,0.555165498248454
3,"t205",0.613638013663098,0.549720935111086,0.561682064798267,0.574150898607351,0.574150898607351,0.582995178533928,0.549720935111086,0.582995178533928,0.582995178533928,0.582995178533928,0.569361226598821,0.579984346960937,0.569361226598821,0.569361226598821,0.549720935111086,0.569361226598821,0.549720935111086,0.574150898607351,0.569361226598821,0.569361226598821,0.561682064798267,0.549720935111086,0.569361226598821,0.561682064798267,0.626640400047912,0.626640400047912,0.569361226598821,0.561682064798267,0.549720935111086,0.582995178533928,0.579984346960937,0.569361226598821,0.569361226598821,0.574150898607351,0.574150898607351,0.602161315649709,0.561682064798267,0.561682064798267,0.579984346960937,0.579984346960937,0.579984346960937,0.561682064798267,0.602161315649709,0.602161315649709,0.582995178533928,0.549720935111086,0.579984346960937,0.549720935111086,0.574150898607351,0.574150898607351,0.574150898607351,0.574150898607351,0.561682064798267,0.561682064798267,0.582995178533928,0.582995178533928,0.561682064798267,0.561682064798267,0.613010147972347,0.579984346960937,0.774255978722568,0.569361226598821,0.561682064798267,0.549720935111086,0.549720935111086,0.549720935111086,0.561682064798267,0.561682064798267,0.582995178533928,0.602161315649709,0.602161315649709,0.574150898607351,0.574150898607351,0.825485746576422,0.795215101346759,0.582995178533928,0.582995178533928,0.569361226598821,0.549720935111086,0.561682064798267,0.561682064798267,0.549720935111086,0.549720935111086,0.579984346960937,0.561682064798267,0.549720935111086,0.549720935111086,0.569361226598821
3,"t88",0.613638013663097,0.549720935111086,0.561682064798267,0.574150898607351,0.574150898607351,0.582995178533928,0.549720935111086,0.582995178533928,0.582995178533928,0.582995178533928,0.569361226598821,0.579984346960937,0.569361226598821,0.569361226598821,0.549720935111086,0.569361226598821,0.549720935111086,0.574150898607351,0.569361226598821,0.569361226598821,0.561682064798267,0.549720935111086,0.569361226598821,0.561682064798267,0.626640400047911,0.626640400047911,0.569361226598821,0.561682064798267,0.549720935111086,0.582995178533928,0.579984346960937,0.569361226598821,0.569361226598821,0.574150898607351,0.574150898607351,0.602161315649709,0.561682064798267,0.561682064798267,0.579984346960937,0.579984346960937,0.579984346960937,0.561682064798267,0.602161315649709,0.602161315649709,0.582995178533928,0.549720935111086,0.579984346960937,0.549720935111086,0.574150898607351,0.574150898607351,0.574150898607351,0.574150898607351,0.561682064798267,0.561682064798267,0.582995178533928,0.582995178533928,0.561682064798267,0.561682064798267,0.613010147972347,0.579984346960937,0.774255978722567,0.569361226598821,0.561682064798267,0.549720935111086,0.549720935111086,0.549720935111086,0.561682064798267,0.561682064798267,0.582995178533928,0.602161315649709,0.602161315649709,0.574150898607351,0.574150898607351,0.795215101346758,0.825485746576421,0.582995178533928,0.582995178533928,0.569361226598821,0.549720935111086,0.561682064798267,0.561682064798267,0.549720935111086,0.549720935111086,0.579984346960937,0.561682064798267,0.549720935111086,0.549720935111086,0.569361226598821
3,"t17",0.539837305343699,0.494776756429785,0.842411670135834,0.539837305343699,0.539837305343699,0.539837305343699,0.494776756429785,0.539837305343699,0.539837305343699,0.539837305343699,0.539837305343699,0.539837305343699,0.539837305343699,0.539837305343699,0.494776756429785,0.539837305343699,0.494776756429785,0.539837305343699,0.539837305343699,0.539837305343699,0.568190949595747,0.494776756429785,0.539837305343699,0.568190949595747,0.539837305343699,0.539837305343699,0.539837305343699,0.952246309369823,0.494776756429785,0.539837305343699,0.539837305343699,0.539837305343699,0.539837305343699,0.539837305343699,0.539837305343699,0.539837305343699,0.94323337018077,0.94323337018077,0.539837305343699,0.539837305343699,0.539837305343699,0.576868454349028,0.539837305343699,0.539837305343699,0.539837305343699,0.494776756429785,0.539837305343699,0.494776756429785,0.539837305343699,0.539837305343699,0.539837305343699,0.539837305343699,0.576868454349028,0.716724103686725,0.539837305343699,0.539837305343699,0.568190949595747,0.568190949595747,0.539837305343699,0.539837305343699,0.539837305343699,0.539837305343699,0.980727930422004,0.494776756429785,0.494776756429785,0.494776756429785,0.94323337018077,0.94323337018077,0.539837305343699,0.539837305343699,0.539837305343699,0.539837305343699,0.539837305343699,0.539837305343699,0.539837305343699,0.539837305343699,0.539837305343699,0.539837305343699,0.494776756429785,0.993487224684521,0.990764285069796,0.494776756429785,0.494776756429785,0.539837305343699,0.716724103686725,0.494776756429785,0.494776756429785,0.539837305343699
3,"t114",0.539837305343699,0.494776756429785,0.842411670135834,0.539837305343699,0.539837305343699,0.539837305343699,0.494776756429785,0.539837305343699,0.539837305343699,0.539837305343699,0.539837305343699,0.539837305343699,0.539837305343699,0.539837305343699,0.494776756429785,0.539837305343699,0.494776756429785,0.539837305343699,0.539837305343699,0.539837305343699,0.568190949595747,0.494776756429785,0.539837305343699,0.568190949595747,0.539837305343699,0.539837305343699,0.539837305343699,0.952246309369823,0.494776756429785,0.539837305343699,0.539837305343699,0.539837305343699,0.539837305343699,0.539837305343699,0.539837305343699,0.539837305343699,0.94323337018077,0.94323337018077,0.539837305343699,0.539837305343699,0.539837305343699,0.576868454349028,0.539837305343699,0.539837305343699,0.539837305343699,0.494776756429785,0.539837305343699,0.494776756429785,0.539837305343699,0.539837305343699,0.539837305343699,0.539837305343699,0.576868454349028,0.716724103686725,0.539837305343699,0.539837305343699,0.568190949595747,0.568190949595747,0.539837305343699,0.539837305343699,0.539837305343699,0.539837305343699,0.980727930422004,0.494776756429785,0.494776756429785,0.494776756429785,0.94323337018077,0.94323337018077,0.539837305343699,0.539837305343699,0.539837305343699,0.539837305343699,0.539837305343699,0.539837305343699,0.539837305343699,0.539837305343699,0.539837305343699,0.539837305343699,0.494776756429785,0.990764285069796,0.993487224684521,0.494776756429785,0.494776756429785,0.539837305343699,0.716724103686725,0.494776756429785,0.494776756429785,0.539837305343699
3,"t160",0.559324955341425,0.587045633100073,0.559324955341425,0.559324955341425,0.559324955341425,0.559324955341425,0.618437148315057,0.559324955341425,0.559324955341425,0.559324955341425,0.559324955341425,0.559324955341425,0.559324955341425,0.559324955341425,0.618437148315057,0.559324955341425,0.587045633100073,0.559324955341425,0.559324955341425,0.559324955341425,0.559324955341425,0.658325487021579,0.559324955341425,0.559324955341425,0.559324955341425,0.559324955341425,0.559324955341425,0.559324955341425,0.618437148315057,0.559324955341425,0.559324955341425,0.559324955341425,0.559324955341425,0.559324955341425,0.559324955341425,0.559324955341425,0.559324955341425,0.559324955341425,0.559324955341425,0.559324955341425,0.559324955341425,0.559324955341425,0.559324955341425,0.559324955341425,0.559324955341425,0.618437148315057,0.559324955341425,0.618437148315057,0.559324955341425,0.559324955341425,0.559324955341425,0.559324955341425,0.559324955341425,0.559324955341425,0.559324955341425,0.559324955341425,0.559324955341425,0.559324955341425,0.559324955341425,0.559324955341425,0.559324955341425,0.559324955341425,0.559324955341425,0.618437148315057,0.618437148315057,0.658325487021579,0.559324955341425,0.559324955341425,0.559324955341425,0.559324955341425,0.559324955341425,0.559324955341425,0.559324955341425,0.559324955341425,0.559324955341425,0.559324955341425,0.559324955341425,0.559324955341425,0.587045633100073,0.559324955341425,0.559324955341425,0.895515108798382,0.658325487021579,0.559324955341425,0.559324955341425,0.883957354015504,0.883957354015504,0.559324955341425
3,"t163",0.559305222002822,0.586935319835251,0.559305222002822,0.559305222002822,0.559305222002822,0.559305222002822,0.618227365617484,0.559305222002822,0.559305222002822,0.559305222002822,0.559305222002822,0.559305222002822,0.559305222002822,0.559305222002822,0.618227365617484,0.559305222002822,0.586935319835251,0.559305222002822,0.559305222002822,0.559305222002822,0.559305222002822,0.657996787010105,0.559305222002822,0.559305222002822,0.559305222002822,0.559305222002822,0.559305222002822,0.559305222002822,0.618227365617484,0.559305222002822,0.559305222002822,0.559305222002822,0.559305222002822,0.559305222002822,0.559305222002822,0.559305222002822,0.559305222002822,0.559305222002822,0.559305222002822,0.559305222002822,0.559305222002822,0.559305222002822,0.559305222002822,0.559305222002822,0.559305222002822,0.618227365617484,0.559305222002822,0.618227365617484,0.559305222002822,0.559305222002822,0.559305222002822,0.559305222002822,0.559305222002822,0.559305222002822,0.559305222002822,0.559305222002822,0.559305222002822,0.559305222002822,0.559305222002822,0.559305222002822,0.559305222002822,0.559305222002822,0.559305222002822,0.618227365617484,0.618227365617484,0.657996787010105,0.559305222002822,0.559305222002822,0.559305222002822,0.559305222002822,0.559305222002822,0.559305222002822,0.559305222002822,0.559305222002822,0.559305222002822,0.559305222002822,0.559305222002822,0.559305222002822,0.586935319835251,0.559305222002822,0.559305222002822,0.88333959320761,0.657996787010105,0.559305222002822,0.559305222002822,0.894914887864702,0.889381654839602,0.559305222002822
3,"t93",0.559305222002822,0.586935319835251,0.559305222002822,0.559305222002822,0.559305222002822,0.559305222002822,0.618227365617484,0.559305222002822,0.559305222002822,0.559305222002822,0.559305222002822,0.559305222002822,0.559305222002822,0.559305222002822,0.618227365617484,0.559305222002822,0.586935319835251,0.559305222002822,0.559305222002822,0.559305222002822,0.559305222002822,0.657996787010105,0.559305222002822,0.559305222002822,0.559305222002822,0.559305222002822,0.559305222002822,0.559305222002822,0.618227365617484,0.559305222002822,0.559305222002822,0.559305222002822,0.559305222002822,0.559305222002822,0.559305222002822,0.559305222002822,0.559305222002822,0.559305222002822,0.559305222002822,0.559305222002822,0.559305222002822,0.559305222002822,0.559305222002822,0.559305222002822,0.559305222002822,0.618227365617484,0.559305222002822,0.618227365617484,0.559305222002822,0.559305222002822,0.559305222002822,0.559305222002822,0.559305222002822,0.559305222002822,0.559305222002822,0.559305222002822,0.559305222002822,0.559305222002822,0.559305222002822,0.559305222002822,0.559305222002822,0.559305222002822,0.559305222002822,0.618227365617484,0.618227365617484,0.657996787010105,0.559305222002822,0.559305222002822,0.559305222002822,0.559305222002822,0.559305222002822,0.559305222002822,0.559305222002822,0.559305222002822,0.559305222002822,0.559305222002822,0.559305222002822,0.559305222002822,0.586935319835251,0.559305222002822,0.559305222002822,0.88333959320761,0.657996787010105,0.559305222002822,0.559305222002822,0.889381654839602,0.894914887864702,0.559305222002822
