"Xylosandrus crassiusculus","Euwallacea validus","mutillatus","Xyleborus affinis"
0.982534632823651,0.999991632685763,0.982836992650359,0.964615261675227
0.972861594401523,0.999963811998269,0.964471267530699,0.949171282096615
0.964963297518705,0.999914773636277,0.946068172958148,0.937369442311025
0.958059910340915,0.999843504103611,0.92789463049335,0.92749331348112
0.951827692372328,0.999749270598115,0.910069750266406,0.918864245130313
0.946092470021182,0.999631496589759,0.89265432754654,0.911129373632472
0.940746832852477,0.999489707251724,0.875679873977702,0.904076892634049
0.935718594523009,0.999323500264976,0.859161252776641,0.89756764314207
0.930956263619773,0.999132528264477,0.84310315162595,0.891504293093446
0.926421464256689,0.998916487425613,0.827503763713823,0.885815556992497
0.922084615570397,0.998675109610928,0.812357036928801,0.880447345380517
0.917922298800028,0.998408156729054,0.797654120608665,0.875357448491588
0.913915566670709,0.998115416542936,0.783384331729824,0.870512166724756
0.910048811141822,0.997796699468173,0.769535818216118,0.865884080663676
0.906308978335679,0.997451836071176,0.756096023531384,0.861450521754185
0.902685008116883,0.997080675076103,0.743052016660394,0.857192491695314
0.899167424002968,0.996683081750519,0.730390728530707,0.853093879225823
0.895748026603485,0.99625893657873,0.718099122047533,0.849140879882187
0.892419660148618,0.995808134157447,0.706164314230015,0.84532155784229
0.889176031749901,0.995330582265866,0.694573663324793,0.841625509462059
0.886011569440565,0.994826201074416,0.683314830042302,0.838043601031299
0.882921309223621,0.994294922464999,0.672375819521026,0.834567761645845
0.879900804150554,0.993736689441803,0.661745008858415,0.831190817650371
0.876946050362159,0.993151455616369,0.651411163796122,0.827906358876398
0.874053426351816,0.992539184753997,0.641363447246706,0.824708629508145
0.871219642652621,0.991899850371212,0.631591421691797,0.821592438245075
0.868441699827039,0.991233435375964,0.622085046996049,0.818553083743553
0.865716853132051,0.990539931743839,0.612834674818471,0.815586292273485
0.863042582598348,0.989819340224728,0.603831040529167,0.812688165227177
0.860416567535797,0.989071670075389,0.595065253331527,0.809855134639937
0.857836664684563,0.988296938814109,0.586528785130567,0.807083925275293
0.85530088938967,0.98749517199427,0.578213458565378,0.804371522127078
0.852807399299143,0.98666640299417,0.570111434528442,0.801715142420676
0.850354480181136,0.985810672820803,0.562215199420555,0.799112211374153
0.84794053353035,0.984928029925716,0.554517552332193,0.796560341119481
0.84556406569327,0.984018530031267,0.54701159229681,0.794057312294085
0.843223678289045,0.983082235965901,0.53969070572595,0.791601057900225
0.840918059740752,0.982119217507226,0.532548554107996,0.789189649099595
0.838645977762489,0.981129551231856,0.52557906203036,0.786821282666697
0.836406272672633,0.980113320371107,0.518776405567535,0.784494269870087
0.83419785142402,0.979070614671774,0.512135001063796,0.782207026587654
0.832019682258556,0.978001530261315,0.505649494328629,0.779958064492464
0.829870789907609,0.976906169516833,0.499314750254629,0.777745983170724
0.827750251271061,0.97578464093736,0.493125842861057,0.775569463054074
0.825657191517465,0.974637059018989,0.487078045761303,0.773427259065656
0.823590780555831,0.973463544132446,0.481166823048595,0.771318194893751
0.821550229836298,0.972264222402789,0.475387820591443,0.769241157818829
0.81953478944269,0.971039225590908,0.469736857728166,0.767195094029986
0.817543745444794,0.969788690976577,0.464209919348302,0.765179004375349
0.815576417482331,0.968512761242835,0.458803148347617,0.763191940498269
0.813632156556109,0.967211584361483,0.453512838442799,0.761233001317349
0.811710343004883,0.965885313479548,0.448335427331448,0.759301329813619
0.809810384649026,0.964534106806541,0.443267490182912,0.757396110092727
0.807931715084378,0.963158127502402,0.438305733445452,0.755516564693914
0.80607379211156,0.961757543566009,0.433446988955463,0.753661952120891
0.804236096287729,0.960332527724166,0.428688208334685,0.751831564572673
0.802418129589213,0.958883257320984,0.424026457661748,0.750024725854905
0.800619414174749,0.957409914207605,0.41945891240476,0.748240789454476
0.798839491240137,0.955912684632193,0.414982852602125,0.746479136762051
0.797077919956128,0.954391759130168,0.410595658279248,0.744739175428904
0.795334276482208,0.952847332414645,0.406294805089286,0.743020337845824
0.793608153049702,0.951279603267041,0.402077860166595,0.741322079733226
0.791899157108283,0.949688774427852,0.397942478182044,0.739643878832669
0.790206910530563,0.948075052487576,0.393886397589851,0.737985233691019
0.788531048869981,0.946438647777778,0.389907437056097,0.736345662529378
0.78687122066763,0.944779774262308,0.386003492059551,0.734724702189648
0.785227086804126,0.943098649428661,0.382172531655901,0.73312190715234
0.78359831989295,0.941395494179515,0.378412595396943,0.73153684861982
0.781984603712045,0.939670532724427,0.374721790396706,0.729969113659742
0.780385632670731,0.937923992471739,0.371098288536909,0.728418304403924
0.778801111309282,0.936156103920695,0.367540323804553,0.726884037298327
0.777230753828719,0.934367100553795,0.364046189754813,0.725365942400231
0.775674283648606,0.932557218729418,0.360614237092783,0.723863662719025
0.774131432990832,0.930726697574739,0.357242871367938,0.72237685359734
0.7726019424875,0.928875778878975,0.353930550775545,0.72090518212957
0.771085560811244,0.927004706986977,0.350675784059539,0.719448326615044
0.769582044326402,0.925113728693227,0.347477128511673,0.718005976043366
0.768091156759624,0.923203093136245,0.34433318806206,0.716577829609651
0.766612668888581,0.92127305169347,0.341242611456456,0.715163596257546
0.765146358247582,0.919323857876628,0.338204090515907,0.713762994248134
0.76369200884897,0.917355767227637,0.335216358474606,0.712375750752946
0.76224941091927,0.915369037215087,0.332278188392036,0.711001601469448
0.76081836064914,0.913363927131317,0.329388391635707,0.709640290257528
0.759398659956248,0.911340697990155,0.326545816430936,0.708291568795572
0.757990116260246,0.909299612425329,0.32374934647439,0.706955196254884
0.756592542269116,0.907240934589604,0.320997899608216,0.705630938991245
0.755205755776161,0.905164930054684,0.318290426551802,0.70431857025254
0.753829579467015,0.903071865711904,0.315625909688342,0.703017869901436
0.752463840736057,0.90096200967376,0.313003361903543,0.701728624152181
0.751108371511673,0.898835631176311,0.31042182547395,0.700450625320643
0.749763008089858,0.896693000482482,0.307880371002493,0.699183671586809
0.748427590975652,0.894534388786314,0.305378096398998,0.697927566768967
0.747101964731981,0.89236006811819,0.302914125903515,0.696682120108906
0.745785977835467,0.890170311251069,0.300487609150421,0.695447146067458
0.744479482538822,0.887965391607762,0.298097720271394,0.694222464129797
0.743182334739462,0.885745583169292,0.295743657035396,0.693007898619938
0.741894393853988,0.883511160384345,0.293424640023975,0.691803278523889
0.740615522698227,0.881262398079877,0.291139911840204,0.690608437320993
0.739345587372525,0.878999571372869,0.288888736349733,0.689423212822987
0.738084457152011,0.876722955583287,0.286670397952445,0.688247447020358
0.736832004381576,0.874432826148263,0.284484200883345,0.687080985935595
0.735588104375313,0.872129458537519,0.282329468541316,0.685923679482961
0.734352635320191,0.869813128170061,0.280205542844508,0.68477538133444
0.733125478183744,0.867484110332181,0.278111783611146,0.683635948791529
0.731906516625566,0.865142680096761,0.276047567964604,0.682505242662559
0.730695636912439,0.862789112243931,0.274012289761694,0.681383127145275
0.729492727836884,0.860423681183077,0.2720053590431,0.680269469714384
0.728297680638987,0.858046660876235,0.270026201505015,0.679164141013826
0.727110388931338,0.855658324762875,0.268074257991019,0.678067014753534
0.725930748626922,0.853258945686103,0.26614898400334,0.676977967610442
0.724758657869827,0.850848795820289,0.264249849232626,0.675896879133543
0.723594016968635,0.848428146600141,0.262376337105462,0.67482363165279
0.722436728332367,0.845997268651228,0.260527944348831,0.67375811019166
0.721286696408862,0.843556431721973,0.25870418057083,0.672700202383191
0.720143827625481,0.841105904617129,0.256904567856913,0.671649798389332
0.719008030332026,0.83864595513273,0.255128640381038,0.670606790823454
0.717879214745768,0.836176849992548,0.25337594403106,0.669571074675858
0.716757292898505,0.833698854786043,0.251646036047794,0.668542547242157
0.715642178585537,0.831212233907825,0.249938484677168,0.667521108054381
0.714533787316493,0.82871725049863,0.24825286883492,0.66650665881469
0.713432036267909,0.826214166387799,0.246588777783333,0.665499103331579
0.712336844237504,0.823703242037293,0.2449458108195,0.66449834745845
0.711248131600055,0.821184736487211,0.243323576974658,0.663504299034457
0.710165820264819,0.818658907302833,0.241721694724135,0.66251686782751
0.709089833634437,0.816126010523185,0.240139791707487,0.661535965479354
0.708020096565239,0.813586300611107,0.238577504458405,0.66056150545263
0.706956535328917,0.811040030404855,0.237034478144014,0.659593402979823
0.705899077575486,0.808487451071184,0.235510366313177,0.658631575014023
0.704847652297495,0.805928812059967,0.234004830653456,0.657675940181422
0.703802189795431,0.803364361060283,0.232517540756388,0.65672641873547
0.702762621644262,0.800794343958019,0.231048173890744,0.65578293251262
0.701728880661089,0.798219004794938,0.229596414783464,0.654845404889593
0.700700900873843,0.795638585729238,0.22816195540797,0.653913760742113
0.699678617490996,0.793053326997567,0.226744494779572,0.652987926405028
0.698661966872254,0.790463466878497,0.225343738757688,0.652067829633781
0.69765088650017,0.787869241657441,0.223959399854631,0.651153399567172
0.696645314952663,0.785270885593011,0.222591197050696,0.650244566691344
0.695645191876406,0.782668630884784,0.221238855615321,0.649341262804967
0.694650457961028,0.780062707642489,0.219902106934091,0.648443420985552
0.693661054914132,0.777453343856579,0.218580688341357,0.647550975556866
0.692676925437074,0.774840765370189,0.217274342958271,0.646663862057392
0.691698013201476,0.772225195852452,0.215982819536036,0.645782017209797
0.690724262826459,0.769606856773174,0.214705872304163,0.644905378891384
0.689755619856565,0.766985967378832,0.213443260823575,0.644033886105459
0.688792030740323,0.764362744669896,0.212194749844353,0.643167478953612
0.687833442809472,0.761737403379447,0.210960109167981,0.642306098608848
0.686879804258781,0.759110155953079,0.209739113513913,0.641449687289563
0.685931064126472,0.75648121253006,0.208531542390296,0.640598188234308
0.6849871722752,0.753850780925748,0.207337179968731,0.639751545677332
0.684048079373598,0.751219066615224,0.206155814962892,0.63890970482486
0.683113736878342,0.748586272718139,0.204987240510888,0.638072611832094
0.682184097016729,0.745952599984742,0.203831254061231,0.637240213780892
0.68125911276975,0.74331824678309,0.20268765726228,0.636412458658123
0.680338737855646,0.740683409087388,0.201556255855037,0.635589295334653
0.679422926713912,0.73804828046747,0.200436859569185,0.634770673544951
0.678511634489754,0.735413052079384,0.19932928202225,0.633956543867288
0.677604817018979,0.732777912657061,0.19823334062178,0.633146857704516
0.676702430813289,0.730143048505056,0.197148856470438,0.632341567265396
0.675804433045985,0.727508643492322,0.196075654273908,0.63154062554646
0.674910781538055,0.724874879047017,0.195013562251517,0.630743986314394
0.674021434744642,0.722241934152316,0.193962412049486,0.629951604088913
0.673136351741867,0.719609985343187,0.192922038656713,0.629163434126127
0.672255492214007,0.716979206704144,0.191892280323008,0.628379432402357
0.671378816441012,0.714349769867927,0.1908729784797,0.62759955559842
0.670506285286354,0.711721844015099,0.189863977662525,0.626823761084329
0.669637860185185,0.709095595874541,0.18886512543674,0.626052006904426
0.668773503132812,0.706471189724814,0.187876272324367,0.625284251762914
0.667913176673465,0.703848787396376,0.186897271733509,0.624520455009786
0.667056843889352,0.701228548274623,0.185927979889673,0.623760576627129
0.66620446839,0.698610629303746,0.184968255769023,0.623004577215797
0.665356014301862,0.695995184991364,0.184017961033511,0.622252417982442
0.664511446258183,0.693382367413932,0.183076959967818,0.621504060726884
0.663670729389132,0.69077232622288,0.182145119418052,0.62075946782982
0.662833829312167,0.688165208651491,0.181222308732144,0.620018602240846
0.662000712122647,0.68556115952246,0.180308399701885,0.6192814274668
0.661171344384675,0.682960321256154,0.179403266506562,0.618547907560404
0.660345693122164,0.680362833879516,0.178506785658123,0.617818007109197
0.659523725810119,0.677768835035615,0.177618835947849,0.617091691224753
0.658705410366139,0.675178459993814,0.176739298394463,0.616368925532175
0.657890715142115,0.672591841660538,0.175868056193639,0.615649676159852
0.657079608916129,0.670009110590613,0.175004994668874,0.614933909729478
0.656272060884552,0.667430394999173,0.174150001223669,0.614221593346318
0.655468040654325,0.664855820774101,0.17330296529499,0.613512694589721
0.654667518235421,0.662285511488991,0.172463778307959,0.612807181503862
0.65387046403349,0.659719588416609,0.171632333631743,0.612105022588719
0.653076848842668,0.657158170542835,0.170808526536609,0.611406186791267
0.652286643838563,0.654601374581076,0.169992254152098,0.610710643496887
0.651499820571392,0.652049314987108,0.169183415426292,0.610018362520991
0.650716350959287,0.649502103974359,0.168381911086146,0.609329314100835
0.649936207281743,0.646959851529597,0.167587643598836,0.608643468887546
0.649159362173227,0.644422665428999,0.166800517134113,0.607960797938322
0.648385788616922,0.641890651254609,0.166020437527617,0.607281272708835
0.647615459938617,0.639363912411142,0.165247312245132,0.606604865045799
0.646848349800733,0.636842550143132,0.164481050347753,0.605931547179724
0.646084432196479,0.634326663552398,0.16372156245793,0.605261291717829
0.645323681444149,0.631816349615826,0.162968760726376,0.604594071637133
0.644566072181526,0.629311703203438,0.162222558799803,0.603929860277696
0.643811579360427,0.62681281709673,0.161482871789474,0.60326863133602
0.64306017824136,0.624319782007281,0.160749616240528,0.602610358858601
0.642311844388293,0.621832686595605,0.160022710102077,0.601955017235629
0.641566553663544,0.619351617490225,0.159302072698041,0.601302581194831
0.640824282222776,0.616876659306972,0.158587624698698,0.600653025795452
0.640085006510103,0.614407894668488,0.157879288092943,0.600006326422373
0.639348703253296,0.611945404223908,0.157176986161213,0.599362458780362
0.638615349459095,0.60948926666872,0.15648064344908,0.598721398888451
0.63788492240862,0.607039558764798,0.155790185741485,0.598083123074437
0.637157399652871,0.604596355360561,0.155105540037593,0.597447607969509
0.636432759008335,0.602159729411296,0.154426634526254,0.596814830502988
0.635710978552675,0.599729751999576,0.153753398562053,0.596184767897185
0.634992036620508,0.597306492355816,0.153085762641931,0.595557397662373
0.634275911799279,0.59489001787891,0.152423658382371,0.594932697591861
0.63356258292521,0.592480394156967,0.151767018497112,0.594310645757182
0.632852029079339,0.590077684988122,0.1511157767754,0.593691220503381
0.632144229583633,0.587681952401415,0.150469868060749,0.593074400444402
0.631439163997185,0.58529325667772,0.149829228230197,0.592460164458579
0.630736812112489,0.582911656370734,0.14919379417405,0.591848491684215
0.630037153951782,0.580537208327983,0.148563503776095,0.591239361515259
0.629340169763466,0.578169967711877,0.14793829589428,0.590632753597076
0.628645840018603,0.575809988020759,0.147318110341823,0.590028647822297
0.627954145407469,0.573457321109981,0.146702887868779,0.589427024326766
0.627265066836188,0.571112017212968,0.14609257014401,0.58882786348556
0.626578585423426,0.568774124962278,0.145487099737579,0.588231145909103
0.625894682497148,0.56644369141064,0.14488642010354,0.58763685243935
0.625213339591444,0.56412076205197,0.144290475563118,0.587044964146052
0.62453453844341,0.561805380842355,0.143699211288276,0.586455462323101
0.623858260990095,0.559497590220989,0.143112573285642,0.585868328484943
0.623184489365504,0.557197431131065,0.142530508380804,0.585283544363065
0.622513205897655,0.554904943040618,0.141952964202953,0.58470109190256
0.6218443931057,0.552620163963293,0.141379889169874,0.584120953258749
0.621178033697095,0.550343130479052,0.140811232473258,0.583543110793877
0.620514110564822,0.548073877754807,0.140246944064353,0.582967547073874
0.619852606784668,0.545812439564972,0.139686974639924,0.58239424486518
0.619193505612553,0.543558848311923,0.139131275628518,0.581823187131632
0.618536790481906,0.541313135046368,0.138579799177042,0.581254357031412
0.617882445001095,0.539075329487626,0.138032498137618,0.580687737914052
0.617230452950898,0.536845460043791,0.137489326054739,0.580123313317505
0.616580798282021,0.534623553831798,0.13695023715269,0.579561066965262
0.615933465112671,0.532409636697373,0.136415186323251,0.579000982763533
0.615288437726162,0.530203733234861,0.135884129113659,0.578443044798478
0.61464570056857,0.528005866806943,0.135357021714828,0.577887237333494
0.614005238246427,0.525816059564218,0.134833820949823,0.577333544806549
0.613367035524465,0.523634332464658,0.13431448426258,0.576781951827571
0.61273107732339,0.521460705292929,0.133798969706862,0.576232443175883
0.6120973487177,0.519295196679581,0.133287235935449,0.57568500379769
0.611465834933549,0.517137824120087,0.132779242189561,0.57513961880361
0.610836521346634,0.514988603993745,0.132274948288497,0.57459627346625
0.610209393480134,0.512847551582438,0.131774314619494,0.574054953217833
0.609584437002676,0.510714681089227,0.131277302127797,0.573515643647861
0.608961637726341,0.508590005656814,0.130783872306933,0.572978330500827
0.608340981604705,0.506473537385834,0.130293987189193,0.572442999673968
0.60772245473091,0.504365287352994,0.129807609336304,0.571909637215054
0.607106043335775,0.502265265629056,0.129324701830297,0.571378229320228
0.606491733785933,0.500173481296653,0.12884522826456,0.570848762331874
0.605879512582004,0.498089942467947,0.128369152735074,0.570321222736528
0.6052693663568,0.496014656302111,0.12789643983183,0.569795597162831
0.604661281873557,0.493947629022661,0.127427054630419,0.569271872379508
0.6040552460242,0.491888865934598,0.126960962683794,0.568750035293399
0.603451245827638,0.489838371441401,0.126498130014192,0.568230072947505
0.602849268428085,0.487796149061829,0.126038523105225,0.56771197251909
0.602249301093409,0.485762201446567,0.125582108894133,0.567195721317798
0.601651331213516,0.483736530394685,0.125128854764177,0.566681306783815
0.60105534629875,0.481719136869929,0.124678728537202,0.566168716486061
0.600461333978325,0.479710021016837,0.124231698466332,0.565657938120406
0.599869281998791,0.477709182176675,0.123787733228822,0.565148959507931
0.599279178222504,0.475716618903197,0.123346801919043,0.564641768593204
0.598691010626149,0.473732328978229,0.122908874041606,0.564136353442601
0.598104767299262,0.471756309427071,0.122473919504627,0.563632702242639
0.597520436442791,0.46978855653373,0.122041908613112,0.563130803298354
0.596938006367677,0.46782906585596,0.121612812062488,0.562630645031695
0.596357465493459,0.465877832240135,0.121186600932238,0.562132215979954
0.595778802346894,0.463934849835939,0.120763246679681,0.561635504794214
0.595202005560613,0.462000112110877,0.120342721133855,0.56114050023783
0.594627063871783,0.460073611864609,0.11992499648953,0.560647191184933
0.594053966120804,0.458155341243097,0.119510045301326,0.560155566618958
0.593482701250021,0.456245291752589,0.11909784047795,0.559665615631202
0.592913258302451,0.454343454273412,0.118688355276543,0.559177327419396
0.592345626420542,0.45244981907359,0.118281563297127,0.558690691286314
0.59177979484494,0.450564375822289,0.11787743847717,0.558205696638391
0.591215752913285,0.44868711360308,0.117475955086238,0.557722332984375
0.590653490059017,0.446818020927028,0.117077087720763,0.557240589933995
0.590092995810209,0.44495708574561,0.116680811298898,0.556760457196655
0.589534259788412,0.443104295463443,0.116287101055476,0.556281924580142
0.58897727170752,0.441259636950859,0.115895932537056,0.555804981989365
0.588422021372655,0.439423096556289,0.115507281597067,0.55532961942511
0.587868498679062,0.437594660118481,0.115121124391038,0.554855826982807
0.587316693611031,0.435774312978552,0.114737437371922,0.554383594851334
0.586766596240828,0.433962039991854,0.114356197285499,0.553912913311824
0.586218196727643,0.432157825539685,0.113977381165867,0.553443772736502
0.585671485316559,0.430361653540826,0.113600966331017,0.552976163587533
0.585126452337528,0.428573507462906,0.113226930378487,0.552510076415892
0.584583088204374,0.426793370333604,0.112855251181095,0.552045501860255
0.584041383413799,0.425021224751688,0.112485906882751,0.551582430645899
0.583501328544413,0.423257052897885,0.112118875894344,0.551120853583628
0.582962914255773,0.421500836545585,0.111754136889702,0.55066076156871
0.582426131287439,0.419752557071394,0.111391668801627,0.550202145579834
0.581890970458043,0.418012195465512,0.111031450818002,0.549744996678081
0.581357422664372,0.416279732341963,0.110673462377963,0.549289306005913
0.580825478880465,0.414555147948658,0.110317683168143,0.548835064786176
0.580295130156722,0.41283842217731,0.109964093118985,0.548382264321119
0.579766367619029,0.411129534573181,0.109612672401113,0.547930895991427
0.57923918246789,0.409428464344687,0.109263401421777,0.547480951255274
0.578713565977578,0.407735190372842,0.108916260821352,0.547032421647381
0.578189509495296,0.406049691220553,0.108571231469903,0.546585298778095
0.577667004440347,0.404371945141764,0.108228294463811,0.546139574332486
0.577146042303322,0.402701930090456,0.107887431122455,0.545695240069443
0.576626614645293,0.401039623729487,0.107548622984955,0.545252287820801
0.576108713097024,0.399385003439302,0.107211851806968,0.544810709490472
0.575592329358189,0.397738046326487,0.106877099557544,0.544370497053583
0.575077455196601,0.396098729232185,0.106544348416033,0.543931642555643
0.574564082447455,0.39446702874037,0.106213580769046,0.54349413811171
0.574052203012581,0.392842921185975,0.105884779207472,0.543057975905572
0.573541808859701,0.391226382662894,0.105557926523537,0.542623148188943
0.573032892021711,0.389617389031835,0.105233005707928,0.542189647280672
0.572525444595955,0.388015915928041,0.104909999946948,0.541757465565958
0.572019458743524,0.38642193876888,0.104588892619736,0.54132659549558
0.571514926688556,0.384835432761299,0.104269667295523,0.540897029585143
0.571011840717551,0.383256372909149,0.103952307730941,0.540468760414324
0.570510193178691,0.381684734020379,0.103636797867374,0.540041780626138
0.570009976481173,0.380120490714099,0.103323121828353,0.539616082926213
0.569511183094547,0.378563617427525,0.103011263916998,0.53919166008207
0.569013805548072,0.377014088422792,0.102701208613501,0.538768504922422
0.568517836430065,0.375471877793643,0.102392940572649,0.538346610336477
0.56802326838728,0.373936959472003,0.102086444621395,0.53792596927325
0.567530094124273,0.372409307234422,0.101781705756458,0.537506574740893
0.567038306402793,0.370888894708409,0.101478709141975,0.537088419806023
0.566547898041175,0.369375695378644,0.101177440107184,0.53667149759307
0.566058861913736,0.367869682593071,0.100877884144145,0.536255801283625
0.565571190950189,0.366370829568884,0.100580026905506,0.535841324115807
0.565084878135058,0.364879109398396,0.100283854202296,0.535428059383631
0.564599916507103,0.363394495054791,0.0999893520017595,0.535016000436387
0.564116299158751,0.361916959397777,0.0996965064252264,0.53460514067803
0.563634019235538,0.360446475179121,0.099405303746014,0.534195473566576
0.563153069935556,0.358983015048083,0.0991157303873648,0.533786992613507
0.562673444508905,0.357526551556742,0.0988277729204176,0.533379691383184
0.562195136257161,0.356077057165215,0.0985414180622101,0.53297356349227
0.561718138532836,0.354634504246779,0.098256652673715,0.532568602609158
0.561242444738863,0.353198865092886,0.0979734637579071,0.532164802453409
0.56076804832807,0.351770111918084,0.0976918384578608,0.531762156795196
0.560294942802678,0.350348216864834,0.097411764054879,0.531360659454761
0.55982312171379,0.348933152008229,0.0971332279666507,0.530960304301866
0.559352578660897,0.347524889360629,0.0968562177454386,0.530561085255271
0.558883307291387,0.346123400876183,0.0965807210762955,0.530162996282199
0.55841530130006,0.344728658455276,0.0963067257753077,0.529766031397826
0.557948554428648,0.343340633948871,0.0960342197878682,0.529370184664762
0.557483060465343,0.341959299162771,0.0957631911869743,0.528975450192554
0.557018813244335,0.340584625861781,0.0954936281715543,0.528581822137182
0.556555806645346,0.339216585773798,0.0952255190648195,0.528189294700571
0.556094034593176,0.337855150593795,0.094958852312641,0.527797862130105
0.555633491057259,0.336500291987738,0.0946936164819534,0.527407518718151
0.555174170051214,0.335151981596408,0.0944298002591817,0.527018258801586
0.554716065632413,0.333810191039147,0.0941673924486942,0.52663007676133
0.554259171901542,0.332474891917517,0.0939063819712772,0.526242967021887
0.553803483002183,0.331146055818889,0.0936467578626355,0.525856924050896
0.553348993120386,0.329823654319938,0.0933885092719138,0.525471942358677
0.552895696484253,0.328507658990076,0.0931316254602425,0.525088016497791
0.552443587363533,0.3271980413948,0.0928760957993049,0.524705141062609
0.551992660069211,0.325894773098966,0.0926219097699255,0.524323310688874
0.551542908953107,0.324597825669996,0.0923690569606818,0.523942520053285
0.551094328407483,0.323307170680999,0.0921175270665349,0.523562763873069
0.55064691286465,0.322022779713837,0.0918673098874827,0.523184036905574
0.550200656796584,0.320744624362104,0.0916183953272322,0.522806333947856
0.54975555471454,0.319472676234052,0.0913707733918919,0.522429649836279
0.549311601168682,0.318206906955438,0.0911244341886853,0.522053979446115
0.548868790747704,0.316947288172304,0.090879367924681,0.521679317691151
0.548427118078466,0.315693791553701,0.0906355649055447,0.521305659523303
0.547986577825629,0.314446388794339,0.0903930155343075,0.52093299993223
0.547547164691299,0.313205051617175,0.0901517103101538,0.520561333944958
0.547108873414667,0.311969751775944,0.0899116398272274,0.520190656625504
0.546671698771664,0.310740461057621,0.0896727947734537,0.51982096307451
0.546235635574613,0.309517151284825,0.089435165929381,0.519452248428877
0.545800678671885,0.308299794318172,0.0891987441670381,0.519084507861407
0.545366822947566,0.307088362058554,0.088963520448809,0.518717736580446
0.544934063321116,0.305882826449373,0.0887294858263233,0.518351929829533
0.544502394747044,0.304683159478715,0.088496631439364,0.517987082887055
0.544071812214583,0.303489333181466,0.0882649485147907,0.517623191065907
0.543642310747361,0.302301319641379,0.088034428365478,0.517260249713148
0.543213885403092,0.301119090993083,0.0878050623892703,0.516898254209673
0.542786531273253,0.299942619424038,0.087576842067951,0.516537199969881
0.542360243482777,0.298771877176445,0.0873497589662265,0.51617708244135
0.541935017189744,0.297606836549102,0.0871238047307262,0.515817897104514
0.54151084758508,0.296447469899207,0.0868989710890145,0.515459639472349
0.541087729892253,0.295293749644116,0.0866752498486198,0.515102305090052
0.540665659366978,0.294145648263051,0.0864526328960749,0.514745889534741
0.540244631296923,0.293003138298764,0.0862311121959724,0.51439038841514
0.539824641001421,0.291866192359152,0.0860106797900341,0.51403579737128
0.539405683831179,0.290734783118825,0.0857913277961919,0.513682112074201
0.538987755168,0.289608883320632,0.0855730484076834,0.513329328225655
0.538570850424498,0.288488465777144,0.0853558338921594,0.512977441557814
0.538154965043823,0.287373503372093,0.0851396765908041,0.512626447832984
0.537740094499387,0.286263969061765,0.0849245689174684,0.512276342843316
0.537326234294596,0.285159835876361,0.0847105033578142,0.511927122410529
0.536913379962577,0.284061076921303,0.0844974724684718,0.511578782385629
0.536501527065917,0.282967665378518,0.0842854688762085,0.511231318648636
0.536090671196401,0.281879574507666,0.0840744852771087,0.510884727108309
0.535680807974751,0.280796777647341,0.0838645144357664,0.510539003701882
0.535271933050375,0.279719248216229,0.0836555491844872,0.510194144394796
0.534864042101107,0.278646959714231,0.083447582422503,0.509850145180437
0.534457130832965,0.27757988572355,0.0832406071151974,0.509507002079877
0.534051194979896,0.276517999909739,0.0830346162933399,0.509164711141619
0.533646230303536,0.275461276022721,0.0828296030523336,0.508823268441342
0.533242232592969,0.274409687897768,0.0826255605514711,0.508482670081653
0.532839197664483,0.273363209456449,0.0824224820132006,0.508142912191838
0.532437121361337,0.272321814707546,0.0822203607224041,0.507803990927618
0.532035999553527,0.271285477747942,0.082019190025683,0.507465902470907
0.531635828137553,0.270254172763463,0.0818189633306544,0.507128643029576
0.53123660303619,0.269227874029707,0.0816196741052578,0.506792208837211
0.530838320198264,0.268206555912831,0.08142131587707,0.506456596152886
0.530440975598425,0.267190192870314,0.0812238822326292,0.506121801260927
0.53004456523693,0.266178759451684,0.08102736681677,0.505787820470689
0.529649085139417,0.265172230299228,0.0808317633319648,0.505454650116325
0.529254531356696,0.26417058014866,0.0806370655376763,0.505122286556568
0.528860899964528,0.263173783829774,0.0804432672497173,0.504790726174506
0.528468187063416,0.262181816267063,0.0802503623396194,0.504459965377368
0.528076388778398,0.261194652480316,0.0800583447340107,0.504130000596305
0.527685501258834,0.26021226758518,0.0798672084140011,0.503800828286181
0.527295520678202,0.259234636793714,0.0796769474145757,0.503472444925358
0.526906443233899,0.258261735414899,0.0794875558239973,0.503144847015491
0.526518265147036,0.25729353885514,0.0792990277832156,0.502818031081317
0.526130982662239,0.256330022618731,0.0791113574852845,0.50249199367046
0.525744592047454,0.25537116230831,0.0789245391747876,0.502166731353219
0.525359089593753,0.254416933625276,0.0787385671472713,0.501842240722378
0.52497447161514,0.253467312370203,0.0785534357486839,0.501518518393002
0.524590734448358,0.252522274443211,0.0783691393748243,0.501195561002246
0.524207874452707,0.251581795844332,0.0781856724707961,0.500873365209161
0.523825888009851,0.250645852673852,0.0780030295304692,0.500551927694505
0.523444771523637,0.249714421132622,0.0778212050959495,0.500231245160549
0.523064521419911,0.248787477522365,0.0776401937570539,0.499911314330898
0.522685134146336,0.247864998245955,0.0774599901507933,0.499592131950302
0.522306606172216,0.246946959807672,0.0772805889608616,0.499273694784474
0.521928933988317,0.24603333881345,0.0771019849171314,0.49895599961991
0.521552114106692,0.245124111971101,0.0769241727951569,0.49863904326371
0.521176143060506,0.244219256090516,0.0767471474156822,0.498322822543403
0.520801017403869,0.24331874808386,0.0765709036441562,0.49800733430677
0.52042673371166,0.242422564965742,0.0763954363902544,0.497692575421672
0.520053288579365,0.241530683853366,0.0762207406074056,0.49737854277588
0.519680678622904,0.240643081966678,0.0760468112923258,0.497065233276905
0.519308900478473,0.239759736628479,0.0758736434845572,0.49675264385183
0.518937950802374,0.238880625264544,0.0757012322660136,0.496440771447146
0.518567826270862,0.238005725403705,0.075529572760531,0.496129613028586
0.518198523579976,0.237135014677932,0.0753586601334245,0.495819165580965
0.517830039445387,0.236268470822399,0.0751884895910507,0.495509426108018
0.517462370602241,0.235406071675529,0.0750190563803746,0.495200391632245
0.517095513805,0.23454779517903,0.0748503557885437,0.494892059194747
0.516729465827295,0.233693619377919,0.0746823831424658,0.494584425855077
0.516364223461767,0.232843522420529,0.0745151338083931,0.494277488691085
0.515999783519921,0.231997482558505,0.0743486031915112,0.493971244798763
0.515636142831978,0.231155478146789,0.0741827867355328,0.493665691292097
0.515273298246723,0.230317487643588,0.0740176799222976,0.493360825302917
0.514911246631365,0.229483489610336,0.0738532782713754,0.493056643980752
0.514549984871387,0.228653462711641,0.0736895773396761,0.492753144492679
0.514189509870406,0.227827385715221,0.0735265727210627,0.492450324023185
0.513829818550031,0.227005237491829,0.0733642600459705,0.492148179774018
0.513470907849723,0.226186997015169,0.0732026349810304,0.491846708964051
0.513112774726655,0.225372643361798,0.0730416932286966,0.491545908829137
0.512755416155575,0.22456215571102,0.0728814305268787,0.491245776621975
0.51239882912867,0.223755513344774,0.0727218426485799,0.49094630961197
0.512043010655432,0.222952695647501,0.0725629254015371,0.490647505085097
0.511687957762523,0.222153682106015,0.0724046746278676,0.49034936034377
0.511333667493645,0.221358452309353,0.0722470862037189,0.490051872706706
0.510980136909404,0.220566985948628,0.0720901560389229,0.489755039508793
0.510627363087189,0.21977926281686,0.0719338800766549,0.489458858100963
0.510275343121034,0.21899526280881,0.0717782542930957,0.489163325850059
0.509924074121499,0.218214965920799,0.0716232746970988,0.488868440138711
0.509573553215537,0.217438352250522,0.0714689373298612,0.488574198365208
0.509223777546376,0.216665401996849,0.0713152382645974,0.488280597943371
0.50887474427339,0.21589609545963,0.0711621736062193,0.487987636302433
0.50852645057198,0.21513041303948,0.0710097394910171,0.487695310886914
0.508178893633451,0.214368335237561,0.0708579320863472,0.4874036191565
0.507832070664894,0.213609842655361,0.0707067475903209,0.487112558585922
0.507485978889065,0.212854915994462,0.0705561822314988,0.486822126664838
0.507140615544267,0.212103536056303,0.0704062322685881,0.486532320897717
0.506795977884237,0.211355683741933,0.0702568939901429,0.486243138803718
0.506452063178026,0.210611340051768,0.0701081637142696,0.485954577916579
0.506108868709887,0.209870486085325,0.0699600377883345,0.4856666357845
0.505766391779161,0.209133103040971,0.0698125125886748,0.485379309970028
0.505424629700166,0.208399172215645,0.0696655845203138,0.485092598049952
0.505083579802083,0.207668675004591,0.0695192500166792,0.484806497615184
0.504743239428849,0.206941592901081,0.069373505539324,0.484521006270652
0.504403605939045,0.206217907496125,0.0692283475776519,0.484236121635195
0.50406467670579,0.205497600478189,0.0690837726486448,0.483951841341447
0.503726449116632,0.204780653632895,0.0689397772965936,0.483668163035739
0.503388920573444,0.20406704884273,0.0687963580928335,0.483385084377988
0.503052088492318,0.203356768086739,0.0686535116354802,0.483102603041592
0.502715950303458,0.202649793440216,0.0685112345491705,0.482820716713331
0.502380503451082,0.201946107074398,0.0683695234848063,0.482539423093259
0.502045745393317,0.201245691256146,0.0682283751193003,0.482258719894606
0.501711673602094,0.200548528347627,0.0680877861553253,0.481978604843674
0.501378285563058,0.199854600805993,0.067947753321067,0.481699075679742
0.501045578775454,0.199163891183046,0.0678082733699776,0.481420130154961
0.500713550752041,0.19847638212492,0.0676693430805351,0.481141766034263
0.50038219901899,0.197792056371736,0.0675309592560031,0.480863981095259
0.500051521115785,0.197110896757272,0.067393118724194,0.480586773128143
0.499721514595128,0.196432886208621,0.0672558183372353,0.480310139935603
0.499392177022846,0.195758007745845,0.0671190549713383,0.480034079332718
0.499063505977797,0.195086244481632,0.0669828255265689,0.479758589146871
0.498735499051774,0.194417579620949,0.066847126926622,0.479483667217654
0.498408153849413,0.193751996460683,0.0667119561185978,0.47920931139678
0.498081467988103,0.193089478389295,0.0665773100727804,0.478935519547985
0.497755439097896,0.192430008886458,0.0664431857824198,0.478662289546947
0.497430064821412,0.191773571522699,0.0663095802635154,0.478389619281189
0.497105342813757,0.191120149959041,0.0661764905546025,0.478117506649998
0.496781270742428,0.190469727946635,0.066043913716541,0.477845949564331
0.496457846287229,0.189822289326396,0.0659118468323064,0.477574945946735
0.496135067140184,0.189177818028636,0.0657802870067834,0.477304493731255
0.495812931005449,0.188536298072698,0.0656492313665614,0.477034590863355
0.49549143559923,0.187897713566576,0.0655186770597327,0.476765235299828
0.495170578649694,0.187262048706552,0.0653886212556927,0.476496425008718
0.494850357896889,0.186629287776816,0.0652590611449423,0.476228157969234
0.49453077109266,0.185999415149093,0.0651299939388925,0.47596043217167
0.494211816000565,0.185372415282262,0.0650014168696715,0.475693245617322
0.493893490395796,0.184748272721981,0.0648733271899329,0.47542659631841
0.493575792065095,0.184126972100307,0.0647457221726677,0.475160482297997
0.493258718806678,0.183508498135313,0.0646185991110168,0.474894901589909
0.492942268430151,0.182892835630707,0.0644919553180862,0.47462985223866
0.492626438756434,0.182279969475449,0.0643657881267645,0.474365332299372
0.492311227617682,0.181669884643367,0.0642400948895416,0.4741013398377
0.49199663285721,0.181062566192772,0.0641148729783303,0.473837872929754
0.491682652329411,0.180457999266071,0.0639901197842891,0.473574929662025
0.491369283899684,0.179856169089385,0.0638658327176476,0.47331250813131
0.491056525444357,0.179257060972156,0.0637420092075329,0.473050606444638
0.490744374850616,0.178660660306762,0.0636186467017986,0.472789222719197
0.490432830016423,0.178066952568131,0.063495742666856,0.472528355082261
0.49012188885045,0.177475923313349,0.0633732945875055,0.472268001671118
0.489811549272002,0.176887558181272,0.0632512999667718,0.472008160632998
0.489501809210948,0.176301842892139,0.0631297563257397,0.471748830125004
0.489192666607645,0.175718763247177,0.0630086612033916,0.47149000831404
0.488884119412871,0.175138305128217,0.0628880121564477,0.471231693376743
0.488576165587752,0.174560454497301,0.0627678067592066,0.470973883499414
0.488268803103694,0.173985197396291,0.0626480426033885,0.470716576877947
0.487962029942313,0.17341251994648,0.0625287172979804,0.470459771717765
0.487655844095365,0.172842408348202,0.0624098284690814,0.470203466233752
0.487350243564682,0.172274848880443,0.0622913737597515,0.469947658650186
0.487045226362098,0.171709827900446,0.0621733508298607,0.469692347200672
0.48674079050939,0.171147331843328,0.0620557573559404,0.46943753012808
0.486436934038204,0.170587347221683,0.0619385910310356,0.469183205684475
0.486133654989996,0.170029860625199,0.0618218495645599,0.468929372131059
0.485830951415962,0.169474858720264,0.061705530682151,0.468676027738103
0.485528821376974,0.16892232824958,0.0615896321255275,0.468423170784886
0.485227262943519,0.168372256031772,0.0614741516523487,0.468170799559632
0.48492627419563,0.167824628961001,0.061359087036074,0.467918912359447
0.484625853222829,0.167279434006578,0.0612444360658254,0.467667507490259
0.48432599812406,0.166736658212572,0.0611301965462499,0.467416583266758
0.48402670700763,0.166196288697428,0.0610163662973849,0.467166138012331
0.483727977991143,0.165658312653579,0.0609029431545237,0.46691617005901
0.483429809201444,0.16512271734706,0.0607899249680834,0.466666677747405
0.483132198774557,0.164589490117123,0.0606773096034732,0.466417659426649
0.482835144855622,0.164058618375853,0.0605650949409647,0.466169113454339
0.482538645598841,0.163530089607785,0.0604532788755639,0.46592103819648
0.482242699167412,0.16300389136952,0.0603418593168834,0.465673432027422
0.481947303733478,0.162480011289344,0.0602308341890166,0.465426293329812
0.481652457478062,0.161958437066845,0.0601202014304137,0.465179620494529
0.481358158591015,0.161439156472532,0.0600099589937577,0.464933411920635
0.481064405270957,0.160922157347461,0.0599001048458429,0.464687666015314
0.480771195725216,0.160407427602848,0.0597906369674539,0.46444238119382
0.480478528169779,0.159894955219696,0.059681553353246,0.464197555879425
0.480186400829232,0.159384728248417,0.0595728520116273,0.463953188503359
0.479894811936706,0.158876734808456,0.0594645309646406,0.463709277504761
0.47960375973382,0.158370963087916,0.059356588247849,0.463465821330625
0.479313242470631,0.157867401343182,0.0592490219102195,0.463222818435746
0.479023258405575,0.157366037898551,0.0591418300140107,0.46298026728267
0.478733805805417,0.156866861145859,0.0590350106346598,0.462738166341641
0.478444882945197,0.156369859544109,0.0589285618606713,0.462496514090549
0.478156488108175,0.155875021619101,0.0588224817935067,0.46225530901488
0.477868619585784,0.155382335963066,0.0587167685474761,0.462014549607666
0.477581275677572,0.154891791234293,0.0586114202496293,0.461774234369433
0.477294454691157,0.154403376156769,0.0585064350396496,0.461534361808156
0.477008154942167,0.15391707951981,0.0584018110697476,0.461294930439202
0.476722374754201,0.153432890177696,0.0582975465045568,0.461055938785289
0.476437112458769,0.152950797049311,0.0581936395210294,0.460817385376433
0.476152366395247,0.152470789117778,0.0580900883083341,0.460579268749902
0.475868134910826,0.151992855430103,0.0579868910677541,0.460341587450166
0.475584416360464,0.15151698509681,0.0578840460125867,0.460104340028855
0.475301209106837,0.151043167291588,0.0577815513680433,0.459867525044704
0.47501851152029,0.150571391250931,0.0576794053711511,0.459631141063515
0.474736321978789,0.150101646273786,0.0575776062706554,0.459395186658105
0.474454638867876,0.149633921721195,0.0574761523269226,0.459159660408263
0.474173460580619,0.149168207015943,0.0573750418118444,0.458924560900704
0.473892785517566,0.148704491642212,0.0572742730087434,0.458689886729025
0.473612612086699,0.148242765145222,0.057173844212279,0.458455636493658
0.473332938703389,0.147783017130887,0.0570737537283541,0.458221808801829
0.473053763790348,0.147325237265471,0.0569739998740236,0.457988402267511
0.472775085777584,0.146869415275234,0.0568745809774026,0.457755415511382
0.472496903102359,0.146415540946095,0.0567754953775767,0.457522847160784
0.472219214209142,0.145963604123281,0.0566767414245124,0.457290695849675
0.471942017549563,0.145513594710995,0.0565783174789683,0.457058960218591
0.471665311582373,0.145065502672065,0.0564802219124078,0.456827638914603
0.471389094773398,0.144619318027613,0.0563824531069123,0.456596730591273
0.471113365595495,0.144175030856714,0.0562850094550947,0.456366233908616
0.470838122528513,0.143732631296059,0.056187889360015,0.456136147533055
0.470563364059244,0.143292109539623,0.0560910912350953,0.455906470137384
0.470289088681387,0.142853455838329,0.0559946135040369,0.455677200400724
0.470015294895503,0.142416660499719,0.055898454600737,0.455448337008486
0.469741981208974,0.141981713887619,0.0558026129692074,0.455219878652331
0.469469146135959,0.141548606421817,0.0557070870634926,0.454991824030125
0.46919678819736,0.141117328577728,0.0556118753475902,0.454764171845908
0.468924905920774,0.140687870886076,0.055516976295371,0.454536920809851
0.468653497840454,0.140260223932561,0.0554223883905002,0.454310069638215
0.468382562497274,0.139834378357542,0.0553281101263591,0.454083617053317
0.468112098438682,0.139410324855716,0.0552341400059683,0.45385756178349
0.467842104218668,0.138988054175792,0.0551404765419106,0.453631902563047
0.467572578397716,0.138567557120178,0.0550471182562553,0.45340663813224
0.467303519542775,0.138148824544663,0.0549540636804834,0.453181767237227
0.467034926227213,0.137731847358101,0.0548613113554124,0.452957288630032
0.46676679703078,0.137316616522094,0.0547688598311233,0.45273320106851
0.466499130539574,0.136903123050685,0.0546767076668872,0.452509503316313
0.466231925345999,0.136491358010044,0.0545848534310931,0.452286194142848
0.465965180048728,0.136081312518158,0.0544932957011761,0.452063272323247
0.465698893252668,0.135672977744523,0.0544020330635464,0.451840736638331
0.465433063568923,0.135266344909842,0.0543110641135191,0.451618585874571
0.465167689614755,0.134861405285711,0.0542203874552443,0.451396818824056
0.464902770013548,0.134458150194325,0.0541300017016386,0.45117543428446
0.464638303394774,0.134056571008172,0.0540399054743158,0.450954431059003
0.464374288393956,0.133656659149731,0.0539500974035203,0.450733807956422
0.464110723652634,0.133258406091176,0.0538605761280588,0.450513563790934
0.463847607818325,0.132861803354077,0.0537713402952348,0.450293697382204
0.463584939544495,0.132466842509105,0.0536823885607823,0.45007420755531
0.463322717490517,0.132073515175737,0.0535937195888004,0.449855093140712
0.463060940321643,0.131681813021965,0.0535053320516887,0.449636352974218
0.462799606708964,0.131291727764,0.0534172246300839,0.449417985896952
0.46253871532938,0.130903251165988,0.053329396012795,0.449199990755321
0.462278264865566,0.13051637503972,0.0532418448967418,0.448982366400984
0.462018254005936,0.130131091244342,0.0531545699868916,0.448765111690821
0.461758681444611,0.129747391686074,0.0530675699961979,0.448548225486898
0.461499545881388,0.129365268317924,0.0529808436455394,0.448331706656439
0.461240846021702,0.128984713139404,0.0528943896636588,0.448115554071794
0.460982580576601,0.128605718196257,0.0528082067871032,0.447899766610408
0.460724748262706,0.128228275580166,0.0527222937601646,0.44768434315479
0.460467347802185,0.127852377428486,0.0526366493348205,0.447469282592484
0.460210377922716,0.127478015923964,0.052551272270676,0.447254583816035
0.45995383735746,0.127105183294465,0.0524661613349057,0.447040245722967
0.459697724845027,0.126733871812697,0.0523813153021961,0.446826267215744
0.459442039129445,0.126364073795941,0.0522967329546889,0.446612647201746
0.45918677896013,0.125995781605781,0.0522124130819249,0.446399384593241
0.458931943091855,0.125628987647835,0.0521283544807876,0.446186478307349
0.458677530284718,0.125263684371485,0.0520445559554485,0.445973927266022
0.458423539304114,0.124899864269616,0.0519610163173118,0.445761730396009
0.458169968920704,0.124537519878348,0.0518777343849602,0.44554988662883
0.457916817910384,0.124176643776773,0.0517947089841012,0.445338394900748
0.457664085054257,0.123817228586697,0.0517119389475135,0.44512725415274
0.457411769138604,0.123459266972376,0.0516294231149942,0.444916463330472
0.457159868954852,0.123102751640261,0.0515471603333063,0.444706021384264
0.456908383299548,0.122747675338738,0.0514651494561269,0.444495927269075
0.456657310974327,0.122394030857874,0.0513833893439957,0.444286179944463
0.45640665078589,0.122041811029163,0.0513018788642636,0.444076778374567
0.456156401545964,0.121691008725272,0.0512206168910427,0.443867721528075
0.455906562071287,0.121341616859792,0.0511396023051557,0.443659008378201
0.45565713118357,0.120993628386985,0.0510588339940864,0.443450637902658
0.455408107709475,0.12064703630154,0.0509783108519306,0.443242609083627
0.455159490480584,0.12030183363832,0.0508980317793469,0.44303492090774
0.454911278333372,0.119958013472121,0.0508179956835085,0.442827572366045
0.454663470109183,0.11961556891743,0.0507382014780556,0.442620562453987
