"phy","focal","t212","t82","t175","t124","t15","t233","t109","t206","t237","t81","t132","t134","t209","t137","t51","t199","t110","t300","t193","t296","t145","t71","t213","t150","t147","t267","t266","t76","t167","t22","t190","t28","t83","t53","t257","t11","t5","t276","t270","t47","t154","t188","t6","t146","t35","t269","t72","t30","t37","t50","t88","t189","t254","t288","t98","t185","t292","t151","t176","t128","t122","t144","t26","t17","t9","t73","t56","t156","t10","t31","t178","t87","t89","t2","t218","t248","t234","t67","t20","t85","t95","t217","t107","t106","t42","t152"
1,"t82",0.564833358488902,0.964617561204697,0.496531024924673,0.595609274982034,0.650973145620209,0.564833358488902,0.496531024924673,0.496531024924673,0.595609274982034,0.564833358488902,0.649968774703516,0.650973145620209,0.496531024924673,0.649968774703516,0.649968774703516,0.564833358488902,0.564833358488902,0.496531024924673,0.496531024924673,0.496531024924673,0.642357210547623,0.564833358488902,0.642357210547623,0.642357210547623,0.496531024924673,0.496531024924673,0.496531024924673,0.496531024924673,0.496531024924673,0.496531024924673,0.496531024924673,0.496531024924673,0.496531024924673,0.642357210547623,0.564833358488902,0.564833358488902,0.564833358488902,0.496531024924673,0.564833358488902,0.496531024924673,0.496531024924673,0.496531024924673,0.650973145620209,0.564833358488902,0.564833358488902,0.496531024924673,0.496531024924673,0.496531024924673,0.496531024924673,0.496531024924673,0.496531024924673,0.649968774703516,0.649968774703516,0.642357210547623,0.642357210547623,0.496531024924673,0.649968774703516,0.496531024924673,0.496531024924673,0.642357210547623,0.642357210547623,0.496531024924673,0.496531024924673,0.649968774703516,0.649968774703516,0.649968774703516,0.649968774703516,0.496531024924673,0.642357210547623,0.642357210547623,0.649968774703516,0.496531024924673,0.496531024924673,0.649968774703516,0.642357210547623,0.564833358488902,0.496531024924673,0.496531024924673,0.649968774703516,0.649968774703516,0.649968774703516,0.649968774703516,0.564833358488902,0.496531024924673,0.496531024924673,0.649968774703516
1,"t175",0.550188324721852,0.550188324721852,0.996050160250361,0.550188324721852,0.550188324721852,0.550188324721852,0.560713659728254,0.605332567770475,0.550188324721852,0.550188324721852,0.550188324721852,0.550188324721852,0.605332567770475,0.550188324721852,0.550188324721852,0.550188324721852,0.550188324721852,0.560713659728254,0.605332567770475,0.605332567770475,0.550188324721852,0.550188324721852,0.550188324721852,0.550188324721852,0.605332567770475,0.560713659728254,0.605332567770475,0.605332567770475,0.605332567770475,0.606078124385729,0.605332567770475,0.605332567770475,0.605332567770475,0.550188324721852,0.550188324721852,0.550188324721852,0.550188324721852,0.560713659728254,0.550188324721852,0.560713659728254,0.605332567770475,0.605332567770475,0.550188324721852,0.550188324721852,0.550188324721852,0.560713659728254,0.560713659728254,0.560713659728254,0.560713659728254,0.560713659728254,0.605332567770475,0.550188324721852,0.550188324721852,0.550188324721852,0.550188324721852,0.605332567770475,0.550188324721852,0.560713659728254,0.560713659728254,0.550188324721852,0.550188324721852,0.605332567770475,0.605332567770475,0.550188324721852,0.550188324721852,0.550188324721852,0.550188324721852,0.560713659728254,0.550188324721852,0.550188324721852,0.550188324721852,0.560713659728254,0.560713659728254,0.550188324721852,0.550188324721852,0.550188324721852,0.560713659728254,0.560713659728254,0.550188324721852,0.550188324721852,0.550188324721852,0.550188324721852,0.550188324721852,0.605332567770475,0.560713659728254,0.550188324721852
1,"t124",0.581639818842801,0.610206695997161,0.517899011501412,0.960381967439022,0.610206695997161,0.581639818842801,0.517899011501412,0.517899011501412,0.689883855488442,0.581639818842801,0.610206695997161,0.610206695997161,0.517899011501412,0.610206695997161,0.610206695997161,0.581639818842801,0.581639818842801,0.517899011501412,0.517899011501412,0.517899011501412,0.610206695997161,0.581639818842801,0.610206695997161,0.610206695997161,0.517899011501412,0.517899011501412,0.517899011501412,0.517899011501412,0.517899011501412,0.517899011501412,0.517899011501412,0.517899011501412,0.517899011501412,0.610206695997161,0.581639818842801,0.581639818842801,0.581639818842801,0.517899011501412,0.581639818842801,0.517899011501412,0.517899011501412,0.517899011501412,0.610206695997161,0.581639818842801,0.581639818842801,0.517899011501412,0.517899011501412,0.517899011501412,0.517899011501412,0.517899011501412,0.517899011501412,0.610206695997161,0.610206695997161,0.610206695997161,0.610206695997161,0.517899011501412,0.610206695997161,0.517899011501412,0.517899011501412,0.610206695997161,0.610206695997161,0.517899011501412,0.517899011501412,0.610206695997161,0.610206695997161,0.610206695997161,0.610206695997161,0.517899011501412,0.610206695997161,0.610206695997161,0.610206695997161,0.517899011501412,0.517899011501412,0.610206695997161,0.610206695997161,0.581639818842801,0.517899011501412,0.517899011501412,0.610206695997161,0.610206695997161,0.610206695997161,0.610206695997161,0.581639818842801,0.517899011501412,0.517899011501412,0.610206695997161
1,"t233",0.650402569046608,0.589929491736951,0.526191435079388,0.589929491736951,0.589929491736951,0.962039990782849,0.526191435079388,0.526191435079388,0.589929491736951,0.600287419306255,0.589929491736951,0.589929491736951,0.526191435079388,0.589929491736951,0.589929491736951,0.600287419306255,0.731518520687739,0.526191435079388,0.526191435079388,0.526191435079388,0.589929491736951,0.600287419306255,0.589929491736951,0.589929491736951,0.526191435079388,0.526191435079388,0.526191435079388,0.526191435079388,0.526191435079388,0.526191435079388,0.526191435079388,0.526191435079388,0.526191435079388,0.589929491736951,0.600287419306255,0.600287419306255,0.600287419306255,0.526191435079388,0.600287419306255,0.526191435079388,0.526191435079388,0.526191435079388,0.589929491736951,0.600287419306255,0.600287419306255,0.526191435079388,0.526191435079388,0.526191435079388,0.526191435079388,0.526191435079388,0.526191435079388,0.589929491736951,0.589929491736951,0.589929491736951,0.589929491736951,0.526191435079388,0.589929491736951,0.526191435079388,0.526191435079388,0.589929491736951,0.589929491736951,0.526191435079388,0.526191435079388,0.589929491736951,0.589929491736951,0.589929491736951,0.589929491736951,0.526191435079388,0.589929491736951,0.589929491736951,0.589929491736951,0.526191435079388,0.526191435079388,0.589929491736951,0.589929491736951,0.600287419306255,0.526191435079388,0.526191435079388,0.589929491736951,0.589929491736951,0.589929491736951,0.589929491736951,0.600287419306255,0.526191435079388,0.526191435079388,0.589929491736951
1,"t206",0.52627902566305,0.52627902566305,0.598161122159825,0.52627902566305,0.52627902566305,0.52627902566305,0.539996243596174,0.999084282363221,0.52627902566305,0.52627902566305,0.52627902566305,0.52627902566305,0.611183965686067,0.52627902566305,0.52627902566305,0.52627902566305,0.52627902566305,0.539996243596174,0.699290947555327,0.768594912786749,0.52627902566305,0.52627902566305,0.52627902566305,0.52627902566305,0.699290947555327,0.539996243596174,0.611183965686067,0.611183965686067,0.610396931936806,0.598161122159825,0.768594912786749,0.768594912786749,0.610396931936806,0.52627902566305,0.52627902566305,0.52627902566305,0.52627902566305,0.539996243596174,0.52627902566305,0.539996243596174,0.768594912786749,0.768594912786749,0.52627902566305,0.52627902566305,0.52627902566305,0.539996243596174,0.539996243596174,0.539996243596174,0.539996243596174,0.539996243596174,0.611183965686067,0.52627902566305,0.52627902566305,0.52627902566305,0.52627902566305,0.768594912786749,0.52627902566305,0.539996243596174,0.539996243596174,0.52627902566305,0.52627902566305,0.768594912786749,0.768594912786749,0.52627902566305,0.52627902566305,0.52627902566305,0.52627902566305,0.539996243596174,0.52627902566305,0.52627902566305,0.52627902566305,0.539996243596174,0.539996243596174,0.52627902566305,0.52627902566305,0.52627902566305,0.539996243596174,0.539996243596174,0.52627902566305,0.52627902566305,0.52627902566305,0.52627902566305,0.52627902566305,0.610396931936806,0.539996243596174,0.52627902566305
1,"t81",0.567412362585448,0.570447319613107,0.588599726759753,0.570447319613107,0.570447319613107,0.567412362585448,0.588599726759753,0.588599726759753,0.570447319613107,0.367683311296536,0.570447319613107,0.570447319613107,0.588599726759753,0.570447319613107,0.570447319613107,0.536912709887125,0.567412362585448,0.588599726759753,0.588599726759753,0.588599726759753,0.570447319613107,0.516929728319969,0.570447319613107,0.570447319613107,0.588599726759753,0.588599726759753,0.588599726759753,0.588599726759753,0.588599726759753,0.588599726759753,0.588599726759753,0.588599726759753,0.588599726759753,0.570447319613107,0.499012933617771,0.536912709887125,0.536912709887125,0.588599726759753,0.516929728319969,0.588599726759753,0.588599726759753,0.588599726759753,0.570447319613107,0.504263967687006,0.504263967687006,0.588599726759753,0.588599726759753,0.588599726759753,0.588599726759753,0.588599726759753,0.588599726759753,0.570447319613107,0.570447319613107,0.570447319613107,0.570447319613107,0.588599726759753,0.570447319613107,0.588599726759753,0.588599726759753,0.570447319613107,0.570447319613107,0.588599726759753,0.588599726759753,0.570447319613107,0.570447319613107,0.570447319613107,0.570447319613107,0.588599726759753,0.570447319613107,0.570447319613107,0.570447319613107,0.588599726759753,0.588599726759753,0.570447319613107,0.570447319613107,0.499012933617771,0.588599726759753,0.588599726759753,0.570447319613107,0.570447319613107,0.570447319613107,0.570447319613107,0.516929728319969,0.588599726759753,0.588599726759753,0.570447319613107
1,"t209",0.551280090060664,0.551280090060664,0.580578863974515,0.551280090060664,0.551280090060664,0.551280090060664,0.55683259505156,0.585978569126674,0.551280090060664,0.551280090060664,0.551280090060664,0.551280090060664,0.953252060779987,0.551280090060664,0.551280090060664,0.551280090060664,0.551280090060664,0.55683259505156,0.585978569126674,0.585978569126674,0.551280090060664,0.551280090060664,0.551280090060664,0.551280090060664,0.585978569126674,0.55683259505156,0.732813927972089,0.732813927972089,0.585651027327467,0.580578863974515,0.585978569126674,0.585978569126674,0.585651027327467,0.551280090060664,0.551280090060664,0.551280090060664,0.551280090060664,0.55683259505156,0.551280090060664,0.55683259505156,0.585978569126674,0.585978569126674,0.551280090060664,0.551280090060664,0.551280090060664,0.55683259505156,0.55683259505156,0.55683259505156,0.55683259505156,0.55683259505156,0.732813927972089,0.551280090060664,0.551280090060664,0.551280090060664,0.551280090060664,0.585978569126674,0.551280090060664,0.55683259505156,0.55683259505156,0.551280090060664,0.551280090060664,0.585978569126674,0.585978569126674,0.551280090060664,0.551280090060664,0.551280090060664,0.551280090060664,0.55683259505156,0.551280090060664,0.551280090060664,0.551280090060664,0.55683259505156,0.55683259505156,0.551280090060664,0.551280090060664,0.551280090060664,0.55683259505156,0.55683259505156,0.551280090060664,0.551280090060664,0.551280090060664,0.551280090060664,0.551280090060664,0.585651027327467,0.55683259505156,0.551280090060664
1,"t199",0.573729334690128,0.570721134518208,0.552507487653503,0.570721134518208,0.570721134518208,0.573729334690128,0.552507487653503,0.552507487653503,0.570721134518208,0.603389749994731,0.570721134518208,0.570721134518208,0.552507487653503,0.570721134518208,0.570721134518208,0.751179599787215,0.573729334690128,0.552507487653503,0.552507487653503,0.552507487653503,0.570721134518208,0.603389749994731,0.570721134518208,0.570721134518208,0.552507487653503,0.552507487653503,0.552507487653503,0.552507487653503,0.552507487653503,0.552507487653503,0.552507487653503,0.552507487653503,0.552507487653503,0.570721134518208,0.603389749994731,0.650355645865865,0.650355645865865,0.552507487653503,0.603389749994731,0.552507487653503,0.552507487653503,0.552507487653503,0.570721134518208,0.603389749994731,0.603389749994731,0.552507487653503,0.552507487653503,0.552507487653503,0.552507487653503,0.552507487653503,0.552507487653503,0.570721134518208,0.570721134518208,0.570721134518208,0.570721134518208,0.552507487653503,0.570721134518208,0.552507487653503,0.552507487653503,0.570721134518208,0.570721134518208,0.552507487653503,0.552507487653503,0.570721134518208,0.570721134518208,0.570721134518208,0.570721134518208,0.552507487653503,0.570721134518208,0.570721134518208,0.570721134518208,0.552507487653503,0.552507487653503,0.570721134518208,0.570721134518208,0.603389749994731,0.552507487653503,0.552507487653503,0.570721134518208,0.570721134518208,0.570721134518208,0.570721134518208,0.603389749994731,0.552507487653503,0.552507487653503,0.570721134518208
1,"t110",0.650402569046608,0.589929491736951,0.526191435079388,0.589929491736951,0.589929491736951,0.731518520687739,0.526191435079388,0.526191435079388,0.589929491736951,0.600287419306255,0.589929491736951,0.589929491736951,0.526191435079388,0.589929491736951,0.589929491736951,0.600287419306255,0.962039990782849,0.526191435079388,0.526191435079388,0.526191435079388,0.589929491736951,0.600287419306255,0.589929491736951,0.589929491736951,0.526191435079388,0.526191435079388,0.526191435079388,0.526191435079388,0.526191435079388,0.526191435079388,0.526191435079388,0.526191435079388,0.526191435079388,0.589929491736951,0.600287419306255,0.600287419306255,0.600287419306255,0.526191435079388,0.600287419306255,0.526191435079388,0.526191435079388,0.526191435079388,0.589929491736951,0.600287419306255,0.600287419306255,0.526191435079388,0.526191435079388,0.526191435079388,0.526191435079388,0.526191435079388,0.526191435079388,0.589929491736951,0.589929491736951,0.589929491736951,0.589929491736951,0.526191435079388,0.589929491736951,0.526191435079388,0.526191435079388,0.589929491736951,0.589929491736951,0.526191435079388,0.526191435079388,0.589929491736951,0.589929491736951,0.589929491736951,0.589929491736951,0.526191435079388,0.589929491736951,0.589929491736951,0.589929491736951,0.526191435079388,0.526191435079388,0.589929491736951,0.589929491736951,0.600287419306255,0.526191435079388,0.526191435079388,0.589929491736951,0.589929491736951,0.589929491736951,0.589929491736951,0.600287419306255,0.526191435079388,0.526191435079388,0.589929491736951
1,"t300",0.575852232023269,0.575852232023269,0.575129071004057,0.575852232023269,0.575852232023269,0.575852232023269,0.555530603612213,0.575129071004057,0.575852232023269,0.575852232023269,0.575852232023269,0.575852232023269,0.575129071004057,0.575852232023269,0.575852232023269,0.575852232023269,0.575852232023269,0.483939134682365,0.575129071004057,0.575129071004057,0.575852232023269,0.575852232023269,0.575852232023269,0.575852232023269,0.575129071004057,0.553577271412721,0.575129071004057,0.575129071004057,0.575129071004057,0.575129071004057,0.575129071004057,0.575129071004057,0.575129071004057,0.575852232023269,0.575852232023269,0.575852232023269,0.575852232023269,0.553577271412721,0.575852232023269,0.555530603612213,0.575129071004057,0.575129071004057,0.575852232023269,0.575852232023269,0.575852232023269,0.555530603612213,0.553577271412721,0.553577271412721,0.553577271412721,0.555530603612213,0.575129071004057,0.575852232023269,0.575852232023269,0.575852232023269,0.575852232023269,0.575129071004057,0.575852232023269,0.529888347375489,0.529888347375489,0.575852232023269,0.575852232023269,0.575129071004057,0.575129071004057,0.575852232023269,0.575852232023269,0.575852232023269,0.575852232023269,0.554900484792546,0.575852232023269,0.575852232023269,0.575852232023269,0.553577271412721,0.553577271412721,0.575852232023269,0.575852232023269,0.575852232023269,0.553577271412721,0.553577271412721,0.575852232023269,0.575852232023269,0.575852232023269,0.575852232023269,0.575852232023269,0.575129071004057,0.553577271412721,0.575852232023269
1,"t296",0.522465499115343,0.522465499115343,0.582491662270655,0.522465499115343,0.522465499115343,0.522465499115343,0.533875894778012,0.731018448067672,0.522465499115343,0.522465499115343,0.522465499115343,0.522465499115343,0.593456857085547,0.522465499115343,0.522465499115343,0.522465499115343,0.522465499115343,0.533875894778012,0.668994576307872,0.997022956385406,0.522465499115343,0.522465499115343,0.522465499115343,0.522465499115343,0.668994576307872,0.533875894778012,0.593456857085547,0.593456857085547,0.592793083632883,0.582491662270655,0.746654894123183,0.746654894123183,0.592793083632883,0.522465499115343,0.522465499115343,0.522465499115343,0.522465499115343,0.533875894778012,0.522465499115343,0.533875894778012,0.785918204697165,0.785918204697165,0.522465499115343,0.522465499115343,0.522465499115343,0.533875894778012,0.533875894778012,0.533875894778012,0.533875894778012,0.533875894778012,0.593456857085547,0.522465499115343,0.522465499115343,0.522465499115343,0.522465499115343,0.954507719507941,0.522465499115343,0.533875894778012,0.533875894778012,0.522465499115343,0.522465499115343,0.954507719507941,0.954507719507941,0.522465499115343,0.522465499115343,0.522465499115343,0.522465499115343,0.533875894778012,0.522465499115343,0.522465499115343,0.522465499115343,0.533875894778012,0.533875894778012,0.522465499115343,0.522465499115343,0.522465499115343,0.533875894778012,0.533875894778012,0.522465499115343,0.522465499115343,0.522465499115343,0.522465499115343,0.522465499115343,0.592793083632883,0.533875894778012,0.522465499115343
1,"t145",0.55767522379264,0.652776851994466,0.47349003507147,0.595612000330764,0.652776851994466,0.55767522379264,0.47349003507147,0.47349003507147,0.595612000330764,0.55767522379264,0.652776851994466,0.652776851994466,0.47349003507147,0.652776851994466,0.652776851994466,0.55767522379264,0.55767522379264,0.47349003507147,0.47349003507147,0.47349003507147,0.981601762028874,0.55767522379264,0.695837246236302,0.695837246236302,0.47349003507147,0.47349003507147,0.47349003507147,0.47349003507147,0.47349003507147,0.47349003507147,0.47349003507147,0.47349003507147,0.47349003507147,0.695837246236302,0.55767522379264,0.55767522379264,0.55767522379264,0.47349003507147,0.55767522379264,0.47349003507147,0.47349003507147,0.47349003507147,0.652776851994466,0.55767522379264,0.55767522379264,0.47349003507147,0.47349003507147,0.47349003507147,0.47349003507147,0.47349003507147,0.47349003507147,0.652776851994466,0.652776851994466,0.695837246236302,0.695837246236302,0.47349003507147,0.652776851994466,0.47349003507147,0.47349003507147,0.882392907742248,0.882392907742248,0.47349003507147,0.47349003507147,0.652776851994466,0.652776851994466,0.652776851994466,0.652776851994466,0.47349003507147,0.695837246236302,0.695837246236302,0.652776851994466,0.47349003507147,0.47349003507147,0.652776851994466,0.683139340230961,0.55767522379264,0.47349003507147,0.47349003507147,0.652776851994466,0.652776851994466,0.652776851994466,0.652776851994466,0.55767522379264,0.47349003507147,0.47349003507147,0.652776851994466
1,"t213",0.553620214707601,0.65521990748185,0.463668680552563,0.594206849454457,0.65521990748185,0.553620214707601,0.463668680552563,0.463668680552563,0.594206849454457,0.553620214707601,0.65521990748185,0.65521990748185,0.463668680552563,0.65521990748185,0.65521990748185,0.553620214707601,0.553620214707601,0.463668680552563,0.463668680552563,0.463668680552563,0.70092824971572,0.553620214707601,0.985452249045729,0.817693046544574,0.463668680552563,0.463668680552563,0.463668680552563,0.463668680552563,0.463668680552563,0.463668680552563,0.463668680552563,0.463668680552563,0.463668680552563,0.817693046544574,0.553620214707601,0.553620214707601,0.553620214707601,0.463668680552563,0.553620214707601,0.463668680552563,0.463668680552563,0.463668680552563,0.65521990748185,0.553620214707601,0.553620214707601,0.463668680552563,0.463668680552563,0.463668680552563,0.463668680552563,0.463668680552563,0.463668680552563,0.65521990748185,0.65521990748185,0.817693046544574,0.817693046544574,0.463668680552563,0.65521990748185,0.463668680552563,0.463668680552563,0.70092824971572,0.70092824971572,0.463668680552563,0.463668680552563,0.65521990748185,0.65521990748185,0.65521990748185,0.65521990748185,0.463668680552563,0.817693046544574,0.817693046544574,0.65521990748185,0.463668680552563,0.463668680552563,0.65521990748185,0.687480099510446,0.553620214707601,0.463668680552563,0.463668680552563,0.65521990748185,0.65521990748185,0.65521990748185,0.65521990748185,0.553620214707601,0.463668680552563,0.463668680552563,0.65521990748185
1,"t150",0.551015117175835,0.650967765663587,0.462780050790759,0.590889668006651,0.650967765663587,0.551015117175835,0.462780050790759,0.462780050790759,0.590889668006651,0.551015117175835,0.650967765663587,0.650967765663587,0.462780050790759,0.650967765663587,0.650967765663587,0.551015117175835,0.551015117175835,0.462780050790759,0.462780050790759,0.462780050790759,0.696124247635036,0.551015117175835,0.81236653216455,0.984139844122043,0.462780050790759,0.462780050790759,0.462780050790759,0.462780050790759,0.462780050790759,0.462780050790759,0.462780050790759,0.462780050790759,0.462780050790759,0.824547947483161,0.551015117175835,0.551015117175835,0.551015117175835,0.462780050790759,0.551015117175835,0.462780050790759,0.462780050790759,0.462780050790759,0.650967765663587,0.551015117175835,0.551015117175835,0.462780050790759,0.462780050790759,0.462780050790759,0.462780050790759,0.462780050790759,0.462780050790759,0.650967765663587,0.650967765663587,0.824547947483161,0.824547947483161,0.462780050790759,0.650967765663587,0.462780050790759,0.462780050790759,0.696124247635036,0.696124247635036,0.462780050790759,0.462780050790759,0.650967765663587,0.650967765663587,0.650967765663587,0.650967765663587,0.462780050790759,0.903349189159813,0.903349189159813,0.650967765663587,0.462780050790759,0.462780050790759,0.650967765663587,0.682822673848392,0.551015117175835,0.462780050790759,0.462780050790759,0.650967765663587,0.650967765663587,0.650967765663587,0.650967765663587,0.551015117175835,0.462780050790759,0.462780050790759,0.650967765663587
1,"t147",0.558604714559197,0.558604714559197,0.573041562924366,0.558604714559197,0.558604714559197,0.558604714559197,0.561332445507967,0.594807944220102,0.558604714559197,0.558604714559197,0.558604714559197,0.558604714559197,0.575716841668889,0.558604714559197,0.558604714559197,0.558604714559197,0.558604714559197,0.561332445507967,0.71939916214202,0.594807944220102,0.558604714559197,0.558604714559197,0.558604714559197,0.558604714559197,0.834705325489256,0.561332445507967,0.575716841668889,0.575716841668889,0.575554401292852,0.573041562924366,0.594807944220102,0.594807944220102,0.575554401292852,0.558604714559197,0.558604714559197,0.558604714559197,0.558604714559197,0.561332445507967,0.558604714559197,0.561332445507967,0.594807944220102,0.594807944220102,0.558604714559197,0.558604714559197,0.558604714559197,0.561332445507967,0.561332445507967,0.561332445507967,0.561332445507967,0.561332445507967,0.575716841668889,0.558604714559197,0.558604714559197,0.558604714559197,0.558604714559197,0.594807944220102,0.558604714559197,0.561332445507967,0.561332445507967,0.558604714559197,0.558604714559197,0.594807944220102,0.594807944220102,0.558604714559197,0.558604714559197,0.558604714559197,0.558604714559197,0.561332445507967,0.558604714559197,0.558604714559197,0.558604714559197,0.561332445507967,0.561332445507967,0.558604714559197,0.558604714559197,0.558604714559197,0.561332445507967,0.561332445507967,0.558604714559197,0.558604714559197,0.558604714559197,0.558604714559197,0.558604714559197,0.575554401292852,0.561332445507967,0.558604714559197
1,"t266",0.552178903559562,0.552178903559562,0.575939997784642,0.552178903559562,0.552178903559562,0.552178903559562,0.55667629228445,0.580329279218659,0.552178903559562,0.552178903559562,0.552178903559562,0.552178903559562,0.702676225624442,0.552178903559562,0.552178903559562,0.552178903559562,0.552178903559562,0.55667629228445,0.580329279218659,0.580329279218659,0.552178903559562,0.552178903559562,0.552178903559562,0.552178903559562,0.580329279218659,0.55667629228445,0.923103034650318,0.830375057446869,0.580062916316308,0.575939997784642,0.580329279218659,0.580329279218659,0.580062916316308,0.552178903559562,0.552178903559562,0.552178903559562,0.552178903559562,0.55667629228445,0.552178903559562,0.55667629228445,0.580329279218659,0.580329279218659,0.552178903559562,0.552178903559562,0.552178903559562,0.55667629228445,0.55667629228445,0.55667629228445,0.55667629228445,0.55667629228445,0.743394234327573,0.552178903559562,0.552178903559562,0.552178903559562,0.552178903559562,0.580329279218659,0.552178903559562,0.55667629228445,0.55667629228445,0.552178903559562,0.552178903559562,0.580329279218659,0.580329279218659,0.552178903559562,0.552178903559562,0.552178903559562,0.552178903559562,0.55667629228445,0.552178903559562,0.552178903559562,0.552178903559562,0.55667629228445,0.55667629228445,0.552178903559562,0.552178903559562,0.552178903559562,0.55667629228445,0.55667629228445,0.552178903559562,0.552178903559562,0.552178903559562,0.552178903559562,0.552178903559562,0.580062916316308,0.55667629228445,0.552178903559562
1,"t76",0.552178903559562,0.552178903559562,0.575939997784642,0.552178903559562,0.552178903559562,0.552178903559562,0.55667629228445,0.580329279218659,0.552178903559562,0.552178903559562,0.552178903559562,0.552178903559562,0.702676225624442,0.552178903559562,0.552178903559562,0.552178903559562,0.552178903559562,0.55667629228445,0.580329279218659,0.580329279218659,0.552178903559562,0.552178903559562,0.552178903559562,0.552178903559562,0.580329279218659,0.55667629228445,0.830375057446869,0.923103034650318,0.580062916316308,0.575939997784642,0.580329279218659,0.580329279218659,0.580062916316308,0.552178903559562,0.552178903559562,0.552178903559562,0.552178903559562,0.55667629228445,0.552178903559562,0.55667629228445,0.580329279218659,0.580329279218659,0.552178903559562,0.552178903559562,0.552178903559562,0.55667629228445,0.55667629228445,0.55667629228445,0.55667629228445,0.55667629228445,0.743394234327573,0.552178903559562,0.552178903559562,0.552178903559562,0.552178903559562,0.580329279218659,0.552178903559562,0.55667629228445,0.55667629228445,0.552178903559562,0.552178903559562,0.580329279218659,0.580329279218659,0.552178903559562,0.552178903559562,0.552178903559562,0.552178903559562,0.55667629228445,0.552178903559562,0.552178903559562,0.552178903559562,0.55667629228445,0.55667629228445,0.552178903559562,0.552178903559562,0.552178903559562,0.55667629228445,0.55667629228445,0.552178903559562,0.552178903559562,0.552178903559562,0.552178903559562,0.552178903559562,0.580062916316308,0.55667629228445,0.552178903559562
1,"t190",0.555055040310852,0.555055040310852,0.571188123237313,0.555055040310852,0.555055040310852,0.555055040310852,0.558103878499746,0.614577524408873,0.555055040310852,0.555055040310852,0.555055040310852,0.555055040310852,0.574176596169117,0.555055040310852,0.555055040310852,0.555055040310852,0.555055040310852,0.558103878499746,0.595486657836596,0.619744297279349,0.555055040310852,0.555055040310852,0.555055040310852,0.555055040310852,0.595486657836596,0.558103878499746,0.574176596169117,0.574176596169117,0.573995151674902,0.571188123237313,0.85388415207137,0.772519265451782,0.573995151674902,0.555055040310852,0.555055040310852,0.555055040310852,0.555055040310852,0.558103878499746,0.555055040310852,0.558103878499746,0.619744297279349,0.619744297279349,0.555055040310852,0.555055040310852,0.555055040310852,0.558103878499746,0.558103878499746,0.558103878499746,0.558103878499746,0.558103878499746,0.574176596169117,0.555055040310852,0.555055040310852,0.555055040310852,0.555055040310852,0.619744297279349,0.555055040310852,0.558103878499746,0.558103878499746,0.555055040310852,0.555055040310852,0.619744297279349,0.619744297279349,0.555055040310852,0.555055040310852,0.555055040310852,0.555055040310852,0.558103878499746,0.555055040310852,0.555055040310852,0.555055040310852,0.558103878499746,0.558103878499746,0.555055040310852,0.555055040310852,0.555055040310852,0.558103878499746,0.558103878499746,0.555055040310852,0.555055040310852,0.555055040310852,0.555055040310852,0.555055040310852,0.573995151674902,0.558103878499746,0.555055040310852
1,"t53",0.550309368577155,0.64878171707735,0.463491239892178,0.589564014260819,0.64878171707735,0.550309368577155,0.463491239892178,0.463491239892178,0.589564014260819,0.550309368577155,0.64878171707735,0.64878171707735,0.463491239892178,0.64878171707735,0.64878171707735,0.550309368577155,0.550309368577155,0.463491239892178,0.463491239892178,0.463491239892178,0.69338300105488,0.550309368577155,0.808804506325505,0.820971801430287,0.463491239892178,0.463491239892178,0.463491239892178,0.463491239892178,0.463491239892178,0.463491239892178,0.463491239892178,0.463491239892178,0.463491239892178,0.98307316893433,0.550309368577155,0.550309368577155,0.550309368577155,0.463491239892178,0.550309368577155,0.463491239892178,0.463491239892178,0.463491239892178,0.64878171707735,0.550309368577155,0.550309368577155,0.463491239892178,0.463491239892178,0.463491239892178,0.463491239892178,0.463491239892178,0.463491239892178,0.64878171707735,0.64878171707735,0.932140388094036,0.932140388094036,0.463491239892178,0.64878171707735,0.463491239892178,0.463491239892178,0.69338300105488,0.69338300105488,0.463491239892178,0.463491239892178,0.64878171707735,0.64878171707735,0.64878171707735,0.64878171707735,0.463491239892178,0.820971801430287,0.820971801430287,0.64878171707735,0.463491239892178,0.463491239892178,0.64878171707735,0.680234774429203,0.550309368577155,0.463491239892178,0.463491239892178,0.64878171707735,0.64878171707735,0.64878171707735,0.64878171707735,0.550309368577155,0.463491239892178,0.463491239892178,0.64878171707735
1,"t11",0.573860500256972,0.570375800897945,0.549260580780426,0.570375800897945,0.570375800897945,0.573860500256972,0.549260580780426,0.549260580780426,0.570375800897945,0.608150598854272,0.570375800897945,0.570375800897945,0.549260580780426,0.570375800897945,0.570375800897945,0.662031737164971,0.573860500256972,0.549260580780426,0.549260580780426,0.549260580780426,0.570375800897945,0.608150598854272,0.570375800897945,0.570375800897945,0.549260580780426,0.549260580780426,0.549260580780426,0.549260580780426,0.549260580780426,0.549260580780426,0.549260580780426,0.549260580780426,0.549260580780426,0.570375800897945,0.608150598854272,0.774404735467991,0.712097935574459,0.549260580780426,0.608150598854272,0.549260580780426,0.549260580780426,0.549260580780426,0.570375800897945,0.608150598854272,0.608150598854272,0.549260580780426,0.549260580780426,0.549260580780426,0.549260580780426,0.549260580780426,0.549260580780426,0.570375800897945,0.570375800897945,0.570375800897945,0.570375800897945,0.549260580780426,0.570375800897945,0.549260580780426,0.549260580780426,0.570375800897945,0.570375800897945,0.549260580780426,0.549260580780426,0.570375800897945,0.570375800897945,0.570375800897945,0.570375800897945,0.549260580780426,0.570375800897945,0.570375800897945,0.570375800897945,0.549260580780426,0.549260580780426,0.570375800897945,0.570375800897945,0.608150598854272,0.549260580780426,0.549260580780426,0.570375800897945,0.570375800897945,0.570375800897945,0.570375800897945,0.608150598854272,0.549260580780426,0.549260580780426,0.570375800897945
1,"t5",0.573860500256972,0.570375800897945,0.549260580780426,0.570375800897945,0.570375800897945,0.573860500256972,0.549260580780426,0.549260580780426,0.570375800897945,0.608150598854272,0.570375800897945,0.570375800897945,0.549260580780426,0.570375800897945,0.570375800897945,0.662031737164972,0.573860500256972,0.549260580780426,0.549260580780426,0.549260580780426,0.570375800897945,0.608150598854272,0.570375800897945,0.570375800897945,0.549260580780426,0.549260580780426,0.549260580780426,0.549260580780426,0.549260580780426,0.549260580780426,0.549260580780426,0.549260580780426,0.549260580780426,0.570375800897945,0.608150598854272,0.71209793557446,0.774404735467993,0.549260580780426,0.608150598854272,0.549260580780426,0.549260580780426,0.549260580780426,0.570375800897945,0.608150598854272,0.608150598854272,0.549260580780426,0.549260580780426,0.549260580780426,0.549260580780426,0.549260580780426,0.549260580780426,0.570375800897945,0.570375800897945,0.570375800897945,0.570375800897945,0.549260580780426,0.570375800897945,0.549260580780426,0.549260580780426,0.570375800897945,0.570375800897945,0.549260580780426,0.549260580780426,0.570375800897945,0.570375800897945,0.570375800897945,0.570375800897945,0.549260580780426,0.570375800897945,0.570375800897945,0.570375800897945,0.549260580780426,0.549260580780426,0.570375800897945,0.570375800897945,0.608150598854272,0.549260580780426,0.549260580780426,0.570375800897945,0.570375800897945,0.570375800897945,0.570375800897945,0.608150598854272,0.549260580780426,0.549260580780426,0.570375800897945
1,"t154",0.523846394205104,0.523846394205104,0.588499052950276,0.523846394205104,0.523846394205104,0.523846394205104,0.536153532431928,0.74597599861517,0.523846394205104,0.523846394205104,0.523846394205104,0.523846394205104,0.600273931287987,0.523846394205104,0.523846394205104,0.523846394205104,0.523846394205104,0.536153532431928,0.680853385464547,0.80245924401069,0.523846394205104,0.523846394205104,0.523846394205104,0.523846394205104,0.680853385464547,0.536153532431928,0.600273931287987,0.600273931287987,0.599561572731156,0.588499052950276,0.762190629783812,0.762190629783812,0.599561572731156,0.523846394205104,0.523846394205104,0.523846394205104,0.523846394205104,0.536153532431928,0.523846394205104,0.536153532431928,0.998114930361579,0.987814983788275,0.523846394205104,0.523846394205104,0.523846394205104,0.536153532431928,0.536153532431928,0.536153532431928,0.536153532431928,0.536153532431928,0.600273931287987,0.523846394205104,0.523846394205104,0.523846394205104,0.523846394205104,0.80245924401069,0.523846394205104,0.536153532431928,0.536153532431928,0.523846394205104,0.523846394205104,0.80245924401069,0.80245924401069,0.523846394205104,0.523846394205104,0.523846394205104,0.523846394205104,0.536153532431928,0.523846394205104,0.523846394205104,0.523846394205104,0.536153532431928,0.536153532431928,0.523846394205104,0.523846394205104,0.523846394205104,0.536153532431928,0.536153532431928,0.523846394205104,0.523846394205104,0.523846394205104,0.523846394205104,0.523846394205104,0.599561572731156,0.536153532431928,0.523846394205104
1,"t188",0.523846394205104,0.523846394205104,0.588499052950276,0.523846394205104,0.523846394205104,0.523846394205104,0.536153532431928,0.74597599861517,0.523846394205104,0.523846394205104,0.523846394205104,0.523846394205104,0.600273931287988,0.523846394205104,0.523846394205104,0.523846394205104,0.523846394205104,0.536153532431928,0.680853385464547,0.80245924401069,0.523846394205104,0.523846394205104,0.523846394205104,0.523846394205104,0.680853385464547,0.536153532431928,0.600273931287988,0.600273931287988,0.599561572731156,0.588499052950276,0.762190629783812,0.762190629783812,0.599561572731156,0.523846394205104,0.523846394205104,0.523846394205104,0.523846394205104,0.536153532431928,0.523846394205104,0.536153532431928,0.987814983788275,0.998114930361579,0.523846394205104,0.523846394205104,0.523846394205104,0.536153532431928,0.536153532431928,0.536153532431928,0.536153532431928,0.536153532431928,0.600273931287988,0.523846394205104,0.523846394205104,0.523846394205104,0.523846394205104,0.80245924401069,0.523846394205104,0.536153532431928,0.536153532431928,0.523846394205104,0.523846394205104,0.80245924401069,0.80245924401069,0.523846394205104,0.523846394205104,0.523846394205104,0.523846394205104,0.536153532431928,0.523846394205104,0.523846394205104,0.523846394205104,0.536153532431928,0.536153532431928,0.523846394205104,0.523846394205104,0.523846394205104,0.536153532431928,0.536153532431928,0.523846394205104,0.523846394205104,0.523846394205104,0.523846394205104,0.523846394205104,0.599561572731156,0.536153532431928,0.523846394205104
1,"t30",0.577194359561981,0.577194359561981,0.576495973058366,0.577194359561981,0.577194359561981,0.577194359561981,0.557570135083441,0.576495973058366,0.577194359561981,0.577194359561981,0.577194359561981,0.577194359561981,0.576495973058366,0.577194359561981,0.577194359561981,0.577194359561981,0.577194359561981,0.555683888224152,0.576495973058366,0.576495973058366,0.577194359561981,0.577194359561981,0.577194359561981,0.577194359561981,0.576495973058366,0.529501074985245,0.576495973058366,0.576495973058366,0.576495973058366,0.576495973058366,0.576495973058366,0.576495973058366,0.576495973058366,0.577194359561981,0.577194359561981,0.577194359561981,0.577194359561981,0.547174738241111,0.577194359561981,0.557570135083441,0.576495973058366,0.576495973058366,0.577194359561981,0.577194359561981,0.577194359561981,0.557570135083441,0.548429457027948,0.488403708509598,0.512200430041019,0.557570135083441,0.576495973058366,0.577194359561981,0.577194359561981,0.577194359561981,0.577194359561981,0.576495973058366,0.577194359561981,0.555683888224152,0.555683888224152,0.577194359561981,0.577194359561981,0.576495973058366,0.576495973058366,0.577194359561981,0.577194359561981,0.577194359561981,0.577194359561981,0.556961657655954,0.577194359561981,0.577194359561981,0.577194359561981,0.520357178046732,0.520357178046732,0.577194359561981,0.577194359561981,0.577194359561981,0.548429457027948,0.548429457027948,0.577194359561981,0.577194359561981,0.577194359561981,0.577194359561981,0.577194359561981,0.576495973058366,0.547174738241111,0.577194359561981
1,"t37",0.577194359561981,0.577194359561981,0.576495973058366,0.577194359561981,0.577194359561981,0.577194359561981,0.557570135083441,0.576495973058366,0.577194359561981,0.577194359561981,0.577194359561981,0.577194359561981,0.576495973058366,0.577194359561981,0.577194359561981,0.577194359561981,0.577194359561981,0.555683888224152,0.576495973058366,0.576495973058366,0.577194359561981,0.577194359561981,0.577194359561981,0.577194359561981,0.576495973058366,0.529501074985245,0.576495973058366,0.576495973058366,0.576495973058366,0.576495973058366,0.576495973058366,0.576495973058366,0.576495973058366,0.577194359561981,0.577194359561981,0.577194359561981,0.577194359561981,0.547174738241111,0.577194359561981,0.557570135083441,0.576495973058366,0.576495973058366,0.577194359561981,0.577194359561981,0.577194359561981,0.557570135083441,0.548429457027948,0.512200430041019,0.488403708509598,0.557570135083441,0.576495973058366,0.577194359561981,0.577194359561981,0.577194359561981,0.577194359561981,0.576495973058366,0.577194359561981,0.555683888224152,0.555683888224152,0.577194359561981,0.577194359561981,0.576495973058366,0.576495973058366,0.577194359561981,0.577194359561981,0.577194359561981,0.577194359561981,0.556961657655954,0.577194359561981,0.577194359561981,0.577194359561981,0.520357178046732,0.520357178046732,0.577194359561981,0.577194359561981,0.577194359561981,0.548429457027948,0.548429457027948,0.577194359561981,0.577194359561981,0.577194359561981,0.577194359561981,0.577194359561981,0.576495973058366,0.547174738241111,0.577194359561981
1,"t189",0.540807519503135,0.623312768497454,0.475711549730157,0.570433597251586,0.623312768497454,0.540807519503135,0.475711549730157,0.475711549730157,0.570433597251586,0.540807519503135,0.649695848879644,0.623312768497454,0.475711549730157,0.721521967525412,0.721521967525412,0.540807519503135,0.540807519503135,0.475711549730157,0.475711549730157,0.475711549730157,0.61586180341625,0.540807519503135,0.61586180341625,0.61586180341625,0.475711549730157,0.475711549730157,0.475711549730157,0.475711549730157,0.475711549730157,0.475711549730157,0.475711549730157,0.475711549730157,0.475711549730157,0.61586180341625,0.540807519503135,0.540807519503135,0.540807519503135,0.475711549730157,0.540807519503135,0.475711549730157,0.475711549730157,0.475711549730157,0.623312768497454,0.540807519503135,0.540807519503135,0.475711549730157,0.475711549730157,0.475711549730157,0.475711549730157,0.475711549730157,0.475711549730157,0.954986998420712,0.907061708003532,0.61586180341625,0.61586180341625,0.475711549730157,0.649695848879644,0.475711549730157,0.475711549730157,0.61586180341625,0.61586180341625,0.475711549730157,0.475711549730157,0.843081727287962,0.843081727287962,0.721521967525412,0.721521967525412,0.475711549730157,0.61586180341625,0.61586180341625,0.721521967525412,0.475711549730157,0.475711549730157,0.649695848879644,0.61586180341625,0.540807519503135,0.475711549730157,0.475711549730157,0.872704200970566,0.872704200970566,0.721521967525412,0.721521967525412,0.540807519503135,0.475711549730157,0.475711549730157,0.649695848879644
1,"t254",0.540807519503135,0.623312768497454,0.475711549730157,0.570433597251586,0.623312768497454,0.540807519503135,0.475711549730157,0.475711549730157,0.570433597251586,0.540807519503135,0.649695848879644,0.623312768497454,0.475711549730157,0.721521967525412,0.721521967525412,0.540807519503135,0.540807519503135,0.475711549730157,0.475711549730157,0.475711549730157,0.61586180341625,0.540807519503135,0.61586180341625,0.61586180341625,0.475711549730157,0.475711549730157,0.475711549730157,0.475711549730157,0.475711549730157,0.475711549730157,0.475711549730157,0.475711549730157,0.475711549730157,0.61586180341625,0.540807519503135,0.540807519503135,0.540807519503135,0.475711549730157,0.540807519503135,0.475711549730157,0.475711549730157,0.475711549730157,0.623312768497454,0.540807519503135,0.540807519503135,0.475711549730157,0.475711549730157,0.475711549730157,0.475711549730157,0.475711549730157,0.475711549730157,0.907061708003532,0.954986998420712,0.61586180341625,0.61586180341625,0.475711549730157,0.649695848879644,0.475711549730157,0.475711549730157,0.61586180341625,0.61586180341625,0.475711549730157,0.475711549730157,0.843081727287962,0.843081727287962,0.721521967525412,0.721521967525412,0.475711549730157,0.61586180341625,0.61586180341625,0.721521967525412,0.475711549730157,0.475711549730157,0.649695848879644,0.61586180341625,0.540807519503135,0.475711549730157,0.475711549730157,0.872704200970566,0.872704200970566,0.721521967525412,0.721521967525412,0.540807519503135,0.475711549730157,0.475711549730157,0.649695848879644
1,"t288",0.550063446479174,0.647777117185165,0.463961714729289,0.589002126024368,0.647777117185165,0.550063446479174,0.463961714729289,0.463961714729289,0.589002126024368,0.550063446479174,0.647777117185165,0.647777117185165,0.463961714729289,0.647777117185165,0.647777117185165,0.550063446479174,0.550063446479174,0.463961714729289,0.463961714729289,0.463961714729289,0.692088380084321,0.550063446479174,0.807055336412498,0.819210074170965,0.463961714729289,0.463961714729289,0.463961714729289,0.463961714729289,0.463961714729289,0.463961714729289,0.463961714729289,0.463961714729289,0.463961714729289,0.930797869458822,0.550063446479174,0.550063446479174,0.550063446479174,0.463961714729289,0.550063446479174,0.463961714729289,0.463961714729289,0.463961714729289,0.647777117185165,0.550063446479174,0.550063446479174,0.463961714729289,0.463961714729289,0.463961714729289,0.463961714729289,0.463961714729289,0.463961714729289,0.647777117185165,0.647777117185165,0.982515552490162,0.953957979980942,0.463961714729289,0.647777117185165,0.463961714729289,0.463961714729289,0.692088380084321,0.692088380084321,0.463961714729289,0.463961714729289,0.647777117185165,0.647777117185165,0.647777117185165,0.647777117185165,0.463961714729289,0.819210074170965,0.819210074170965,0.647777117185165,0.463961714729289,0.463961714729289,0.647777117185165,0.679020766472678,0.550063446479174,0.463961714729289,0.463961714729289,0.647777117185165,0.647777117185165,0.647777117185165,0.647777117185165,0.550063446479174,0.463961714729289,0.463961714729289,0.647777117185165
1,"t98",0.550063446479174,0.647777117185165,0.463961714729289,0.589002126024368,0.647777117185165,0.550063446479174,0.463961714729289,0.463961714729289,0.589002126024368,0.550063446479174,0.647777117185165,0.647777117185165,0.463961714729289,0.647777117185165,0.647777117185165,0.550063446479174,0.550063446479174,0.463961714729289,0.463961714729289,0.463961714729289,0.692088380084321,0.550063446479174,0.807055336412499,0.819210074170965,0.463961714729289,0.463961714729289,0.463961714729289,0.463961714729289,0.463961714729289,0.463961714729289,0.463961714729289,0.463961714729289,0.463961714729289,0.930797869458823,0.550063446479174,0.550063446479174,0.550063446479174,0.463961714729289,0.550063446479174,0.463961714729289,0.463961714729289,0.463961714729289,0.647777117185165,0.550063446479174,0.550063446479174,0.463961714729289,0.463961714729289,0.463961714729289,0.463961714729289,0.463961714729289,0.463961714729289,0.647777117185165,0.647777117185165,0.953957979980942,0.982515552490162,0.463961714729289,0.647777117185165,0.463961714729289,0.463961714729289,0.692088380084321,0.692088380084321,0.463961714729289,0.463961714729289,0.647777117185165,0.647777117185165,0.647777117185165,0.647777117185165,0.463961714729289,0.819210074170965,0.819210074170965,0.647777117185165,0.463961714729289,0.463961714729289,0.647777117185165,0.679020766472678,0.550063446479174,0.463961714729289,0.463961714729289,0.647777117185165,0.647777117185165,0.647777117185165,0.647777117185165,0.550063446479174,0.463961714729289,0.463961714729289,0.647777117185165
1,"t185",0.523799071979285,0.523799071979285,0.579341163026479,0.523799071979285,0.523799071979285,0.523799071979285,0.534348978351808,0.718431545630389,0.523799071979285,0.523799071979285,0.523799071979285,0.523799071979285,0.589507171206044,0.523799071979285,0.523799071979285,0.523799071979285,0.523799071979285,0.534348978351808,0.65989332548747,0.94410694437293,0.523799071979285,0.523799071979285,0.523799071979285,0.523799071979285,0.65989332548747,0.534348978351808,0.589507171206044,0.589507171206044,0.588891510701744,0.579341163026479,0.733343311413266,0.733343311413266,0.588891510701744,0.523799071979285,0.523799071979285,0.523799071979285,0.523799071979285,0.534348978351808,0.523799071979285,0.534348978351808,0.771142371183441,0.771142371183441,0.523799071979285,0.523799071979285,0.523799071979285,0.534348978351808,0.534348978351808,0.534348978351808,0.534348978351808,0.534348978351808,0.589507171206044,0.523799071979285,0.523799071979285,0.523799071979285,0.523799071979285,0.995452396598219,0.523799071979285,0.534348978351808,0.534348978351808,0.523799071979285,0.523799071979285,0.98461405909987,0.98461405909987,0.523799071979285,0.523799071979285,0.523799071979285,0.523799071979285,0.534348978351808,0.523799071979285,0.523799071979285,0.523799071979285,0.534348978351808,0.534348978351808,0.523799071979285,0.523799071979285,0.523799071979285,0.534348978351808,0.534348978351808,0.523799071979285,0.523799071979285,0.523799071979285,0.523799071979285,0.523799071979285,0.588891510701744,0.534348978351808,0.523799071979285
1,"t151",0.571405438619715,0.571405438619715,0.571219212114685,0.571405438619715,0.571405438619715,0.571405438619715,0.566193526063986,0.571219212114685,0.571405438619715,0.571405438619715,0.571405438619715,0.571405438619715,0.571219212114685,0.571405438619715,0.571405438619715,0.571405438619715,0.571405438619715,0.559662041328248,0.571219212114685,0.571219212114685,0.571405438619715,0.571405438619715,0.571405438619715,0.571405438619715,0.571219212114685,0.565694556219938,0.571219212114685,0.571219212114685,0.571219212114685,0.571219212114685,0.571219212114685,0.571219212114685,0.571219212114685,0.571405438619715,0.571405438619715,0.571405438619715,0.571405438619715,0.565694556219938,0.571405438619715,0.566193526063986,0.571219212114685,0.571219212114685,0.571405438619715,0.571405438619715,0.571405438619715,0.566193526063986,0.565694556219938,0.565694556219938,0.565694556219938,0.566193526063986,0.571219212114685,0.571405438619715,0.571405438619715,0.571405438619715,0.571405438619715,0.571219212114685,0.571405438619715,0.547985835005561,0.552754628626868,0.571405438619715,0.571405438619715,0.571219212114685,0.571219212114685,0.571405438619715,0.571405438619715,0.571405438619715,0.571405438619715,0.56603253254398,0.571405438619715,0.571405438619715,0.571405438619715,0.565694556219938,0.565694556219938,0.571405438619715,0.571405438619715,0.571405438619715,0.565694556219938,0.565694556219938,0.571405438619715,0.571405438619715,0.571405438619715,0.571405438619715,0.571405438619715,0.571219212114685,0.565694556219938,0.571405438619715
1,"t176",0.571405438619715,0.571405438619715,0.571219212114685,0.571405438619715,0.571405438619715,0.571405438619715,0.566193526063986,0.571219212114685,0.571405438619715,0.571405438619715,0.571405438619715,0.571405438619715,0.571219212114685,0.571405438619715,0.571405438619715,0.571405438619715,0.571405438619715,0.559662041328248,0.571219212114685,0.571219212114685,0.571405438619715,0.571405438619715,0.571405438619715,0.571405438619715,0.571219212114685,0.565694556219938,0.571219212114685,0.571219212114685,0.571219212114685,0.571219212114685,0.571219212114685,0.571219212114685,0.571219212114685,0.571405438619715,0.571405438619715,0.571405438619715,0.571405438619715,0.565694556219938,0.571405438619715,0.566193526063986,0.571219212114685,0.571219212114685,0.571405438619715,0.571405438619715,0.571405438619715,0.566193526063986,0.565694556219938,0.565694556219938,0.565694556219938,0.566193526063986,0.571219212114685,0.571405438619715,0.571405438619715,0.571405438619715,0.571405438619715,0.571219212114685,0.571405438619715,0.552754628626868,0.547985835005561,0.571405438619715,0.571405438619715,0.571219212114685,0.571219212114685,0.571405438619715,0.571405438619715,0.571405438619715,0.571405438619715,0.56603253254398,0.571405438619715,0.571405438619715,0.571405438619715,0.565694556219938,0.565694556219938,0.571405438619715,0.571405438619715,0.571405438619715,0.565694556219938,0.565694556219938,0.571405438619715,0.571405438619715,0.571405438619715,0.571405438619715,0.571405438619715,0.571219212114685,0.565694556219938,0.571405438619715
1,"t128",0.556771119080001,0.649494079272709,0.47485085978279,0.593716879785986,0.649494079272709,0.556771119080001,0.47485085978279,0.47485085978279,0.593716879785986,0.556771119080001,0.649494079272709,0.649494079272709,0.47485085978279,0.649494079272709,0.649494079272709,0.556771119080001,0.556771119080001,0.47485085978279,0.47485085978279,0.47485085978279,0.876907888247608,0.556771119080001,0.691640869860026,0.691640869860026,0.47485085978279,0.47485085978279,0.47485085978279,0.47485085978279,0.47485085978279,0.47485085978279,0.47485085978279,0.47485085978279,0.47485085978279,0.691640869860026,0.556771119080001,0.556771119080001,0.556771119080001,0.47485085978279,0.556771119080001,0.47485085978279,0.47485085978279,0.47485085978279,0.649494079272709,0.556771119080001,0.556771119080001,0.47485085978279,0.47485085978279,0.47485085978279,0.47485085978279,0.47485085978279,0.47485085978279,0.649494079272709,0.649494079272709,0.691640869860026,0.691640869860026,0.47485085978279,0.649494079272709,0.47485085978279,0.47485085978279,0.9796107765304,0.956859799948335,0.47485085978279,0.47485085978279,0.649494079272709,0.649494079272709,0.649494079272709,0.649494079272709,0.47485085978279,0.691640869860026,0.691640869860026,0.649494079272709,0.47485085978279,0.47485085978279,0.649494079272709,0.679197677668764,0.556771119080001,0.47485085978279,0.47485085978279,0.649494079272709,0.649494079272709,0.649494079272709,0.649494079272709,0.556771119080001,0.47485085978279,0.47485085978279,0.649494079272709
1,"t122",0.55677111908,0.649494079272709,0.47485085978279,0.593716879785986,0.649494079272709,0.55677111908,0.47485085978279,0.47485085978279,0.593716879785986,0.55677111908,0.649494079272709,0.649494079272709,0.47485085978279,0.649494079272709,0.649494079272709,0.55677111908,0.55677111908,0.47485085978279,0.47485085978279,0.47485085978279,0.876907888247607,0.55677111908,0.691640869860026,0.691640869860026,0.47485085978279,0.47485085978279,0.47485085978279,0.47485085978279,0.47485085978279,0.47485085978279,0.47485085978279,0.47485085978279,0.47485085978279,0.691640869860026,0.55677111908,0.55677111908,0.55677111908,0.47485085978279,0.55677111908,0.47485085978279,0.47485085978279,0.47485085978279,0.649494079272709,0.55677111908,0.55677111908,0.47485085978279,0.47485085978279,0.47485085978279,0.47485085978279,0.47485085978279,0.47485085978279,0.649494079272709,0.649494079272709,0.691640869860026,0.691640869860026,0.47485085978279,0.649494079272709,0.47485085978279,0.47485085978279,0.956859799948335,0.9796107765304,0.47485085978279,0.47485085978279,0.649494079272709,0.649494079272709,0.649494079272709,0.649494079272709,0.47485085978279,0.691640869860026,0.691640869860026,0.649494079272709,0.47485085978279,0.47485085978279,0.649494079272709,0.679197677668763,0.55677111908,0.47485085978279,0.47485085978279,0.649494079272709,0.649494079272709,0.649494079272709,0.649494079272709,0.55677111908,0.47485085978279,0.47485085978279,0.649494079272709
1,"t144",0.523881491410692,0.523881491410692,0.579188815903368,0.523881491410692,0.523881491410692,0.523881491410692,0.534386411205931,0.717774435826137,0.523881491410692,0.523881491410692,0.523881491410692,0.523881491410692,0.58931283517935,0.523881491410692,0.523881491410692,0.523881491410692,0.523881491410692,0.534386411205931,0.659425904842861,0.943508715771062,0.523881491410692,0.523881491410692,0.523881491410692,0.523881491410692,0.659425904842861,0.534386411205931,0.58931283517935,0.58931283517935,0.588699704423086,0.579188815903368,0.732645651341718,0.732645651341718,0.588699704423086,0.523881491410692,0.523881491410692,0.523881491410692,0.523881491410692,0.534386411205931,0.523881491410692,0.534386411205931,0.770359958194254,0.770359958194254,0.523881491410692,0.523881491410692,0.523881491410692,0.534386411205931,0.534386411205931,0.534386411205931,0.534386411205931,0.534386411205931,0.58931283517935,0.523881491410692,0.523881491410692,0.523881491410692,0.523881491410692,0.984355286107628,0.523881491410692,0.534386411205931,0.534386411205931,0.523881491410692,0.523881491410692,0.99535092843962,0.987152529884395,0.523881491410692,0.523881491410692,0.523881491410692,0.523881491410692,0.534386411205931,0.523881491410692,0.523881491410692,0.523881491410692,0.534386411205931,0.534386411205931,0.523881491410692,0.523881491410692,0.523881491410692,0.534386411205931,0.534386411205931,0.523881491410692,0.523881491410692,0.523881491410692,0.523881491410692,0.523881491410692,0.588699704423086,0.534386411205931,0.523881491410692
1,"t26",0.523881491410693,0.523881491410693,0.579188815903368,0.523881491410693,0.523881491410693,0.523881491410693,0.534386411205931,0.717774435826137,0.523881491410693,0.523881491410693,0.523881491410693,0.523881491410693,0.58931283517935,0.523881491410693,0.523881491410693,0.523881491410693,0.523881491410693,0.534386411205931,0.659425904842861,0.943508715771062,0.523881491410693,0.523881491410693,0.523881491410693,0.523881491410693,0.659425904842861,0.534386411205931,0.58931283517935,0.58931283517935,0.588699704423086,0.579188815903368,0.732645651341719,0.732645651341719,0.588699704423086,0.523881491410693,0.523881491410693,0.523881491410693,0.523881491410693,0.534386411205931,0.523881491410693,0.534386411205931,0.770359958194255,0.770359958194255,0.523881491410693,0.523881491410693,0.523881491410693,0.534386411205931,0.534386411205931,0.534386411205931,0.534386411205931,0.534386411205931,0.58931283517935,0.523881491410693,0.523881491410693,0.523881491410693,0.523881491410693,0.984355286107628,0.523881491410693,0.534386411205931,0.534386411205931,0.523881491410693,0.523881491410693,0.987152529884395,0.99535092843962,0.523881491410693,0.523881491410693,0.523881491410693,0.523881491410693,0.534386411205931,0.523881491410693,0.523881491410693,0.523881491410693,0.534386411205931,0.534386411205931,0.523881491410693,0.523881491410693,0.523881491410693,0.534386411205931,0.534386411205931,0.523881491410693,0.523881491410693,0.523881491410693,0.523881491410693,0.523881491410693,0.588699704423086,0.534386411205931,0.523881491410693
1,"t17",0.541338703659224,0.624025342053446,0.476073517923028,0.571035245820828,0.624025342053446,0.541338703659224,0.476073517923028,0.476073517923028,0.571035245820828,0.541338703659224,0.650454914692786,0.624025342053446,0.476073517923028,0.72236882174847,0.72236882174847,0.541338703659224,0.541338703659224,0.476073517923028,0.476073517923028,0.476073517923028,0.616560089774075,0.541338703659224,0.616560089774075,0.616560089774075,0.476073517923028,0.476073517923028,0.476073517923028,0.476073517923028,0.476073517923028,0.476073517923028,0.476073517923028,0.476073517923028,0.476073517923028,0.616560089774075,0.541338703659224,0.541338703659224,0.541338703659224,0.476073517923028,0.541338703659224,0.476073517923028,0.476073517923028,0.476073517923028,0.624025342053446,0.541338703659224,0.541338703659224,0.476073517923028,0.476073517923028,0.476073517923028,0.476073517923028,0.476073517923028,0.476073517923028,0.843892602141086,0.843892602141086,0.616560089774075,0.616560089774075,0.476073517923028,0.650454914692786,0.476073517923028,0.476073517923028,0.616560089774075,0.616560089774075,0.476073517923028,0.476073517923028,0.955404887806465,0.920754912943774,0.72236882174847,0.72236882174847,0.476073517923028,0.616560089774075,0.616560089774075,0.72236882174847,0.476073517923028,0.476073517923028,0.650454914692786,0.616560089774075,0.541338703659224,0.476073517923028,0.476073517923028,0.843892602141086,0.843892602141086,0.72236882174847,0.72236882174847,0.541338703659224,0.476073517923028,0.476073517923028,0.650454914692786
1,"t9",0.541338703659224,0.624025342053446,0.476073517923028,0.571035245820828,0.624025342053446,0.541338703659224,0.476073517923028,0.476073517923028,0.571035245820828,0.541338703659224,0.650454914692786,0.624025342053446,0.476073517923028,0.72236882174847,0.72236882174847,0.541338703659224,0.541338703659224,0.476073517923028,0.476073517923028,0.476073517923028,0.616560089774075,0.541338703659224,0.616560089774075,0.616560089774075,0.476073517923028,0.476073517923028,0.476073517923028,0.476073517923028,0.476073517923028,0.476073517923028,0.476073517923028,0.476073517923028,0.476073517923028,0.616560089774075,0.541338703659224,0.541338703659224,0.541338703659224,0.476073517923028,0.541338703659224,0.476073517923028,0.476073517923028,0.476073517923028,0.624025342053446,0.541338703659224,0.541338703659224,0.476073517923028,0.476073517923028,0.476073517923028,0.476073517923028,0.476073517923028,0.476073517923028,0.843892602141086,0.843892602141086,0.616560089774075,0.616560089774075,0.476073517923028,0.650454914692786,0.476073517923028,0.476073517923028,0.616560089774075,0.616560089774075,0.476073517923028,0.476073517923028,0.920754912943774,0.955404887806465,0.72236882174847,0.72236882174847,0.476073517923028,0.616560089774075,0.616560089774075,0.72236882174847,0.476073517923028,0.476073517923028,0.650454914692786,0.616560089774075,0.541338703659224,0.476073517923028,0.476073517923028,0.843892602141086,0.843892602141086,0.72236882174847,0.72236882174847,0.541338703659224,0.476073517923028,0.476073517923028,0.650454914692786
1,"t73",0.547316113173897,0.617311117348167,0.492170715995463,0.572388427369595,0.617311117348167,0.547316113173897,0.492170715995463,0.492170715995463,0.572388427369595,0.547316113173897,0.639886110059176,0.617311117348167,0.492170715995463,0.732730655321209,0.766263711865346,0.547316113173897,0.547316113173897,0.492170715995463,0.492170715995463,0.492170715995463,0.610959264539775,0.547316113173897,0.610959264539775,0.610959264539775,0.492170715995463,0.492170715995463,0.492170715995463,0.492170715995463,0.492170715995463,0.492170715995463,0.492170715995463,0.492170715995463,0.492170715995463,0.610959264539775,0.547316113173897,0.547316113173897,0.547316113173897,0.492170715995463,0.547316113173897,0.492170715995463,0.492170715995463,0.492170715995463,0.617311117348167,0.547316113173897,0.547316113173897,0.492170715995463,0.492170715995463,0.492170715995463,0.492170715995463,0.492170715995463,0.492170715995463,0.702313669632408,0.702313669632408,0.610959264539775,0.610959264539775,0.492170715995463,0.639886110059176,0.492170715995463,0.492170715995463,0.610959264539775,0.610959264539775,0.492170715995463,0.492170715995463,0.702313669632408,0.702313669632408,0.933468543967554,0.896432628068086,0.492170715995463,0.610959264539775,0.610959264539775,0.732730655321209,0.492170715995463,0.492170715995463,0.639886110059176,0.610959264539775,0.547316113173897,0.492170715995463,0.492170715995463,0.702313669632408,0.702313669632408,0.732730655321209,0.732730655321209,0.547316113173897,0.492170715995463,0.492170715995463,0.639886110059176
1,"t56",0.547316113173897,0.617311117348167,0.492170715995464,0.572388427369595,0.617311117348167,0.547316113173897,0.492170715995464,0.492170715995464,0.572388427369595,0.547316113173897,0.639886110059176,0.617311117348167,0.492170715995464,0.732730655321209,0.766263711865346,0.547316113173897,0.547316113173897,0.492170715995464,0.492170715995464,0.492170715995464,0.610959264539775,0.547316113173897,0.610959264539775,0.610959264539775,0.492170715995464,0.492170715995464,0.492170715995464,0.492170715995464,0.492170715995464,0.492170715995464,0.492170715995464,0.492170715995464,0.492170715995464,0.610959264539775,0.547316113173897,0.547316113173897,0.547316113173897,0.492170715995464,0.547316113173897,0.492170715995464,0.492170715995464,0.492170715995464,0.617311117348167,0.547316113173897,0.547316113173897,0.492170715995464,0.492170715995464,0.492170715995464,0.492170715995464,0.492170715995464,0.492170715995464,0.702313669632408,0.702313669632408,0.610959264539775,0.610959264539775,0.492170715995464,0.639886110059176,0.492170715995464,0.492170715995464,0.610959264539775,0.610959264539775,0.492170715995464,0.492170715995464,0.702313669632408,0.702313669632408,0.896432628068086,0.933468543967554,0.492170715995464,0.610959264539775,0.610959264539775,0.732730655321209,0.492170715995464,0.492170715995464,0.639886110059176,0.610959264539775,0.547316113173897,0.492170715995464,0.492170715995464,0.702313669632408,0.702313669632408,0.732730655321209,0.732730655321209,0.547316113173897,0.492170715995464,0.492170715995464,0.639886110059176
1,"t10",0.550302928934593,0.648251296203351,0.463968669166218,0.589341022089244,0.648251296203351,0.550302928934593,0.463968669166218,0.463968669166218,0.589341022089244,0.550302928934593,0.648251296203351,0.648251296203351,0.463968669166218,0.648251296203351,0.648251296203351,0.550302928934593,0.550302928934593,0.463968669166218,0.463968669166218,0.463968669166218,0.692647452215176,0.550302928934593,0.807726353658082,0.899184440587358,0.463968669166218,0.463968669166218,0.463968669166218,0.463968669166218,0.463968669166218,0.463968669166218,0.463968669166218,0.463968669166218,0.463968669166218,0.819880413193701,0.550302928934593,0.550302928934593,0.550302928934593,0.463968669166218,0.550302928934593,0.463968669166218,0.463968669166218,0.463968669166218,0.648251296203351,0.550302928934593,0.550302928934593,0.463968669166218,0.463968669166218,0.463968669166218,0.463968669166218,0.463968669166218,0.463968669166218,0.648251296203351,0.648251296203351,0.819880413193701,0.819880413193701,0.463968669166218,0.648251296203351,0.463968669166218,0.463968669166218,0.692647452215176,0.692647452215176,0.463968669166218,0.463968669166218,0.648251296203351,0.648251296203351,0.648251296203351,0.648251296203351,0.463968669166218,0.982710046699601,0.966229196704192,0.648251296203351,0.463968669166218,0.463968669166218,0.648251296203351,0.679556657181386,0.550302928934593,0.463968669166218,0.463968669166218,0.648251296203351,0.648251296203351,0.648251296203351,0.648251296203351,0.550302928934593,0.463968669166218,0.463968669166218,0.648251296203351
1,"t31",0.550302928934593,0.648251296203351,0.463968669166218,0.589341022089244,0.648251296203351,0.550302928934593,0.463968669166218,0.463968669166218,0.589341022089244,0.550302928934593,0.648251296203351,0.648251296203351,0.463968669166218,0.648251296203351,0.648251296203351,0.550302928934593,0.550302928934593,0.463968669166218,0.463968669166218,0.463968669166218,0.692647452215176,0.550302928934593,0.807726353658082,0.899184440587358,0.463968669166218,0.463968669166218,0.463968669166218,0.463968669166218,0.463968669166218,0.463968669166218,0.463968669166218,0.463968669166218,0.463968669166218,0.819880413193701,0.550302928934593,0.550302928934593,0.550302928934593,0.463968669166218,0.550302928934593,0.463968669166218,0.463968669166218,0.463968669166218,0.648251296203351,0.550302928934593,0.550302928934593,0.463968669166218,0.463968669166218,0.463968669166218,0.463968669166218,0.463968669166218,0.463968669166218,0.648251296203351,0.648251296203351,0.819880413193701,0.819880413193701,0.463968669166218,0.648251296203351,0.463968669166218,0.463968669166218,0.692647452215176,0.692647452215176,0.463968669166218,0.463968669166218,0.648251296203351,0.648251296203351,0.648251296203351,0.648251296203351,0.463968669166218,0.966229196704192,0.982710046699601,0.648251296203351,0.463968669166218,0.463968669166218,0.648251296203351,0.679556657181386,0.550302928934593,0.463968669166218,0.463968669166218,0.648251296203351,0.648251296203351,0.648251296203351,0.648251296203351,0.550302928934593,0.463968669166218,0.463968669166218,0.648251296203351
1,"t178",0.545087206211859,0.616003317312955,0.48926011917991,0.570485313323029,0.616003317312955,0.545087206211859,0.48926011917991,0.48926011917991,0.570485313323029,0.545087206211859,0.638878127414184,0.616003317312955,0.48926011917991,0.756594062404213,0.732893663433725,0.545087206211859,0.545087206211859,0.48926011917991,0.48926011917991,0.48926011917991,0.609566929062483,0.545087206211859,0.609566929062483,0.609566929062483,0.48926011917991,0.48926011917991,0.48926011917991,0.48926011917991,0.48926011917991,0.48926011917991,0.48926011917991,0.48926011917991,0.48926011917991,0.609566929062483,0.545087206211859,0.545087206211859,0.545087206211859,0.48926011917991,0.545087206211859,0.48926011917991,0.48926011917991,0.48926011917991,0.616003317312955,0.545087206211859,0.545087206211859,0.48926011917991,0.48926011917991,0.48926011917991,0.48926011917991,0.48926011917991,0.48926011917991,0.702110880005552,0.702110880005552,0.609566929062483,0.609566929062483,0.48926011917991,0.638878127414184,0.48926011917991,0.48926011917991,0.609566929062483,0.609566929062483,0.48926011917991,0.48926011917991,0.702110880005552,0.702110880005552,0.732893663433725,0.732893663433725,0.48926011917991,0.609566929062483,0.609566929062483,0.934725951213181,0.48926011917991,0.48926011917991,0.638878127414184,0.609566929062483,0.545087206211859,0.48926011917991,0.48926011917991,0.702110880005552,0.702110880005552,0.904247702235182,0.904247702235182,0.545087206211859,0.48926011917991,0.48926011917991,0.638878127414184
1,"t87",0.575470557690025,0.575470557690025,0.574942396473508,0.575470557690025,0.575470557690025,0.575470557690025,0.560649344402039,0.574942396473508,0.575470557690025,0.575470557690025,0.575470557690025,0.575470557690025,0.574942396473508,0.575470557690025,0.575470557690025,0.575470557690025,0.575470557690025,0.559226535338693,0.574942396473508,0.574942396473508,0.575470557690025,0.575470557690025,0.575470557690025,0.575470557690025,0.574942396473508,0.539493344732774,0.574942396473508,0.574942396473508,0.574942396473508,0.574942396473508,0.574942396473508,0.574942396473508,0.574942396473508,0.575470557690025,0.575470557690025,0.575470557690025,0.575470557690025,0.552810721093785,0.575470557690025,0.560649344402039,0.574942396473508,0.574942396473508,0.575470557690025,0.575470557690025,0.575470557690025,0.560649344402039,0.553756525869846,0.532603940838133,0.532603940838133,0.560649344402039,0.574942396473508,0.575470557690025,0.575470557690025,0.575470557690025,0.575470557690025,0.574942396473508,0.575470557690025,0.559226535338693,0.559226535338693,0.575470557690025,0.575470557690025,0.574942396473508,0.574942396473508,0.575470557690025,0.575470557690025,0.575470557690025,0.575470557690025,0.560190338591666,0.575470557690025,0.575470557690025,0.575470557690025,0.508498912611564,0.51800682037503,0.575470557690025,0.575470557690025,0.575470557690025,0.553756525869846,0.553756525869846,0.575470557690025,0.575470557690025,0.575470557690025,0.575470557690025,0.575470557690025,0.574942396473508,0.552810721093785,0.575470557690025
1,"t89",0.575470557690025,0.575470557690025,0.574942396473508,0.575470557690025,0.575470557690025,0.575470557690025,0.560649344402039,0.574942396473508,0.575470557690025,0.575470557690025,0.575470557690025,0.575470557690025,0.574942396473508,0.575470557690025,0.575470557690025,0.575470557690025,0.575470557690025,0.559226535338693,0.574942396473508,0.574942396473508,0.575470557690025,0.575470557690025,0.575470557690025,0.575470557690025,0.574942396473508,0.539493344732774,0.574942396473508,0.574942396473508,0.574942396473508,0.574942396473508,0.574942396473508,0.574942396473508,0.574942396473508,0.575470557690025,0.575470557690025,0.575470557690025,0.575470557690025,0.552810721093785,0.575470557690025,0.560649344402039,0.574942396473508,0.574942396473508,0.575470557690025,0.575470557690025,0.575470557690025,0.560649344402039,0.553756525869845,0.532603940838132,0.532603940838132,0.560649344402039,0.574942396473508,0.575470557690025,0.575470557690025,0.575470557690025,0.575470557690025,0.574942396473508,0.575470557690025,0.559226535338693,0.559226535338693,0.575470557690025,0.575470557690025,0.574942396473508,0.574942396473508,0.575470557690025,0.575470557690025,0.575470557690025,0.575470557690025,0.560190338591666,0.575470557690025,0.575470557690025,0.575470557690025,0.51800682037503,0.508498912611563,0.575470557690025,0.575470557690025,0.575470557690025,0.553756525869845,0.553756525869845,0.575470557690025,0.575470557690025,0.575470557690025,0.575470557690025,0.575470557690025,0.574942396473508,0.552810721093785,0.575470557690025
1,"t20",0.540548100287584,0.622268002880177,0.476101994379067,0.569883234426006,0.622268002880177,0.540548100287584,0.476101994379067,0.476101994379067,0.569883234426006,0.540548100287584,0.64842283865993,0.622268002880177,0.476101994379067,0.719723286187236,0.719723286187236,0.540548100287584,0.540548100287584,0.476101994379067,0.476101994379067,0.476101994379067,0.614884056312585,0.540548100287584,0.614884056312585,0.614884056312585,0.476101994379067,0.476101994379067,0.476101994379067,0.476101994379067,0.476101994379067,0.476101994379067,0.476101994379067,0.476101994379067,0.476101994379067,0.614884056312585,0.540548100287584,0.540548100287584,0.540548100287584,0.476101994379067,0.540548100287584,0.476101994379067,0.476101994379067,0.476101994379067,0.622268002880177,0.540548100287584,0.540548100287584,0.476101994379067,0.476101994379067,0.476101994379067,0.476101994379067,0.476101994379067,0.476101994379067,0.870615493670589,0.870615493670589,0.614884056312585,0.614884056312585,0.476101994379067,0.64842283865993,0.476101994379067,0.476101994379067,0.614884056312585,0.614884056312585,0.476101994379067,0.476101994379067,0.840922299416537,0.840922299416537,0.719723286187236,0.719723286187236,0.476101994379067,0.614884056312585,0.614884056312585,0.719723286187236,0.476101994379067,0.476101994379067,0.64842283865993,0.614884056312585,0.540548100287584,0.476101994379067,0.476101994379067,0.953680722835506,0.939377042787115,0.719723286187236,0.719723286187236,0.540548100287584,0.476101994379067,0.476101994379067,0.64842283865993
1,"t85",0.540548100287584,0.622268002880177,0.476101994379067,0.569883234426006,0.622268002880177,0.540548100287584,0.476101994379067,0.476101994379067,0.569883234426006,0.540548100287584,0.64842283865993,0.622268002880177,0.476101994379067,0.719723286187236,0.719723286187236,0.540548100287584,0.540548100287584,0.476101994379067,0.476101994379067,0.476101994379067,0.614884056312585,0.540548100287584,0.614884056312585,0.614884056312585,0.476101994379067,0.476101994379067,0.476101994379067,0.476101994379067,0.476101994379067,0.476101994379067,0.476101994379067,0.476101994379067,0.476101994379067,0.614884056312585,0.540548100287584,0.540548100287584,0.540548100287584,0.476101994379067,0.540548100287584,0.476101994379067,0.476101994379067,0.476101994379067,0.622268002880177,0.540548100287584,0.540548100287584,0.476101994379067,0.476101994379067,0.476101994379067,0.476101994379067,0.476101994379067,0.476101994379067,0.870615493670589,0.870615493670589,0.614884056312585,0.614884056312585,0.476101994379067,0.64842283865993,0.476101994379067,0.476101994379067,0.614884056312585,0.614884056312585,0.476101994379067,0.476101994379067,0.840922299416537,0.840922299416537,0.719723286187236,0.719723286187236,0.476101994379067,0.614884056312585,0.614884056312585,0.719723286187236,0.476101994379067,0.476101994379067,0.64842283865993,0.614884056312585,0.540548100287584,0.476101994379067,0.476101994379067,0.939377042787115,0.953680722835506,0.719723286187236,0.719723286187236,0.540548100287584,0.476101994379067,0.476101994379067,0.64842283865993
1,"t95",0.544977396648829,0.615559411997037,0.48942420579299,0.570252814468583,0.615559411997037,0.544977396648829,0.48942420579299,0.48942420579299,0.570252814468583,0.544977396648829,0.638334142417699,0.615559411997037,0.48942420579299,0.755648853334352,0.732009267112878,0.544977396648829,0.544977396648829,0.48942420579299,0.48942420579299,0.48942420579299,0.609152032546017,0.544977396648829,0.609152032546017,0.609152032546017,0.48942420579299,0.48942420579299,0.48942420579299,0.48942420579299,0.48942420579299,0.48942420579299,0.48942420579299,0.48942420579299,0.48942420579299,0.609152032546017,0.544977396648829,0.544977396648829,0.544977396648829,0.48942420579299,0.544977396648829,0.48942420579299,0.48942420579299,0.48942420579299,0.615559411997037,0.544977396648829,0.544977396648829,0.48942420579299,0.48942420579299,0.48942420579299,0.48942420579299,0.48942420579299,0.48942420579299,0.701322540880598,0.701322540880598,0.609152032546017,0.609152032546017,0.48942420579299,0.638334142417699,0.48942420579299,0.48942420579299,0.609152032546017,0.609152032546017,0.48942420579299,0.48942420579299,0.701322540880598,0.701322540880598,0.732009267112878,0.732009267112878,0.48942420579299,0.609152032546017,0.609152032546017,0.90332728891609,0.48942420579299,0.48942420579299,0.638334142417699,0.609152032546017,0.544977396648829,0.48942420579299,0.48942420579299,0.701322540880598,0.701322540880598,0.933951099052528,0.918554134255154,0.544977396648829,0.48942420579299,0.48942420579299,0.638334142417699
1,"t217",0.544977396648829,0.615559411997037,0.48942420579299,0.570252814468584,0.615559411997037,0.544977396648829,0.48942420579299,0.48942420579299,0.570252814468584,0.544977396648829,0.638334142417699,0.615559411997037,0.48942420579299,0.755648853334352,0.732009267112878,0.544977396648829,0.544977396648829,0.48942420579299,0.48942420579299,0.48942420579299,0.609152032546017,0.544977396648829,0.609152032546017,0.609152032546017,0.48942420579299,0.48942420579299,0.48942420579299,0.48942420579299,0.48942420579299,0.48942420579299,0.48942420579299,0.48942420579299,0.48942420579299,0.609152032546017,0.544977396648829,0.544977396648829,0.544977396648829,0.48942420579299,0.544977396648829,0.48942420579299,0.48942420579299,0.48942420579299,0.615559411997037,0.544977396648829,0.544977396648829,0.48942420579299,0.48942420579299,0.48942420579299,0.48942420579299,0.48942420579299,0.48942420579299,0.701322540880599,0.701322540880599,0.609152032546017,0.609152032546017,0.48942420579299,0.638334142417699,0.48942420579299,0.48942420579299,0.609152032546017,0.609152032546017,0.48942420579299,0.48942420579299,0.701322540880599,0.701322540880599,0.732009267112878,0.732009267112878,0.48942420579299,0.609152032546017,0.609152032546017,0.90332728891609,0.48942420579299,0.48942420579299,0.638334142417699,0.609152032546017,0.544977396648829,0.48942420579299,0.48942420579299,0.701322540880599,0.701322540880599,0.918554134255154,0.933951099052528,0.544977396648829,0.48942420579299,0.48942420579299,0.638334142417699
