"Xyleborus affinis","Coptoborus pseudotenuis","mutillatus","Xyleborus ferrugineus"
0.998887782869736,0.999965996275542,0.981940402304509,0.998264381953468
0.997919716544297,0.999857542069433,0.964799968312746,0.996465216408202
0.997000566667083,0.999670713912855,0.948347699357315,0.994645397543549
0.996112331177509,0.999403381704391,0.932509612282397,0.992814435769262
0.995246755754963,0.999054087972457,0.917236645540759,0.9909769176526
0.994399090436889,0.998621760521897,0.902490375034547,0.989135571616627
0.993566250525412,0.998105588488675,0.888238452935792,0.987292212332295
0.992746073399481,0.997504956837223,0.874452603027469,0.985448134571129
0.991936960061838,0.99681940733602,0.861107559138705,0.983604307981637
0.991137680940075,0.996048613335643,0.848180427042085,0.981761484856326
0.990347261558878,0.995192362454997,0.83565026375131,0.979920264746666
0.98956491087822,0.994250544118577,0.823497780102507,0.978081135628729
0.988789974112501,0.993223140226368,0.811705118905726,0.976244501407676
0.988021900411984,0.992110217928811,0.800255682428993,0.974410701013822
0.987260219989712,0.990911923861328,0.789133993804793,0.97258002208722
0.986504527483435,0.98962847941637,0.778325582797662,0.970752711048382
0.985754469567021,0.988260176767726,0.767816889717043,0.968928980679162
0.985009735538424,0.986807375448932,0.757595183268138,0.967109015941857
0.984270050042468,0.985270499344819,0.74764848939113,0.965292978522607
0.983535167356758,0.983650033993986,0.737965528955871,0.963481010432213
0.98280486684318,0.981946524126845,0.728535662727177,0.961673236898013
0.98207894928275,0.980160571382897,0.719348842394369,0.959869768714042
0.981357233889714,0.978292832164678,0.710395566727107,0.958070704171355
0.980639555854782,0.976344015595929,0.701666842114409,0.956276130658797
0.979925764305487,0.9743148815591,0.693154146888279,0.954486126002094
0.979215720598904,0.972206238793031,0.684849398942696,0.95270075959296
0.978509296881803,0.970018943036041,0.676744926242854,0.950920093348096
0.977806374867932,0.967753895203095,0.668833439885412,0.949144182529153
0.977106844793064,0.965412039588348,0.661108009422743,0.947373076448142
0.976410604516689,0.962994362086536,0.653562040206257,0.945606819077752
0.975717558745543,0.960501888428332,0.646189252538054,0.94384544958219
0.975027618359019,0.957935682426166,0.638983662448396,0.942089002781145
0.974340699820323,0.955296844228078,0.631939563939836,0.940337509557177
0.973656724660173,0.9525865085781,0.625051512558552,0.938590997214936
0.972975619022238,0.949805843082326,0.618314310169971,0.93684948979918
0.972297313261353,0.946956046480482,0.611722990829964,0.935113008377384
0.971621741587087,0.944038346923222,0.605272807654976,0.93338157129174
0.970948841746448,0.941054000255808,0.598959220604926,0.931655194384631
0.970278554740493,0.938004288309114,0.592777885101794,0.929933891200987
0.969610824570455,0.934890517199168,0.586724641414673,0.928217673170432
0.968945598009632,0.931714015636602,0.580795504749039,0.926506549771691
0.968282824397852,0.928476133247577,0.57498665598402,0.924800528681384
0.96762245545581,0.925178238907833,0.569294433006855,0.923099615909018
0.966964445116911,0.921821719091578,0.563715322598462,0.921403815919742
0.96630874937462,0.918407976237038,0.558245952828277,0.919713131746246
0.965655326143568,0.914938427130442,0.55288308592027,0.91802756509095
0.965004135132899,0.911414501310284,0.547623611555435,0.916347116419541
0.964355137730545,0.907837639493642,0.542464540579039,0.914671785046745
0.963708296897265,0.904209292026355,0.537402999083625,0.913001569215123
0.963063577069448,0.900530917358756,0.532436222841231,0.911336466167588
0.962420944069796,0.896803980548666,0.527561552060434,0.909676472214253
0.961780365025094,0.893029951793232,0.522776426445855,0.908021582794152
0.961141808290382,0.889210304991177,0.518078380539536,0.906371792532316
0.960505243378928,0.885346516336888,0.513465039325247,0.904727095292634
0.959870640897436,0.88144006294773,0.508934114078234,0.903087484226862
0.959237972486035,0.877492421525864,0.504483398444306,0.90145295182015
0.958607210762593,0.873505067055741,0.500110764733354,0.899823489933357
0.957978329270984,0.869479471538365,0.495814160413523,0.898199089842459
0.957351302432969,0.865417102763303,0.491591604793298,0.896579742275263
0.956726105503365,0.861319423119326,0.48744118587968,0.894965437445677
0.956102714528239,0.857187888444451,0.483361057401491,0.893356165085718
0.955481106305872,0.853023946916069,0.479349435987654,0.891751914475438
0.954861258350263,0.848829037981725,0.475404598490972,0.890152674470937
0.954243148856976,0.84460459133101,0.471524879448648,0.888558433530614
0.95362675667114,0.840352025908954,0.467708668671353,0.886969179739772
0.953012061257443,0.836072748971178,0.463954408953238,0.885384900833726
0.952399042671946,0.831768155180974,0.460260593895791,0.883805584219498
0.951787681535615,0.827439625748414,0.456625765838923,0.882231216996224
0.951177959009404,0.823088527611461,0.453048513893115,0.880661785974344
0.950569856770809,0.818716212658988,0.449527472066844,0.879097277693683
0.949963356991767,0.814324016995536,0.446061317483922,0.877537678440479
0.949358442317806,0.809913260247536,0.442648768685684,0.875982974263441
0.94875509584837,0.805485244910664,0.439288584013325,0.874433150988908
0.948153301118226,0.801041255737919,0.435979560065967,0.872888194235149
0.947553042079883,0.796582559167942,0.432720530230317,0.871348089425886
0.946954303086955,0.792110402793034,0.42951036327804,0.869812821803068
0.94635706887841,0.787626014866274,0.426347962027205,0.868282376438956
0.945761324563635,0.783130603847066,0.423232262064403,0.866756738247563
0.945167055608278,0.77862535798441,0.420162230524314,0.865235891995483
0.94457424782081,0.774111444937139,0.417136864923723,0.863719822312148
0.943982887339758,0.769590011430309,0.41415519204715,0.862208513699551
0.943392960621581,0.765062182946905,0.411216266881429,0.860701950541472
0.942804454429129,0.760529063453987,0.408319171596741,0.859200117112217
0.942217355820672,0.755991735162346,0.405463014571717,0.857702997584925
0.941631652139448,0.751451258318758,0.40264692946042,0.856210576039445
0.941047331003706,0.746908671029852,0.399870074299091,0.854722836469823
0.940464380297213,0.742364989116609,0.397131630650686,0.853239762791416
0.939882788160203,0.737821205998504,0.39443080278535,0.851761338847649
0.939302542980736,0.733278292606261,0.391766816895064,0.850287548416445
0.938723633386445,0.728737197322203,0.389138920340807,0.848818375216335
0.938146048236656,0.724198845947166,0.386546380930665,0.847353802912279
0.937569776614853,0.719664141692929,0.383988486227404,0.845893815121195
0.936994807821469,0.715133965199134,0.381464542884114,0.844438395417232
0.936421131366993,0.710609174573646,0.378973876006586,0.842987527336783
0.935848736965365,0.706090605455326,0.376515828541186,0.841541194383266
0.935277614527655,0.701579071098186,0.374089760687027,0.840099380031673
0.934707754156003,0.697075362475903,0.371695049331315,0.838662067732903
0.934139146137811,0.692580248405679,0.369331087506821,0.837229240917902
0.93357178094017,0.68809447569046,0.366997283870452,0.835800883001594
0.933005649204514,0.68361876927851,0.364693062201974,0.834376977386638
0.932440741741489,0.679153832439383,0.362417860921985,0.83295750746701
0.931877049526021,0.674700346955342,0.360171132628266,0.831542456631413
0.931314563692585,0.670258973327276,0.357952343649707,0.830131808266535
0.930753275530649,0.665830350994214,0.355760973617024,0.828725545760148
0.930193176480301,0.66141509856553,0.353596515049537,0.827323652504079
0.929634258128035,0.657013814064972,0.351458472957305,0.825926111897027
0.929076512202705,0.652627075185658,0.349346364457959,0.824532907347259
0.92851993057162,0.648255439555212,0.347259718407595,0.823144022275183
0.92796450523679,0.64389944501024,0.345198075045134,0.821759440115802
0.92741022833131,0.639559609879349,0.343160985649576,0.820379144321048
0.92685709211587,0.63523643327397,0.341148012209589,0.81900311836202
0.926305088975395,0.630930395386244,0.33915872710495,0.817631345731113
0.925754211415805,0.62664195779326,0.3371927127993,0.816263809944045
0.925204452060885,0.622371563766968,0.335249561543788,0.814900494541802
0.924655803649269,0.618119638589114,0.333328875091123,0.813541383092479
0.924108259031525,0.613886589870549,0.331430264419624,0.812186459193051
0.923561811167345,0.609672807874327,0.329553349466861,0.810835706471046
0.923016453122826,0.60547866584199,0.327697758872494,0.809489108586155
0.922472178067843,0.601304520322496,0.325863129729944,0.808146649231756
0.921928979273514,0.597150711503251,0.324049107346541,0.806808312136372
0.921386850109747,0.593017563542737,0.322255345011816,0.80547408106506
0.920845784042862,0.588905384904255,0.32048150377361,0.804143939820733
0.920305774633303,0.584814468690318,0.318727252221702,0.80281787224542
0.919766815533413,0.580745092977254,0.316992266278644,0.801495862221465
0.919228900485283,0.576697521149613,0.315276228997554,0.80017789367267
0.918692023318673,0.57267200223397,0.313578830366562,0.798863950565385
0.918156177948997,0.568668771231771,0.311899767119688,0.797554016909535
0.917621358375367,0.564688049450847,0.310238742553876,0.796248076759611
0.917087558678703,0.560730044835297,0.308595466351978,0.7949461142156
0.916554773019899,0.556794952293392,0.306969654411441,0.793648113423875
0.916022995638046,0.552882954023257,0.305361028678496,0.79235405857804
0.915492220848707,0.548994219836002,0.30376931698764,0.791063933919726
0.914962443042244,0.545128907476106,0.302194252906215,0.789777723739356
0.914433656682197,0.541287162938774,0.300635575583891,0.788495412376861
0.91390585630371,0.537469120784076,0.299093029606881,0.787216984222365
0.913379036512004,0.533674904447647,0.297566364856713,0.785942423716827
0.912853191980891,0.529904626547782,0.296055336373383,0.784671715352656
0.912328317451334,0.526158389188729,0.294559704222749,0.783404843674284
0.911804407730049,0.522436284260052,0.293079233367994,0.782141793278715
0.911281457688146,0.518738393731894,0.291613693545034,0.780882548816035
0.910759462259807,0.515064789946041,0.290162859141706,0.7796270949899
0.910238416441003,0.511415535902637,0.288726509080619,0.778375416557987
0.909718315288244,0.507790685542483,0.287304426705542,0.777127498332428
0.909199153917369,0.504190284024795,0.285896399671187,0.775883325180206
0.908680927502364,0.500614368000371,0.284502219836284,0.774642882023537
0.908163631274211,0.497062965880065,0.283121683159832,0.773406153840216
0.907647260519777,0.493536098098545,0.281754589600408,0.772173125663952
0.907131810580724,0.49003377737325,0.280400743018438,0.770943782584668
0.90661727685245,0.486556008958538,0.279059951081323,0.769718109748791
0.906103654783061,0.483102790894961,0.27773202517133,0.768496092359511
0.905590939872369,0.479674114253676,0.276416780296141,0.767277715677029
0.905079127670912,0.476269963375949,0.27511403500199,0.766062965018776
0.904568213779007,0.472890316107765,0.273823611289278,0.764851825759624
0.90405819384582,0.469535144029521,0.272545334530607,0.763644283332073
0.903549063568465,0.466204412680833,0.271279033391135,0.762440323226416
0.903040818691124,0.462898081780443,0.270024539751183,0.761239930990904
0.902533455004188,0.459616105441262,0.268781688631018,0.760043092231876
0.902026968343422,0.456358432380563,0.267550318117744,0.758849792613885
0.901521354589149,0.453125006125346,0.266330269294231,0.757660017859807
0.901016609665456,0.449915765212922,0.265121386170004,0.756473753750936
0.900512729539415,0.446730643386738,0.263923515614059,0.755290986127066
0.900009710220331,0.443569569787491,0.262736507289503,0.754111700886556
0.899507547759001,0.44043246913957,0.261560213589999,0.752935883986386
0.899006238246992,0.437319261932887,0.260394489577932,0.751763521442204
0.898505777815943,0.434229864600115,0.259239192924252,0.750594599328354
0.898006162636873,0.431164189689435,0.258094183849941,0.749429103777899
0.897507388919514,0.428122146032799,0.256959325069049,0.748267020982629
0.897009452911654,0.425103638909802,0.255834481733259,0.747108337193062
0.896512350898502,0.422108570207207,0.254719521377918,0.745953038718433
0.89601607920206,0.419136838574188,0.253614313869504,0.744801111926675
0.895520634180512,0.416188339573358,0.25251873135448,0.743652543244389
0.895026012227634,0.413262965827646,0.251432648209484,0.742507319156807
0.894532209772206,0.410360607163086,0.250355940992825,0.741365426207745
0.894039223277446,0.407481150747597,0.249288488397247,0.74022685099955
0.89354704924045,0.404624481225808,0.248230171203904,0.739091580193034
0.893055684191654,0.401790480850007,0.247180872237537,0.737959600507409
0.892565124694296,0.398979029607288,0.246140476322791,0.736830898720208
0.892075367343901,0.396190005342952,0.245108870241655,0.7357054616672
0.891586408767769,0.393423283880253,0.244085942691986,0.734583276242299
0.89109824562448,0.390678739136543,0.243071584247083,0.733464329397472
0.890610874603406,0.387956243235901,0.242065687316281,0.732348608142628
0.890124292424235,0.385255666618303,0.24106814610654,0.731236099545515
0.889638495836504,0.382576878145425,0.240078856584993,0.730126790731604
0.889153481619146,0.379919745203131,0.239097716442425,0.729020668883964
0.888669246580043,0.377284133800729,0.238124625057665,0.727917721243147
0.888185787555584,0.374669908667061,0.237159483462855,0.726817935107045
0.887703101410247,0.372076933343496,0.236202194309572,0.725721297830766
0.88722118503617,0.369505070273908,0.235252661835788,0.724627796826487
0.88674003535275,0.366954180891688,0.234310791833627,0.723537419563312
0.886259649306232,0.364424125703876,0.233376491617916,0.722450153567125
0.885780023869326,0.361914764372479,0.232449669995488,0.721365986420435
0.885301156040813,0.35942595579303,0.231530237235237,0.720284905762223
0.884823042845173,0.356957558170474,0.230618105038882,0.719206899287778
0.884345681332211,0.354509429092426,0.229713186512437,0.718131954748537
0.883869068576697,0.352081425599887,0.228815396138357,0.717060059951917
0.883393201678012,0.349673404255465,0.227924649748347,0.715991202761143
0.882918077759797,0.347285221209177,0.227040864496818,0.714925371095078
0.882443693969613,0.344916732261883,0.226163958834959,0.713862552928044
0.881970047478606,0.342567792926423,0.225293852485426,0.712802736289646
0.881497135481179,0.340238258486517,0.224430466417618,0.711745909264586
0.881024955194671,0.337927984053477,0.223573722823526,0.710692059992483
0.880553503859041,0.335636824620801,0.222723545094151,0.709641176667686
0.880082778736558,0.333364635116705,0.221879857796457,0.708593247539081
0.879612777111501,0.331111270454643,0.221042586650859,0.707548260909905
0.879143496289853,0.328876585581874,0.220211658509224,0.70650620513755
0.878674933599019,0.326660435526135,0.219387001333379,0.705467068633368
0.878207086387533,0.324462675440464,0.218568544174103,0.704430839862475
0.87773995202478,0.322283160646238,0.217756217150597,0.703397507343549
0.877273527900716,0.320121746674455,0.216949951430419,0.702367059648637
0.876807811425602,0.317978289305342,0.216149679209862,0.701339485402941
0.876342800029735,0.31585264460631,0.215355333694786,0.700314773284627
0.875878491163188,0.313744668968321,0.214566849081863,0.699292912024611
0.875414882295554,0.311654219140702,0.213784160540248,0.698273890406357
0.874951970915694,0.309581152264458,0.213007204193654,0.697257697265667
0.87448975453149,0.307525325904142,0.212235917102819,0.696244321490475
0.874028230669602,0.305486598078295,0.211470237248362,0.695233752020634
0.873567396875232,0.303464827288528,0.210710103514018,0.694225977847709
0.873107250711887,0.301459872547275,0.209955455670228,0.693220988014759
0.872647789761152,0.299471593404259,0.209206234358097,0.692218771616131
0.87218901162246,0.297499849971715,0.208462381073693,0.691219317797245
0.871730913912876,0.295544502948396,0.207723838152687,0.690222615754373
0.871273494266875,0.293605413642425,0.206990548755327,0.689228654734434
0.870816750336127,0.291682443993007,0.206262456851722,0.688237424034772
0.870360679789292,0.289775456591042,0.205539507207458,0.687248913002942
0.869905280311806,0.287884314698686,0.204821645369504,0.686263111036493
0.869450549605683,0.286008882267881,0.204108817652425,0.685280007582749
0.868996485389314,0.284149023957897,0.203400971124887,0.684299592138596
0.868543085397269,0.282304605151905,0.20269805359644,0.68332185425026
0.868090347380105,0.280475491972637,0.202000013604586,0.682346783513089
0.867638269104176,0.278661551297135,0.20130680040211,0.681374369571336
0.867186848351448,0.276862650770642,0.20061836394468,0.680404602117941
0.86673608291931,0.275078658819654,0.199934654878701,0.679437470894309
0.866285970620402,0.27330944466416,0.199255624529425,0.678472965690095
0.865836509282429,0.271554878329104,0.198581224889299,0.677511076342981
0.865387696747991,0.269814830655095,0.197911408606561,0.676551792738458
0.864939530874411,0.268089173308381,0.197246128974059,0.675595104809611
0.864492009533565,0.266377778790132,0.196585339918312,0.674641002536891
0.864045130611715,0.264680520445038,0.195928995988775,0.673689475947905
0.863598892009348,0.262997272469254,0.195277052347342,0.672740515117191
0.863153291641012,0.261327909917719,0.194629464758046,0.671794110166002
0.86270832743516,0.259672308710862,0.193986189576968,0.670850251262086
0.862263997333992,0.258030345640734,0.193347183742361,0.669908928619468
0.861820299293305,0.256401898376558,0.192712404764952,0.668970132498231
0.861377231282337,0.254786845469758,0.192081810718454,0.668033853204298
0.860934791283625,0.253185066358446,0.191455360230257,0.667100081089215
0.86049297729285,0.251596441371421,0.190833012472307,0.666168806549933
0.860051787318703,0.250020851731672,0.190214727152162,0.66524002002859
0.859611219382735,0.248458179559428,0.189600464504229,0.664313712012295
0.859171271519221,0.246908307874745,0.188990185281167,0.663389873032912
0.858731941775022,0.245371120599681,0.188383850745461,0.662468493666841
0.858293228209452,0.243846502560039,0.187781422661159,0.661549564534807
0.857855128894141,0.24233433948673,0.187182863285772,0.660633076301639
0.857417641912903,0.240834518016743,0.186588135362325,0.659719019676063
0.856980765361613,0.239346925693753,0.185997202111569,0.658807385410477
0.856544497348074,0.237871450968378,0.185410027224335,0.657898164300748
0.856108835991891,0.236407983198102,0.184826574854039,0.656991347185992
0.855673779424353,0.23495641264687,0.184246809609329,0.656086924948361
0.855239325788306,0.233516630484379,0.183670696546872,0.655184888512837
0.854805473238036,0.232088528785068,0.183098201164279,0.654285228847012
0.854372219939148,0.230672000526831,0.182529289393161,0.653387936960883
0.853939564068454,0.229266939589447,0.181963927592318,0.652493003906638
0.853507503813853,0.22787324075277,0.181402082541055,0.65160042077845
0.853076037374221,0.226490799694651,0.180843721432627,0.650710178712262
0.852645162959302,0.225119512988634,0.180288811867798,0.649822268885584
0.852214878789591,0.223759278101426,0.17973732184853,0.64893668251728
0.851785183096233,0.222409993390146,0.179189219771782,0.648053410867366
0.851356074120913,0.221071558099375,0.178644474423424,0.647172445236799
0.850927550115748,0.219743872358003,0.17810305497227,0.646293776967272
0.850499609343191,0.218426837175898,0.177564930964212,0.645417397441009
0.850072250075922,0.217120354440385,0.17703007231647,0.644543298080562
0.849645470596748,0.215824326912574,0.176498449311935,0.643671470348605
0.849219269198507,0.214538658223508,0.17597003259363,0.642801905747732
0.848793644183967,0.213263252870174,0.175444793159263,0.641934595820251
0.848368593865731,0.211998016211365,0.174922702355875,0.64106953214799
0.847944116566142,0.2107428544634,0.174403731874595,0.640206706352088
0.847520210617184,0.209497674695724,0.173887853745484,0.6393461100928
0.847096874360399,0.208262384826379,0.173375040332466,0.638487735069294
0.846674106146785,0.207036893617365,0.172865264328361,0.637631573019456
0.846251904336713,0.205821110669884,0.172358498749998,0.636777615719689
0.845830267299837,0.204614946419493,0.171854716933418,0.635925854984717
0.845409193415002,0.203418312131153,0.171353892529164,0.635076282667389
0.844988681070162,0.20223111989419,0.170855999497646,0.634228890658483
0.844568728662295,0.201053282617169,0.170361012104602,0.633383670886512
0.844149334597312,0.199884714022694,0.169868904916624,0.632540615317529
0.843730497289983,0.198725328642133,0.169379652796772,0.631699715954933
0.843312215163848,0.19757504181027,0.168893230900261,0.630860964839282
0.842894486651141,0.196433769659898,0.168409614670223,0.630024354048092
0.842477310192704,0.195301429116351,0.167928779833544,0.629189875695657
0.842060684237914,0.194177937891985,0.167450702396774,0.628357521932851
0.841644607244603,0.193063214480601,0.166975358642101,0.627527284946941
0.841229077678982,0.191957178151836,0.166502725123405,0.626699156961404
0.840814094015562,0.190859748945493,0.166032778662371,0.625873130235731
0.840399654737082,0.189770847665857,0.165565496344673,0.625049197065246
0.839985758334436,0.188690395875953,0.165100855516221,0.624227349780921
0.839572403306598,0.187618315891793,0.164638833779473,0.623407580749186
0.839159588160549,0.186554530776583,0.16417940898981,0.62258988237175
0.83874731141121,0.185498964334917,0.163722559251971,0.621774247085417
0.838335571581369,0.184451541106938,0.163268262916547,0.620960667361899
0.837924367201609,0.183412186362499,0.162816498576541,0.620149135707643
0.837513696810247,0.182380826095289,0.162367245063975,0.619339644663641
0.837103558953259,0.181357387016966,0.161920481446563,0.618532186805257
0.836693952184216,0.180341796551272,0.161476187024435,0.617726754742045
0.836284875064222,0.179333982828141,0.161034341326914,0.616923341117573
0.83587632616184,0.178333874677807,0.160594924109355,0.61612193860924
0.835468304053038,0.177341401624912,0.160157915350022,0.61532253992811
0.835060807321117,0.176356493882608,0.159723295247034,0.614525137818726
0.834653834556653,0.175379082346673,0.159291044215343,0.613729725058941
0.834247384357435,0.174409098589617,0.158861142883778,0.612936294459742
0.833841455328401,0.173446474854814,0.158433572092126,0.612144838865079
0.833436046081579,0.172491144050629,0.158008312888266,0.61135535115169
0.833031155236028,0.171543039744559,0.157585346525348,0.610567824228933
0.83262678141778,0.170602096157392,0.157164654459018,0.609782251038612
0.832222923259778,0.169668248157375,0.15674621834469,0.60899862455481
0.831819579401821,0.168741431254402,0.156330020034859,0.60821693778372
0.831416748490507,0.167821581594216,0.155916041576455,0.607437183763474
0.831014429179177,0.166908635952629,0.15550426520825,0.606659355563982
0.830612620127857,0.166002531729774,0.155094673358293,0.60588344628676
0.830211320003207,0.165103206944358,0.154687248641397,0.605109449064766
0.829810527478464,0.164210600227959,0.154281973856658,0.604337357062238
0.829410241233387,0.163324650819334,0.153878831985021,0.603567163474526
0.829010459954209,0.162445298558756,0.153477806186874,0.602798861527934
0.828611182333579,0.161572483882379,0.153078879799694,0.602032444479554
0.828212407070515,0.160706147816626,0.152682036335719,0.601267905617106
0.82781413287035,0.159846231972612,0.15228725947966,0.600505238258781
0.82741635844468,0.158992678540588,0.151894533086447,0.599744435753073
0.827019082511319,0.158145430284424,0.15150384117902,0.59898549147863
0.826622303794243,0.157304430536114,0.151115167946137,0.59822839884409
0.826226021023549,0.156469623190316,0.150728497740234,0.597473151287926
0.825830232935398,0.15564095269893,0.150343815075306,0.596719742278289
0.825434938271974,0.1548183640657,0.149961104624826,0.595968165312853
0.825040135781433,0.154001802840852,0.149580351219694,0.595218413918661
0.82464582421786,0.153191215115772,0.14920153984622,0.59447048165197
0.824252002341216,0.152386547517711,0.148824655644138,0.593724362098099
0.823858668917301,0.151587747204531,0.148449683904645,0.592980048871276
0.823465822717702,0.150794761859481,0.148076610068477,0.592237535614487
0.82307346251975,0.150007539686014,0.147705419724012,0.591496815999326
0.82268158710648,0.149226029402642,0.147336098605398,0.590757883725845
0.822290195266582,0.148450180237818,0.146968632590716,0.590020732522403
0.821899285794358,0.147679941924867,0.146603007700165,0.589285356145521
0.821508857489683,0.146915264696949,0.146239210094278,0.588551748379735
0.821118909157962,0.146156099282059,0.145877226072163,0.587819903037444
0.820729439610084,0.145402396898068,0.145517042069771,0.58708981395877
0.820340447662384,0.144654109247798,0.145158644658191,0.586361475011413
0.819951932136604,0.143911188514143,0.144802020541967,0.5856348800905
0.819563891859848,0.14317358735522,0.144447156557445,0.58491002311845
0.819176325664545,0.142441258899564,0.144094039671142,0.584186898044827
0.818789232388408,0.141714156741362,0.143742656978136,0.583465498846199
0.818402610874395,0.140992234935725,0.143392995700488,0.582745819525995
0.818016459970671,0.140275447993998,0.143045043185677,0.582027854114368
0.81763077853057,0.139563750879111,0.142698786905066,0.581311596668053
0.817245565412556,0.138857099000972,0.142354214452391,0.580597041270231
0.816860819480184,0.138155448211891,0.142011313542263,0.579884182030387
0.816476539602066,0.137458754802053,0.141670072008701,0.579173013084174
0.816092724651832,0.136766975495024,0.141330477803683,0.578463528593281
0.815709373508095,0.136080067443301,0.140992518995718,0.577755722745288
0.815326485054415,0.135397988223896,0.14065618376844,0.577049589753541
0.81494405817926,0.134720695833964,0.140321460419221,0.576345123857011
0.814562091775976,0.13404814868647,0.139988337357801,0.575642319320163
0.81418058474275,0.13338030560589,0.139656803104947,0.574941170432823
0.813799535982571,0.132717125823961,0.139326846291122,0.574241671510046
0.813418944403205,0.132058568975456,0.138998455655175,0.573543816891982
0.813038808917151,0.131404595094014,0.138671620043053,0.572847600943751
0.812659128441616,0.130755164607995,0.138346328406533,0.572153018055307
0.812279901898478,0.130110238336386,0.13802256980196,0.571460062641315
0.81190112821425,0.12946977748473,0.137700333389019,0.570768729141016
0.811522806320055,0.128833743641111,0.137379608429514,0.570079012018103
0.811144935151587,0.128202098772165,0.137060384286168,0.569390905760596
0.810767513649084,0.127574805219133,0.136742650421435,0.56870440488071
0.810390540757293,0.126951825693954,0.136426396396341,0.568019503914735
0.81001401542544,0.126333123275391,0.136111611869323,0.567336197422906
0.8096379366072,0.125718661405199,0.135798286595102,0.566654479989284
0.809262303260666,0.12510840388433,0.13548641042356,0.56597434622163
0.808887114348317,0.124502314869169,0.135175973298638,0.565295790751279
0.808512368836991,0.12390035886782,0.134866965257248,0.564618808233023
0.808138065697852,0.123302500736412,0.134559376428197,0.563943393344989
0.807764203906363,0.122708705675457,0.134253197031133,0.563269540788513
0.807390782442256,0.122118939226234,0.133948417375499,0.562597245288027
0.807017800289504,0.121533167267216,0.133645027859506,0.561926501590935
0.80664525643629,0.120951356010526,0.133343018969113,0.561257304467495
0.806273149874981,0.120373471998434,0.133042381277031,0.560589648710701
0.805901479602102,0.119799482099891,0.132743105441733,0.559923529136168
0.805530244618301,0.119229353507089,0.132445182206481,0.55925894058201
0.805159443928329,0.118663053732069,0.132148602398365,0.55859587790873
0.804789076541011,0.118100550603351,0.131853356927353,0.5579343359991
0.804419141469214,0.117541812262608,0.13155943678536,0.557274309758049
0.804049637729828,0.116986807161367,0.131266833045322,0.556615794112546
0.803680564343734,0.116435504057753,0.130975536860289,0.55595878401149
0.80331192033578,0.115887872013256,0.130685539462528,0.555303274425594
0.802943704734755,0.115343880389537,0.130396832162632,0.554649260347274
0.802575916573361,0.114803498845272,0.130109406348653,0.553996736790539
0.802208554888193,0.114266697333016,0.129823253485236,0.553345698790877
0.801841618719706,0.113733446096115,0.129538365112771,0.552696141405146
0.801475107112198,0.113203715665638,0.12925473284655,0.552048059711466
0.801109019113779,0.112677476857346,0.128972348375943,0.551401448809107
0.80074335377635,0.112154700768697,0.128691203463581,0.550756303818383
0.800378110155578,0.111635358775874,0.128411289944544,0.550112619880541
0.800013287310869,0.111119422530849,0.128132599725573,0.549470392157658
0.799648884305349,0.110606863958483,0.127855124784279,0.548829615832532
0.799284900205838,0.110097655253645,0.127578857168372,0.548190286108574
0.798921334082825,0.109591768878372,0.127303788994894,0.547552398209706
0.798558185010448,0.109089177559054,0.127029912449465,0.546915947380256
0.798195452066467,0.108589854283653,0.126757219785537,0.546280928884849
0.797833134332247,0.108093772298945,0.126485703323662,0.545647338008311
0.797471230892729,0.107600905107798,0.126215355450762,0.545015170055559
0.797109740836412,0.107111226466478,0.125946168619418,0.544384420351503
0.796748663255328,0.10662471038198,0.125678135347157,0.543755084240941
0.796387997245022,0.106141331109392,0.12541124821576,0.543127157088459
0.79602774190453,0.105661063149285,0.125145499870567,0.542500634278332
0.795667896336355,0.105183881245132,0.124880883019804,0.541875511214421
0.795308459646452,0.104709760380757,0.124617390433906,0.541251783320073
0.794949430944197,0.104238675777803,0.124355014944856,0.540629446038027
0.794590809342375,0.103770602893242,0.124093749445534,0.540008494830309
0.794232593957153,0.103305517416896,0.123833586889066,0.539388925178138
0.793874783908062,0.102843395268998,0.123574520288187,0.538770732581827
0.793517378317979,0.10238421259777,0.123316542714617,0.538153912560689
0.7931603763131,0.101927945777033,0.123059647298433,0.537538460652935
0.792803777022927,0.101474571403841,0.122803827227457,0.536924372415584
0.792447579580242,0.101024066296144,0.122549075746651,0.536311643424367
0.792091783121094,0.100576407490465,0.122295386157519,0.535700269273628
0.791736386784771,0.10013157223962,0.122042751817513,0.535090245576234
0.791381389713788,0.0996895380104491,0.121791166139455,0.534481567963481
0.791026791053863,0.0992502824815768,0.121540622590955,0.533874232084999
0.790672589953902,0.0988137835411982,0.121291114693844,0.533268233608663
0.790318785565974,0.0983800192848875,0.121042636023613,0.532663568220495
0.7899653770453,0.0979489680134305,0.120795180208859,0.532060231624579
0.789612363550226,0.0975206082306829,0.120548740930732,0.531458219542967
0.789259744242214,0.0970949186414491,0.1203033119224,0.530857527715588
0.788907518285813,0.0966718781493869,0.12005888696851,0.530258151900159
0.78855568484865,0.0962514658549328,0.119815459904662,0.529660087872097
0.788204243101406,0.0958336610532522,0.119573024616886,0.529063331424426
0.787853192217803,0.0954184432322115,0.119331575041129,0.528467878367693
0.787502531374583,0.0950057920703713,0.119091105162742,0.527873724529879
0.787152259751488,0.0945956874350027,0.118851609015982,0.527280865756308
0.78680237653125,0.0941881093801264,0.118613080683515,0.526689297909565
0.786452880899567,0.0937830381445706,0.118375514295921,0.526099016869407
0.786103772045091,0.0933804541500534,0.118138904031215,0.525510018532678
0.785755049159404,0.0929803379992836,0.117903244114365,0.524922298813223
0.785406711437011,0.0925826704740848,0.11766852881682,0.524335853641803
0.785058758075312,0.0921874325335381,0.117434752456043,0.52375067896601
0.784711188274597,0.0917946053121467,0.11720190939505,0.523166770750185
0.78436400123802,0.0914041701180202,0.116969994041954,0.522584124975331
0.784017196171587,0.0910161084310789,0.116739000849512,0.522002737639036
0.783670772284142,0.0906304019012773,0.116508924314684,0.521422604755382
0.783324728787346,0.0902470323468492,0.11627975897819,0.52084372235487
0.782979064895663,0.0898659817525693,0.116051499424076,0.520266086484334
0.782633779826346,0.0894872322680364,0.115824140279286,0.519689693206864
0.78228887279942,0.0891107662059744,0.115597676213237,0.519114538601721
0.781944343037666,0.0887365660405519,0.1153721019374,0.518540618764259
0.781600189766606,0.0883646144057214,0.115147412204884,0.517967929805844
0.781256412214489,0.087994894093575,0.114923601810028,0.517396467853775
0.780913009612273,0.0876273880527203,0.114700665587999,0.516826229051208
0.780569981193612,0.087262079386673,0.114478598414386,0.516257209557071
0.780227326194843,0.0868989513522675,0.114257395204812,0.515689405545992
0.779885043854965,0.0865379873580847,0.114037050914536,0.51512281320822
0.779543133415632,0.0861791709628979,0.113817560538075,0.514557428749544
0.779201594121132,0.0858224858741355,0.113598919108816,0.513993248391223
0.778860425218376,0.0854679159463602,0.113381121698643,0.513430268369903
0.778519625956884,0.0851154451797654,0.113164163417562,0.512868484937545
0.778179195588769,0.0847650577186883,0.112948039413335,0.51230789436135
0.777839133368722,0.0844167378501391,0.112732744871114,0.51174849292368
0.777499438554002,0.084070470002347,0.112518275013081,0.511190276921989
0.777160110404419,0.0837262387433208,0.112304625098096,0.510633242668742
0.77682114818232,0.0833840287794276,0.112091790421339,0.51007738649135
0.776482551152576,0.0830438249539848,0.111879766313971,0.509522704732089
0.77614431858257,0.0827056122458688,0.111668548142781,0.508969193748027
0.775806449742181,0.0823693757681398,0.111458131309853,0.50841684991096
0.775468943903773,0.0820351007666801,0.11124851125223,0.50786566960733
0.775131800342179,0.0817027726188484,0.111039683441577,0.507315649238159
0.774795018334691,0.0813723768321483,0.11083164338386,0.506766785218976
0.774458597161043,0.0810438990429122,0.110624386619015,0.506219073979746
0.774122536103402,0.0807173250149994,0.110417908720631,0.505672511964798
0.773786834446353,0.0803926406385077,0.110212205295633,0.505127095632759
0.773451491476888,0.080069831928501,0.110007271983967,0.504582821456482
0.77311650648439,0.079748885023748,0.109803104458291,0.504039685922974
0.772781878760622,0.0794297861854786,0.109599698423667,0.50349768553333
0.772447607599718,0.0791125217961498,0.109397049617261,0.502956816802666
0.772113692298165,0.0787970783582285,0.109195153808039,0.502417076260047
0.771780132154794,0.078483442492986,0.108994006796476,0.501878460448421
0.771446926470766,0.0781716009393055,0.108793604414258,0.501340965924551
0.771114074549563,0.0778615405525041,0.108593942523995,0.50080458925895
0.770781575696973,0.077553248303166,0.108395017018935,0.500269327035812
0.770449429221078,0.0772467112759899,0.108196823822678,0.499735175852946
0.770117634432244,0.0769419166686478,0.107999358888898,0.49920213232171
0.769786190643109,0.0766388517906576,0.107802618201067,0.498670193066948
0.76945509716857,0.0763375040622666,0.107606597772177,0.49813935472692
0.76912435332577,0.0760378610133481,0.107411293644472,0.497609613953242
0.768793958434093,0.0757399102823105,0.107216701889181,0.497080967410819
0.768463911815145,0.0754436396150171,0.107022818606248,0.49655341177778
0.768134212792746,0.0751490368637177,0.106829639924078,0.496026943745416
0.767804860692919,0.0748560899859938,0.106637161999268,0.495501560018118
0.76747585484388,0.0745647870437131,0.106445381016357,0.494977257313309
0.767147194576023,0.0742751162019957,0.106254293187573,0.494454032361386
0.766818879221912,0.0739870657281934,0.106063894752576,0.493931881905655
0.76649090811627,0.0737006239908775,0.105874181978216,0.493410802702272
0.766163280595966,0.0734157794588395,0.105685151158286,0.492890791520177
0.765835996000008,0.073132520700102,0.105496798613274,0.492371845141035
0.765509053669529,0.0728508363809405,0.105309120690132,0.491853960359177
0.765182452947776,0.0725707152649153,0.105122113762032,0.491337133981534
0.764856193180102,0.0722921462119148,0.104935774228129,0.490821362827582
0.764530273713956,0.072015118177208,0.104750098513337,0.49030664372928
0.764204693898867,0.0717396202105088,0.10456508306809,0.48979297353101
0.763879453086443,0.0714656414550493,0.10438072436812,0.489280349089517
0.763554550630349,0.0711931711466627,0.104197018914231,0.488768767273852
0.76322998588631,0.070922198612878,0.104013963232071,0.488258224965312
0.762905758212089,0.0706527132720226,0.103831553871922,0.487748719057382
0.762581866967484,0.0703847046323356,0.103649787408472,0.487240246455676
0.762258311514316,0.07011816229109,0.103468660440603,0.486732804077881
0.761935091216419,0.0698530759337253,0.103288169591181,0.486226388853699
0.761612205439631,0.0695894353329886,0.103108311506837,0.485720997724789
0.761289653551783,0.0693272303480852,0.102929082857768,0.48521662764471
0.760967434922691,0.0690664509238385,0.102750480337519,0.484713275578868
0.760645548924142,0.0688070870898591,0.10257250066279,0.484210938504456
0.760323994929892,0.0685491289597222,0.102395140573224,0.483709613410398
0.760002772315651,0.0682925667301543,0.102218396831213,0.483209297297297
0.759681880459072,0.0680373906802286,0.102042266221695,0.482709987177377
0.759361318739748,0.0677835911705694,0.101866745551964,0.482211680074429
0.759041086539197,0.0675311586425633,0.101691831651467,0.481714373023755
0.758721183240856,0.0672800836175817,0.101517521371623,0.481218063072117
0.758401608230071,0.0670303566962096,0.101343811585622,0.480722747277678
0.758082360894086,0.0667819685574821,0.101170699188244,0.480228422709955
0.757763440622037,0.0665349099581314,0.100998181095673,0.479735086449757
0.757444846804942,0.0662891717318404,0.100826254245306,0.479242735589139
0.75712657883569,0.0660447447885034,0.10065491559558,0.478751367231348
0.756808636109034,0.0658016201134965,0.100484162125782,0.478260978490766
0.756491018021583,0.0655597887669546,0.10031399083588,0.477771566492863
0.756173723971792,0.0653192418830569,0.100144398746338,0.477283128374142
0.755856753359954,0.065079970669319,0.0999753828979466,0.476795661282088
0.75554010558819,0.0648419664058933,0.0998069403516457,0.476309162375117
0.75522378006044,0.0646052204448763,0.0996390681883567,0.475823628822524
0.754907776182459,0.0643697242096242,0.0994717635088107,0.475339057804434
0.754592093361804,0.0641354691940747,0.0993050234333816,0.474855446511747
0.754276731007825,0.063902446962076,0.099138845101919,0.474372792146094
0.753961688531662,0.0636706491467241,0.0989732256735845,0.473891091919782
0.753646965346231,0.0634400674497057,0.0988081623266883,0.473410343055746
0.753332560866218,0.0632106936406486,0.098643652258528,0.4729305427875
0.753018474508073,0.0629825195564798,0.0984796926852297,0.472451688359086
0.752704705689997,0.0627555371007886,0.0983162808415891,0.471973777025027
0.752391253831938,0.0625297382431978,0.0981534139809156,0.471496806050277
0.752078118355582,0.0623051150187412,0.0979910893748775,0.471020772710173
0.751765298684345,0.0620816595272475,0.0978293043133486,0.470545674290388
0.751452794243363,0.0618593639327308,0.0976680561042566,0.47007150808688
0.751140604459486,0.0616382204627869,0.0975073420734323,0.469598271405847
0.750828728761272,0.0614182214079976,0.0973471595644622,0.469125961563679
0.750517166578977,0.0611993591213392,0.0971875059385398,0.46865457588691
0.750205917344546,0.0609816260175981,0.0970283785743207,0.468184111712174
0.749894980491607,0.0607650145727934,0.0968697748677779,0.467714566386152
0.749584355455465,0.0605495173236038,0.0967116922320593,0.467245937265533
0.74927404167309,0.0603351268668018,0.0965541280973457,0.466778221716964
0.748964038583116,0.0601218358586932,0.0963970799107111,0.466311417117004
0.748654345625826,0.0599096370145632,0.0962405451359837,0.465845520852079
0.748344962243151,0.0596985231081265,0.096084521253609,0.465380530318437
0.748035887878657,0.0594884869709858,0.0959290057605132,0.464916442922101
0.747727121977544,0.0592795214920932,0.0957739961699693,0.464453256078829
0.747418663986632,0.0590716196172196,0.095619490011463,0.463990967214062
0.74711051335436,0.0588647743484273,0.0954654848305612,0.463529573762885
0.746802669530774,0.0586589787435504,0.0953119781887809,0.463069073169983
0.746495131967522,0.0584542259156784,0.09515896766346,0.46260946288959
0.746187900117847,0.058250509032647,0.0950064508476289,0.462150740385457
0.745880973436578,0.058047821316533,0.0948544253498839,0.461692903130797
0.745574351380128,0.0578461560431547,0.0947028887942608,0.461235948608248
0.745268033406479,0.0576455065415779,0.094551838820111,0.460779874309831
0.744962018975184,0.0574458661936259,0.0944012730819779,0.460324677736902
0.744656307547352,0.0572472284333966,0.094251189249475,0.459870356400113
0.744350898585648,0.0570495867467817,0.0941015850071645,0.459416907819371
0.74404579155428,0.0568529346709933,0.0939524580544382,0.458964329523789
0.743740985918999,0.0566572657940949,0.0938038061053981,0.458512619051655
0.743436481147085,0.0564625737545357,0.0936556268887394,0.458061773950379
0.743132276707346,0.0562688522406915,0.0935079181476343,0.45761179177646
0.742828372070108,0.0560760949904093,0.0933606776396161,0.45716267009544
0.742524766707213,0.0558842957905572,0.0932139031364657,0.456714406481865
0.742221460092004,0.0556934484765781,0.0930675924240982,0.456266998519245
0.741918451699328,0.0555035469320488,0.0929217433024507,0.455820443800008
0.741615741005523,0.055314585088243,0.092776353585372,0.455374739925469
0.741313327488415,0.0551265569236988,0.0926314211005121,0.45492988450578
0.741011210627308,0.0549394564637915,0.0924869436892137,0.454485875159899
0.740709389902982,0.0547532777803094,0.0923429192064045,0.454042709515542
0.740407864797686,0.0545680149910343,0.0921993455204899,0.453600385209148
0.740106634795127,0.0543836622593277,0.0920562205132476,0.453158899885842
0.739805699380469,0.0542002137937187,0.0919135420797232,0.452718251199391
0.739505058040325,0.0540176638474983,0.0917713081281253,0.452278436812165
0.73920471026275,0.0538360067183164,0.0916295165797239,0.451839454395103
0.738904655537238,0.0536552367477838,0.0914881653687474,0.451401301627672
0.73860489335471,0.0534753483210773,0.091347252442283,0.450963976197827
0.738305423207513,0.0532963358665501,0.0912067757601751,0.450527475801976
0.738006244589415,0.0531181938553447,0.0910667332949279,0.450091798144938
0.737707356995592,0.0529409168010103,0.090927123031606,0.449656940939911
0.737408759922629,0.0527644992591247,0.0907879429677381,0.449222901908429
0.737110452868513,0.0525889358269189,0.0906491911132199,0.448789678780328
0.736812435332623,0.0524142211429062,0.0905108654902195,0.448357269293708
0.736514706815728,0.0522403498865148,0.0903729641330821,0.447925671194897
0.736217266819981,0.052067316777724,0.0902354850882373,0.447494882238411
0.735920114848911,0.0518951165767045,0.0900984264141049,0.447064900186921
0.735623250407419,0.0517237440834614,0.0899617861810045,0.446635722811218
0.735326673001772,0.0515531941374817,0.0898255624710634,0.446207347890169
0.735030382139598,0.051383461617385,0.0896897533781263,0.44577977321069
0.734734377329879,0.0512145414405774,0.089554357007667,0.445352996567708
0.734438658082944,0.0510464285629093,0.0894193714766984,0.444927015764119
0.734143223910469,0.0508791179783362,0.0892847949136852,0.444501828610763
0.733848074325465,0.0507126047185834,0.0891506254584574,0.44407743292638
0.733553208842277,0.0505468838528135,0.0890168612621236,0.443653826537579
0.733258626976575,0.0503819504872972,0.0888835004869853,0.443231007278803
0.732964328245353,0.0502177997650881,0.088750541306453,0.442808972992295
0.732670312166919,0.0500544268656999,0.0886179819049617,0.44238772152806
0.732376578260892,0.049891827004787,0.0884858204778881,0.441967250743835
0.732083126048197,0.0497299954338289,0.088354055231468,0.441547558505052
0.731789955051058,0.0495689274398168,0.0882226843827152,0.441128642684805
0.731497064792994,0.0494086183449433,0.0880917061593396,0.440710501163817
0.731204454798813,0.0492490635062964,0.0879611187996681,0.440293131830404
0.730912124594608,0.0490902583155553,0.0878309205525646,0.439876532580445
0.730620073707751,0.0489321981986893,0.0877011096773512,0.439460701317346
0.730328301666886,0.0487748786156604,0.0875716844437307,0.439045635952009
0.730036808001928,0.0486182950601278,0.0874426431317084,0.438631334402795
0.729745592244054,0.0484624430591567,0.0873139840315166,0.438217794595497
0.7294546539257,0.0483073181729281,0.0871857054435376,0.437805014463305
0.729163992580554,0.0481529159944532,0.0870578056782289,0.43739299194677
0.728873607743555,0.0479992321492895,0.0869302830560487,0.436981724993778
0.728583498950884,0.0478462622952602,0.0868031359073818,0.436571211559514
0.728293665739959,0.0476940021221757,0.086676362572466,0.43616144960643
0.728004107649433,0.0475424473515594,0.0865499614013201,0.435752437104215
0.727714824219188,0.0473915937363737,0.0864239307536716,0.435344172029763
0.727425814990329,0.047241437060751,0.086298268998885,0.434936652367141
0.727137079505177,0.0470919731397256,0.0861729745158915,0.434529876107558
0.726848617307273,0.0469431978189697,0.086048045693119,0.434123841249332
0.726560427941361,0.0467951069745308,0.085923480928422,0.433718545797864
0.726272510953393,0.0466476965125721,0.0857992786290133,0.433313987765602
0.72598486589052,0.0465009623691153,0.0856754372113956,0.432910165172014
0.725697492301087,0.0463549005097859,0.0855519551012932,0.432507076043555
0.725410389734628,0.0462095069295615,0.085428830733586,0.432104718413637
0.725123557741867,0.0460647776525215,0.085306062552242,0.431703090322601
0.724836995874704,0.0459207087316002,0.0851836490102522,0.431302189817685
0.724550703686216,0.0457772962483413,0.0850615885695643,0.430902014952995
0.724264680730655,0.0456345363126559,0.084939879701019,0.430502563789474
0.723978926563437,0.0454924250625819,0.0848185208842846,0.430103834394875
0.723693440741141,0.0453509586640464,0.0846975106077944,0.429705824843728
0.723408222821503,0.0452101333106295,0.0845768473686827,0.429308533217314
0.723123272363416,0.0450699452233312,0.0844565296727233,0.428911957603636
0.722838588926917,0.0449303906503404,0.0843365560342662,0.428516096097386
0.722554172073192,0.0447914658668057,0.0842169249761768,0.428120946799921
0.722270021364564,0.0446531671746086,0.0840976350297751,0.427726507819231
0.721986136364494,0.0445154909021391,0.0839786847347748,0.427332777269912
0.721702516637573,0.044378433404073,0.0838600726392236,0.426939753273138
0.721419161749518,0.0442419910611518,0.0837417972994435,0.426547433956631
0.721136071267171,0.0441061602799646,0.0836238572799726,0.426155817454636
0.720853244758491,0.0439709374927313,0.0835062511535057,0.425764901907889
0.720570681792551,0.0438363191570889,0.0833889775008374,0.425374685463592
0.720288381939534,0.0437023017558796,0.0832720349108037,0.424985166275385
0.720006344770729,0.0435688817969406,0.0831554219802261,0.424596342503317
0.719724569858525,0.0434360558128958,0.0830391373138543,0.424208212313823
0.719443056776409,0.0433038203609496,0.0829231795243105,0.423820773879688
0.719161805098961,0.0431721720226834,0.082807547232034,0.423434025380029
0.718880814401851,0.0430411074038529,0.0826922390652264,0.423047965000266
