"Xyleborus glabratus","Xylosandrus compactus","Coptoborus pseudotenuis","Sampsonius dampfi"
0.999999999624723,0.99979909519503,0.999999999981638,0.999999999999949
0.999999995121479,0.999490367879014,0.999999999646578,0.999999999997733
0.999999978127451,0.999121673990741,0.999999998006558,0.999999999979192
0.999999936580196,0.998707837203335,0.999999993197533,0.99999999989968
0.99999985517872,0.998256953263449,0.999999982374473,0.99999999966015
0.999999715661281,0.997774281355582,0.99999996163137,0.999999999079023
0.999999497001151,0.99726357504219,0.999999925935343,0.9999999978605
0.999999175555781,0.996727679078635,0.999999869070034,0.999999995559713
0.999998725186133,0.996168841711913,0.999999783585657,0.999999991545033
0.999998117355406,0.995588895692286,0.999999660754106,0.999999984957747
0.999997321212775,0.994989371182902,0.999999490528036,0.9999999746693
0.999996303665757,0.994371570212973,0.999999261503197,0.999999959236241
0.999995029443733,0.993736617961626,0.999998960883438,0.999999936853008
0.999993461154376,0.993085499348936,0.999998574448009,0.999999905302653
0.999991559334311,0.99241908591361,0.999998086520806,0.999999861905604
0.999989282495006,0.991738156043725,0.99999747994133,0.999999803466544
0.999986587164632,0.991043410524478,0.99999673603714,0.999999726219489
0.999983427926542,0.990335484703399,0.999995834597641,0.99999962577111
0.999979757454808,0.989614958159054,0.999994753849069,0.999999497042389
0.99997552654725,0.98888236249212,0.999993470430553,0.999999334208629
0.999970684156262,0.988138187680567,0.999991959371157,0.999999130637891
0.999965177417714,0.987382887320434,0.99999019406782,0.999998878827904
0.999958951678161,0.986616882990141,0.999988146264121,0.999998570341464
0.999951950520553,0.985840567917257,0.999985786029807,0.999998195740398
0.999944115788614,0.985054310084048,0.999983081741034,0.999997744518095
0.999935387610035,0.984258454877085,0.999980000061265,0.999997205030665
0.999925704418612,0.983453327363075,0.999976505922798,0.999996564426741
0.999915002975434,0.982639234255754,0.999972562508874,0.999995808575959
0.999903218389225,0.981816465625495,0.999968131236348,0.999994921996151
0.999890284135928,0.980985296393142,0.999963171738878,0.999993887779271
0.999876132077598,0.98014598764172,0.999957641850629,0.999992687516079
0.999860692480696,0.979298787773468,0.999951497590454,0.999991301219619
0.999843894033829,0.978443933534807,0.999944693146543,0.999989707247507
0.999825663864994,0.977581650927924,0.999937180861515,0.999987882223047
0.999805927558401,0.976712156024544,0.999928911217957,0.999985800955218
0.999784609170888,0.975835655694952,0.999919832824374,0.999983436357532
0.999761631248009,0.974952348263231,0.99990989240156,0.999980759365796
0.999736914839808,0.974062424098031,0.999899034769372,0.999977738854809
0.999710379516331,0.973166066146782,0.999887202833903,0.999974341553992
0.999681943382913,0.972263450420101,0.999874337575043,0.999970531961996
0.99965152309526,0.971354746432209,0.999860378034439,0.999966272260298
0.999619033874377,0.97044011760235,0.999845261303825,0.999961522225806
0.999584389521348,0.969519721621539,0.999828922513751,0.999956239142502
0.999547502432017,0.96859371078839,0.99981129482268,0.999950377712137
0.999508283611582,0.967662232317301,0.999792309406481,0.999943889964011
0.999466642689134,0.966725428621855,0.999771895448295,0.999936725163843
0.999422487932157,0.965783437575933,0.999749980128792,0.999928829721781
0.999375726261024,0.964836392754763,0.999726488616812,0.99992014709955
0.999326263263492,0.96388442365783,0.999701344060403,0.999910617716781
0.999274003209238,0.962927655915379,0.999674467578252,0.999900178856536
0.999218849064433,0.961966211480036,0.999645778251514,0.999888764570065
0.999160702506396,0.961000208804895,0.999615193116057,0.999876305580818
0.999099463938323,0.960029763009289,0.999582627155109,0.999862729187736
0.999035032504128,0.959054986033318,0.999547993292334,0.999847959167864
0.9989673061034,0.958075986782103,0.999511202385333,0.999831915678303
0.998896181406496,0.957092871260635,0.999472163219582,0.99981451515755
0.998821553869793,0.956105742699986,0.999430782502816,0.999795670226245
0.998743317751097,0.95511470167561,0.999386964859867,0.999775289587375
0.998661366125245,0.954119846218336,0.999340612827971,0.999753277925959
0.998575590899895,0.95312127191865,0.999291626852546,0.999729535808269
0.998485882831535,0.952119072024776,0.999239905283463,0.999703959580622
0.998392131541706,0.951113337535025,0.999185344371811,0.999676441267784
0.998294225533472,0.950104157284842,0.999127838267178,0.999646868471038
0.99819205220813,0.949091618028944,0.999067279015451,0.999615124265966
0.998085497882197,0.9480758045189,0.999003556557161,0.99958108709999
0.997974447804652,0.947056799576474,0.998936558726374,0.999544630689734
0.997858786174483,0.946034684163042,0.998866171250147,0.999505623918256
0.997738396158516,0.945009537445334,0.998792277748567,0.999463930732223
0.997613159909566,0.943981436857769,0.998714759735385,0.999419410039071
0.997482958584897,0.942950458161597,0.998633496619259,0.999371915604246
0.997347672365019,0.941916675501073,0.998548365705627,0.99932129594856
0.997207180472823,0.940880161456836,0.998459242199219,0.999267394245772
0.997061361193063,0.939840987096699,0.998365999207231,0.999210048220439
0.996910091892206,0.938799222023985,0.998268507743176,0.999149090046143
0.996753249038643,0.937754934423584,0.998166636731431,0.999084346244158
0.996590708223282,0.936708191105861,0.998060253012491,0.999015637582665
0.996422344180531,0.935659057548545,0.997949221348959,0.99894277897659
0.996248030809669,0.934607597936723,0.997833404432281,0.998865579388176
0.996067641196629,0.933553875201052,0.99771266289025,0.998783841728387
0.995881047636189,0.932497951054284,0.997586855295295,0.998697362759245
0.995688121654579,0.931439886026216,0.997455838173579,0.998605932997219
0.995488734032524,0.93037973949714,0.997319466014915,0.998509336617782
0.995282754828708,0.929317569729883,0.997177591283539,0.998407351361252
0.995070053403691,0.928253433900515,0.997030064429734,0.998299748440051
0.994850498444263,0.927187388127805,0.99687673390235,0.998186292447507
0.994623957988256,0.926119487501471,0.996717446162224,0.998066741268346
0.994390299449811,0.925049786109316,0.996552045696526,0.997940845991009
0.994149389645114,0.923978337063288,0.996380375034054,0.997808350821948
0.993901094818592,0.922905192524526,0.996202274761496,0.997668993002057
0.993645280669591,0.921830403727456,0.996017583540678,0.997522502725401
0.99338181237953,0.920754021002958,0.99582613812682,0.997368603060398
0.993110554639529,0.919676093800681,0.995627773387828,0.99720700987365
0.992831371678537,0.91859667071053,0.99542232232463,0.997037431756586
0.992544127291931,0.917515799483369,0.995209616092587,0.996859569955105
0.992248684870622,0.916433527050979,0.994989484023998,0.996673118302427
0.991944907430645,0.915349899545312,0.994761753651713,0.996477763155331
0.991632657643249,0.914264962317062,0.994526250733887,0.996273183334004
0.991311797865481,0.913178759953598,0.994282799279885,0.996059050065704
0.990982190171275,0.912091336296284,0.994031221577359,0.995835026932464
0.990643696383034,0.911002734457207,0.993771338220529,0.995600769823055
0.990296178103715,0.909912996835352,0.993502968139672,0.995355926889455
0.989939496749411,0.908822165132241,0.99322592863185,0.995100138508048
0.989573513582439,0.907730280367062,0.992940035392887,0.994833037245813
0.989198089744915,0.906637382891312,0.99264510255063,0.994554247831748
0.988813086292839,0.905543512402967,0.992340942699492,0.994263387133799
0.98841836423066,0.904448707960215,0.992027366936314,0.993960064141546
0.988013784546351,0.903353007994756,0.991704184897549,0.993643879954933
0.987599208246955,0.902256450324695,0.991371204797798,0.993314427779308
0.987174496394631,0.901159072167036,0.991028233469706,0.992971292927073
0.986739510143176,0.900060910149814,0.99067507640524,0.992614052826217
0.986294110775025,0.898962000323852,0.990311537798361,0.992242277036039
0.985838159738728,0.897862378174179,0.989937420589104,0.991855527270367
0.985371518686887,0.896762078631118,0.989552526509093,0.991453357428557
0.984894049514563,0.895661136081049,0.989156656128478,0.99103531363461
0.984405614398132,0.894559584376867,0.988749608904344,0.990600934284704
0.983906075834588,0.893457456848154,0.988331183230565,0.99014975010346
0.983395296681297,0.892354786311054,0.987901176489149,0.989681284209276
0.982873140196166,0.891251605077885,0.987459385103056,0.989195052189039
0.982339470078252,0.890147944966489,0.987005604590521,0.988690562182546
0.981794150508774,0.889043837309325,0.986539629620873,0.988167314976973
0.981237046192534,0.887939312962323,0.986061254071872,0.9876248041117
0.980668022399735,0.886834402313505,0.985570271088555,0.987062515993846
0.980086945008171,0.885729135291374,0.985066473143611,0.986479930024819
0.979493680545803,0.884623541373094,0.984549652099282,0.985876518738234
0.978888096233684,0.883517649592457,0.984019599270786,0.985251747949497
0.978270060029234,0.882411488547647,0.98347610549128,0.984605076917408
0.977639440669848,0.881305086408808,0.982918961178344,0.983935958518077
0.976996107716823,0.88019847092543,0.982347956402004,0.983243839431482
0.976339931599593,0.879091669433546,0.981762880954272,0.982528160340977
0.97567078366025,0.877984708862758,0.981163524420215,0.98178835614604
0.974988536198339,0.876877615743092,0.980549676250538,0.981023856188578
0.974293062515917,0.875770416211687,0.979921125835672,0.980234084493043
0.973584236962849,0.87466313601933,0.97927766258137,0.979418460020667
0.972861934982327,0.873555800536838,0.978619075985789,0.978576396938049
0.972126033156597,0.872448434761283,0.977945155718044,0.977707304900365
0.971376409252877,0.871341063322084,0.977255691698233,0.976810589349428
0.970612942269438,0.870233710486955,0.976550474178908,0.975885651826813
0.969835512481839,0.869126400167721,0.975829293827968,0.97493189030226
0.969044001489288,0.868019155926,0.975091941812972,0.973948699517535
0.968238292261112,0.866912000978764,0.974338209886833,0.972935471345909
0.967418269183317,0.865804958203772,0.973567890474881,0.971891595167397
0.966583818105211,0.864698050144891,0.972780776763263,0.970816458259888
0.965734826386071,0.863591299017295,0.971976662788658,0.969709446206239
0.964871182941831,0.862484726712561,0.971155343529268,0.968569943317418
0.963992778291768,0.861378354803647,0.970316614997072,0.967397333071727
0.963099504605159,0.860272204549775,0.969460274331281,0.96619099857011
0.962191255747897,0.859166296901206,0.96858611989299,0.96495032300754
0.961267927329017,0.858060652503914,0.96769395136096,0.963674690160399
0.960329416747138,0.856955291704176,0.966783569828515,0.9623634848898
0.959375623236768,0.855850234553052,0.96585477790149,0.961016093660683
0.958406447914467,0.85474550081079,0.964907379797199,0.959631905076554
0.957421793824824,0.853641109951131,0.963941181444374,0.958210310429638
0.956421565986238,0.852537081165537,0.962955990584026,0.956750704266214
0.955405671436467,0.851433433367329,0.961951616871163,0.955252484966835
0.954374019277911,0.850330185195749,0.960927871977341,0.953715055341107
0.953326520722623,0.849227355019944,0.959884569693963,0.952137823236638
0.952263089136996,0.848124960942868,0.958821526036284,0.950520202161747
0.951183640086112,0.847023020805112,0.957738559348057,0.948861611921446
0.950088091377724,0.845921552188665,0.956635490406757,0.947161479266178
0.948976363105834,0.8448205724206,0.955512142529327,0.945419238552739
0.947848377693851,0.843720098576693,0.954368341678363,0.94363433241677
0.946704059937288,0.842620147484973,0.953203916568683,0.94180621245612
0.945543337045972,0.841520735729212,0.952018698774206,0.93993433992438
0.944366138685749,0.840421879652343,0.950812522835066,0.9380181864338
0.943172397019635,0.839323595359827,0.949585226364885,0.936057234666742
0.941962046748401,0.838225898722947,0.948336650158129,0.934050979094813
0.940735025150553,0.837128805382054,0.947066638297475,0.931998926704712
0.939491272121679,0.83603233074975,0.945775038261097,0.929900597729821
0.938230730213142,0.834936490014016,0.94446170102979,0.927755526386487
0.936953344670071,0.833841298141283,0.943126481193865,0.925563261613903
0.935659063468646,0.832746769879457,0.941769237059699,0.923323367816456
0.934347837352621,0.831652919760882,0.940389830755877,0.921035425607327
0.933019619869081,0.83055976210526,0.938988128338833,0.918699032552128
0.931674367403384,0.829467311022517,0.937563999897884,0.916313803911269
0.930312039213274,0.828375580415623,0.936117319659581,0.913879373379737
0.928932597462127,0.827284583983363,0.934647966091286,0.911395393822913
0.927536007251303,0.826194335223065,0.933155822003859,0.908861538007007
0.92612223665159,0.825104847433273,0.931640774653383,0.906277499322678
0.924691256733685,0.824016133716393,0.930102715841822,0.90364299250034
0.923243041597716,0.822928206981279,0.928541542016509,0.900957754315652
0.921777568401753,0.821841079945783,0.92695715436837,0.898221544283648
0.920294817389296,0.820754765139273,0.925349458928795,0.895434145339945
0.918794771915714,0.81966927490509,0.923718366665037,0.892595364507443
0.9172774184736,0.818584621402986,0.922063793574055,0.889705033546923
0.915742746717025,0.817500816611516,0.920385660774699,0.886763009589925
0.914190749484667,0.816417872330384,0.918683894598124,0.883769175752307
0.912621422821789,0.815335800182765,0.916958426676358,0.880723441726845
0.911034766001038,0.814254611617585,0.915209194028899,0.877625744353282
0.90943078154206,0.813174317911762,0.91343613914725,0.874476048164206
0.907809475229883,0.81209493017242,0.911639210077304,0.871274345905176
0.906170856132069,0.811016459339064,0.909818360499463,0.868020659027516
0.904514936614612,0.809938916185723,0.907973549806407,0.864715038152244
0.902841732356541,0.808862311323059,0.906104743178406,0.861357563503603
0.90115126236325,0.807786655200447,0.904211911656084,0.857948345310735
0.899443548978486,0.806711958108022,0.902295032210546,0.854487524176048
0.897718617895032,0.805638230178696,0.900354087810759,0.850975271408888
0.895976498164017,0.804565481390143,0.898389067488115,0.847411789323199
0.894217222202887,0.803493721566761,0.896399966398068,0.843797311497874
0.892440825801977,0.802422960381591,0.894386785878768,0.840132102998604
0.890647348129705,0.80135320735823,0.892349533506605,0.836416460560083
0.888836831736363,0.800284471872691,0.890288223148569,0.832650712727504
0.887009322556486,0.799216763155258,0.888202875011359,0.828835219956372
0.885164869909804,0.798150090292298,0.88609351568715,0.824970374669737
0.883303526500756,0.797084462228058,0.883960178195946,0.821056601272049
0.881425348416561,0.796019887766429,0.881802902024445,0.817094356118929
0.879530395123845,0.794956375572691,0.879621733161342,0.81308412744224
0.877618729463806,0.793893934175226,0.877416724129007,0.809026435229979
0.875690417645924,0.792832571967212,0.875187934011471,0.804921831060582
0.873745529240205,0.791772297208297,0.872935428478652,0.800770897891353
0.871784137167956,0.790713118026235,0.870659279806775,0.796574249800876
0.869806317691091,0.78965504241852,0.868359566894923,0.792332531685332
0.86781215039998,0.788598078253977,0.86603637527767,0.788046418908801
0.865801718199811,0.787542233274344,0.863689797133748,0.783716616907737
0.863775107295498,0.786487515095832,0.861319931290713,0.779343860749916
0.861732407175127,0.785433931210652,0.858926883225559,0.774928914648298
0.859673710591933,0.784381488988537,0.856510765061251,0.770472571430348
0.857599113544834,0.78333019567823,0.85407169555915,0.765975651963477
0.855508715257517,0.782280058408965,0.851609800107303,0.761439004537433
0.853402618156074,0.781231084191909,0.849125210704565,0.756863504204495
0.851280927845221,0.780183279921608,0.846618065940556,0.752250052078566
0.849143753083091,0.779136652377395,0.844088510971422,0.747599574594242
0.846991205754617,0.778091208224787,0.841536697491402,0.742913022727163
0.844823400843524,0.777046954016865,0.838962783700201,0.738191371176979
0.842640456402931,0.77600389619563,0.836366934266155,0.733435617514395
0.84044249352459,0.774962041093348,0.833749320285212,0.728646781293886
0.838229636306769,0.773921394933871,0.831110119235738,0.723825903133709
0.836002011820806,0.772881963833945,0.828449514929143,0.718974043764979
0.833759750076337,0.771843753804498,0.825767697456382,0.714092283051636
0.831502983985232,0.770806770751916,0.823064863130332,0.709181718983229
0.82923184932425,0.769771020479294,0.820341214424077,0.70424346664245
0.826946484696439,0.76873650868768,0.817596959905155,0.699278657149536
0.824647031491299,0.7677032409773,0.814832314165779,0.694288436585575
0.822333633843734,0.766671222848763,0.81204749774911,0.689273964896909
0.820006438591821,0.765640459704253,0.809242737071602,0.684236414782819
0.817665595233411,0.764610956848714,0.806418264341492,0.679176970568729
0.815311255881594,0.763582719491004,0.803574317473486,0.674096827067178
0.812943575219064,0.762555752745048,0.800711139999709,0.66899718842886
0.81056271045139,0.761530061630973,0.797828980976986,0.663879266986005
0.808168821259245,0.76050565107622,0.794928094890521,0.658744282090419
0.805762069749605,0.759482525916659,0.792008741554065,0.653593458948468
0.803342620405961,0.758460690897673,0.789071186006639,0.648428027455286
0.800910640037569,0.757440150675238,0.786115698405902,0.643249221030496
0.798466297727763,0.75642090981699,0.783142553918257,0.638058275457659
0.79600976478138,0.755402972803271,0.780152032605788,0.632856427729683
0.793541214671319,0.754386344028174,0.777144419310124,0.627644914902358
0.791060822984261,0.753371027800562,0.774120003533312,0.622424972958123
0.78856876736561,0.752357028345083,0.771079079315845,0.617197835682174
0.786065227463653,0.751344349803172,0.768021945111905,0.611964733552891
0.783550384873012,0.750332996234039,0.764948903661964,0.606726892648562
0.781024423077393,0.749322971615641,0.761860261862842,0.601485533572261
0.778487527391691,0.748314279845651,0.758756330635334,0.596241870396707
0.775939884903468,0.747306924742408,0.755637424789542,0.590997109630824
0.773381684413866,0.746300910045859,0.752503862888013,0.585752449209637
0.770813116377959,0.745296239418488,0.749355967106817,0.580509077509076
0.768234372844616,0.744292916446233,0.746194063094684,0.575268172387143
0.765645647395887,0.743290944639395,0.743018479830342,0.570030900252825
0.763047135085963,0.742290327433536,0.739829549478157,0.564798415164025
0.760439032379752,0.741291068190359,0.736627607242234,0.55957185795569
0.757821537091084,0.740293170198589,0.733412991219095,0.554352355399225
0.755194848320627,0.739296636674836,0.73018604224906,0.549141019394169
0.752559166393506,0.738301470764447,0.726947103766487,0.543938946193003
0.749914692796694,0.737307675542352,0.723696521648984,0.538747215659892
0.747261630116205,0.736315254013898,0.720434644065732,0.533566890564014
0.744600181974125,0.735324209115675,0.717161821325063,0.528399015908069
0.741930552965518,0.734334543716327,0.713878405721417,0.523244618292435
0.739252948595248,0.733346260617361,0.710584751381817,0.518104705315344
0.736567575214762,0.732359362553937,0.707281214111996,0.512980265009389
0.733874639958853,0.731373852195663,0.703968151242315,0.507872265314504
0.731174350682459,0.730389732147362,0.700645921473591,0.502781653587543
0.728466915897524,0.729407004949849,0.697314884722981,0.497709356148455
0.725752544709963,0.728425673080683,0.69397540197005,0.492656277862949
0.723031446756765,0.72744573895492,0.690627835103151,0.487623301761523
0.720303832143271,0.726467204925857,0.687272546766234,0.482611288694554
0.717569911380657,0.72549007328576,0.683909900206245,0.477621077023168
0.714829895323671,0.72451434626659,0.680540259121193,0.472653482345458
0.712083995108644,0.723540026040724,0.67716398750905,0.467709297257587
0.709332422091812,0.722567114721653,0.673781449517574,0.46278929114924
0.706575387787989,0.721595614364691,0.6703930092952,0.457894210032819
0.703813103809621,0.720625526967661,0.666999030843091,0.453024776405712
0.701045781806248,0.71965685447158,0.663599877868479,0.448181689144944
0.698273633404413,0.718689598761336,0.660195913639407,0.443365623433422
0.695496870148041,0.717723761666353,0.656787500840961,0.438577230716955
0.692715703439328,0.716759344961257,0.653375001433125,0.433817138691239
0.689930344480166,0.715796350366521,0.649958776510347,0.429085951317863
0.687141004214121,0.714834779549117,0.646539186162906,0.424384248868432
0.684347893269015,0.713874634123153,0.643116589340202,0.419712587995863
0.68155122190012,0.7129159156505,0.639691343716031,0.415071501831849
0.678751199933994,0.71195862564142,0.636263805555953,0.410461500109496
0.675948036713,0.711002765555181,0.632834329586846,0.405883069310124
0.673141941040508,0.710048336800665,0.629403268868698,0.401336672833158
0.670333121126824,0.709095340736975,0.625970974668754,0.396822751188113
0.667521784535863,0.708143778674027,0.622537796338058,0.392341722207559
0.664708138132585,0.707193651873139,0.619104081190486,0.387893981280057
0.661892388031215,0.706244961547619,0.615670174384321,0.383479901601957
0.659074739544287,0.705297708863334,0.61223641880645,0.379099834447042
0.656255397132489,0.704351894939283,0.608803154959227,0.374754109452923
0.653434564355386,0.703407520848163,0.60537072085006,0.370443034923164
0.65061244382298,0.702464587616921,0.601939451883791,0.366166898144068
0.647789237148174,0.701523096227307,0.598509680757897,0.361925965715138
0.644965144900116,0.700583047616418,0.595081737360558,0.357720483892154
0.642140366558475,0.699644442677237,0.591655948671661,0.353550678941902
0.639315100468626,0.698707282259166,0.58823263866672,0.349416757507554
0.636489543797796,0.697771567168551,0.584812128223819,0.345318906983762
0.633663892492146,0.696837298169203,0.581394735033533,0.341257295900499
0.630838341234836,0.695904475982915,0.577980773511912,0.337232074314762
0.628013083405055,0.694973101289968,0.574570554716513,0.33324337420922
0.625188311038042,0.694043174729636,0.571164386265507,0.329291309896961
0.622364214786107,0.693114696900685,0.567762572259893,0.325375978431484
0.619540983880648,0.692187668361863,0.5643654132088,0.321497460021126
0.616718806095188,0.691262089632391,0.560973205957912,0.31765581844715
0.613897867709429,0.69033796119244,0.557586243620998,0.313851101484717
0.611078353474319,0.689415283483609,0.554204815514565,0.310083341326034
0.608260446578169,0.688494056909399,0.550829207095628,0.306352555004957
0.605444328613782,0.687574281835674,0.547459699902568,0.302658744822404
0.602630179546629,0.686655958591124,0.544096571499115,0.299001898771916
0.599818177684061,0.685739087467723,0.540740095421399,0.295381990964767
0.59700849964556,0.684823668721175,0.53739054112808,0.291798982054033
0.594201320334032,0.683909702571363,0.534048173953529,0.288252819657076
0.591396812908138,0.682997189202791,0.530713255064044,0.284743438775912
0.58859514875567,0.682086128765014,0.527386041417079,0.281270762214978
0.585796497467959,0.681176521373076,0.52406678572345,0.277834700995814
0.583001026815325,0.680268367107933,0.520755736412506,0.274435154768245
0.580208902723558,0.679361666016876,0.517453137600219,0.271072012217631
0.577420289251426,0.678456418113948,0.514159229060166,0.267745151467816
0.574635348569214,0.677552623380355,0.510874246197374,0.264454440479401
0.57185424093828,0.676650281764877,0.507598420024981,0.261199737443042
0.569077124691628,0.675749393184269,0.50433197714368,0.257980891167418
0.566304156215486,0.674849957523665,0.501075139723893,0.25479774146163
0.563535489931895,0.673951974636965,0.497828125490662,0.251650119511756
0.560771278282281,0.673055444347234,0.494591147711173,0.248537848251311
0.558011671712024,0.672160366447083,0.491364415184889,0.245460742725431
0.555256818655997,0.671266740699053,0.488148132236256,0.242418610448555
0.552506865525085,0.670374566835995,0.484942498709896,0.239411251755464
0.549761956693654,0.669483844561438,0.481747709968278,0.236438460145492
0.547022234487977,0.668594573549968,0.478563956891786,0.23350002261982
0.544287839175593,0.667706753447584,0.475391425881146,0.230595720011686
0.541558908955603,0.666820383872068,0.472230298862151,0.227725327309465
0.538835579949876,0.665935464413338,0.469080753292638,0.224888613972503
0.536117986195168,0.665051994633804,0.465942962171651,0.222085344239659
0.533406259636125,0.664169974068719,0.462817094050747,0.219315277430498
0.530700530119183,0.663289402226524,0.459703313047368,0.216578168239105
0.528000925387316,0.662410278589191,0.456601778860257,0.213873767020498
0.525307571075659,0.661532602612563,0.453512646786812,0.211201820069629
0.522620590707959,0.660656373726688,0.45043606774237,0.208562069892978
0.519940105693862,0.659781591336151,0.447372188281326,0.205954255472761
0.517266235327014,0.658908254820405,0.444321150620043,0.203378112523769
0.514599096783955,0.65803636353409,0.441283092661505,0.200833373742885
0.511938805123807,0.657165916807361,0.438258148021625,0.198319769051305
0.509285473288729,0.656296913946197,0.435246446057186,0.195837025829552
0.506639212105129,0.655429354232726,0.432248111895319,0.19338486914531
0.504000130285618,0.654563236925526,0.429263266464508,0.190963021974166
0.501368334431679,0.653698561259938,0.426292026526991,0.18857120541333
0.498743929037071,0.652835326448368,0.423334504712596,0.186209138888441
0.496127016491898,0.651973531680589,0.420390809553853,0.183876540353495
0.493517697087377,0.651113176124038,0.417461045522407,0.181573126484055
0.490916069021268,0.650254258924111,0.414545313066631,0.179298612863796
0.488322228403943,0.649396779204454,0.41164370865039,0.177052714164499
0.485736269265085,0.648540736067251,0.408756324792907,0.174835144319619
0.483158283561024,0.647686128593508,0.405883250109685,0.172645616691524
0.480588361182647,0.646832955843338,0.403024569354402,0.170483844232518
0.478026589963905,0.645981216856237,0.400180363461757,0.168349539639772
0.475473055690886,0.645130910651359,0.397350709591193,0.166242415504284
0.472927842111443,0.644282036227795,0.394535681171458,0.164162184453984
0.470391030945351,0.643434592564835,0.391735347945941,0.162108559291111
0.467862701894991,0.642588578622241,0.388949776018743,0.160081253123984
0.465342932656533,0.64174399334051,0.386179027901427,0.158079979493298
0.462831798931607,0.640900835641132,0.383423162560407,0.156104452493065
0.460329374439454,0.640059104426855,0.380682235464908,0.154154386886332
0.457835730929531,0.639218798581933,0.377956298635482,0.152229498215807
0.45535093819454,0.638379916972386,0.375245400693,0.150329502909501
0.452875064083921,0.637542458446248,0.372549586908102,0.148454118381541
0.450408174517712,0.636706421833811,0.369868899251048,0.146603063128261
0.447950333500831,0.635871805947877,0.367203376441918,0.144776056819703
0.445501603137741,0.635038609583993,0.364553054001162,0.142972820386657
0.443062043647452,0.634206831520698,0.361917964300383,0.141193076103352
0.440631713378907,0.633376470519754,0.359298136613398,0.13943654766594
0.438210668826678,0.632547525326383,0.356693597167476,0.13770296026688
0.435798964646998,0.631719994669501,0.354104369194746,0.135992040665353
0.433396653674088,0.630893877261945,0.351530472983724,0.13430351725381
0.431003786936789,0.630069171800701,0.348971925930937,0.132637120120802
0.428620413675456,0.629245876967129,0.346428742592596,0.130992581110171
0.426246581359135,0.628423991427184,0.343900934736291,0.129369633876751
0.423882335702972,0.627603513831639,0.341388511392676,0.127768013938658
0.421527720685872,0.6267844428163,0.338891478907109,0.126187458726315
0.419182778568379,0.62596677700222,0.336409840991225,0.124627707628289
0.416847549910756,0.625150514995914,0.333943598774395,0.123088502034065
0.414522073591289,0.624335655389573,0.33149275085507,0.121569585373866
0.412206386824742,0.623522196761263,0.32905729335195,0.120070703155594
0.409900525181011,0.62271013767514,0.326637219954982,0.118591602999032
0.40760452260393,0.62189947668165,0.324232521976143,0.117132034667372
0.40531841143022,0.621090212317732,0.321843188399988,0.115691750096181
0.403042222408586,0.620282343107014,0.319469205933944,0.114270503419902
0.40077598471893,0.619475867560016,0.31711055905832,0.112868050995967
0.398519725991681,0.618670784174341,0.314767230076024,0.111484151426631
0.396273472327229,0.61786709143487,0.312439199161948,0.110118565578599
0.394037248315451,0.617064787813952,0.310126444412021,0.108771056600537
0.391811077055316,0.616263871771595,0.307828941891898,0.107441389938557
0.389594980174565,0.615464341755649,0.305546665685276,0.106129333349743
0.387388977849445,0.614666196201996,0.303279587941806,0.104834656913805
0.385193088824503,0.613869433534728,0.301027678924614,0.103557133042951
0.383007330432416,0.613074052166334,0.298790907057372,0.102296536490018
0.38083171861385,0.61228005049787,0.296569238970951,0.101052644354967
0.378666267937352,0.611487426919148,0.294362639549608,0.0998252360898048
0.376510991619242,0.610696179808899,0.292171071976719,0.0986140935019865
0.374365901543523,0.609906307534956,0.289994497780021,0.0974190007563822
0.372231008281776,0.60911780845442,0.287832876876374,0.0962397443758613
0.370106321113055,0.60833068091383,0.285686167616021,0.0950761132405707
0.367991848043749,0.607544923249334,0.283554326826346,0.0939278985859466
0.36588759582743,0.606760533786849,0.281437309855102,0.0927948939995446
0.363793569984653,0.605977510842234,0.279335070613124,0.0916768954167175
0.361709774822722,0.605195852721443,0.277247561616501,0.0905737011152216
0.35963621345541,0.604415557720692,0.275174734028214,0.0894851117087838
0.357572887822601,0.603636624126613,0.273116537699219,0.0884109301396982
0.3555197987099,0.602859050216418,0.271072921208988,0.0873509616704897
0.353476945768151,0.602082834258046,0.26904383190548,0.0863050138746976
0.351444327532881,0.601307974510323,0.267029215944557,0.0852728966268266
0.349421941443671,0.600534469223112,0.265029018328834,0.0842544220915132
0.347409783863436,0.599762316637463,0.263043182945959,0.0832494047119376
0.345407850097606,0.598991514985763,0.261071652606312,0.0822576611975419
0.343416134413213,0.59822206249188,0.259114369080138,0.0812790105110821
0.341434630057877,0.597453957371315,0.257171273134104,0.0803132738550532
0.339463329278672,0.596687197831338,0.255242304567265,0.079360274657534
0.337502223340894,0.595921782071137,0.253327402246465,0.0784198385574766
0.335551302546695,0.595157708281956,0.251426504141145,0.0774917933894845
0.333610556253601,0.594394974647233,0.249539547357581,0.0765759691681059
0.331679972892911,0.593633579342742,0.247666468172533,0.0756721980716818
0.329759539987947,0.592873520536724,0.245807202066319,0.0747803144257688
0.327849244172185,0.592114796390027,0.243961683755309,0.0739001546861823
0.325949071207239,0.591357405056235,0.242129847223843,0.073031557421671
0.324059006000703,0.590601344681805,0.240311625755565,0.0721743632962653
0.322179032623855,0.58984661340619,0.2385069519642,0.0713284150513161
0.320309134329203,0.589093209361976,0.23671575782374,0.0704935574872551
0.318449293567882,0.588341130675004,0.234937974698075,0.069669637445096
0.316599492006903,0.5875903754645,0.233173533370053,0.0688565037877059
0.314759710546234,0.586840941843196,0.231422364069974,0.0680540073808637
0.312929929335731,0.586092827917458,0.229684396503535,0.0672620010741293
0.311110127791898,0.585346031787402,0.227959559879199,0.0664803396815449
0.309300284614497,0.584600551547023,0.226247782935042,0.0657088799621859
0.30750037780297,0.583856385284307,0.224548993965019,0.0649474806005824
0.305710384672715,0.583113531081352,0.222863120844716,0.0641960021870266
0.303930281871177,0.582371987014487,0.221190091056539,0.0634543071977852
0.302160045393775,0.581631751154383,0.219529831714387,0.0627222599752335
0.300399650599651,0.580892821566172,0.217882269587784,0.0619997267079247
0.298649072227245,0.580155196309556,0.216247331125492,0.0612865754106094
0.296908284409704,0.57941887343892,0.214624942478601,0.0605826759042245
0.295177260690092,0.578683851003446,0.213015029523112,0.059887899795855
0.293455974036449,0.577950127047216,0.211417517882,0.0592021204586939
0.291744396856648,0.577217699609327,0.209832332946787,0.0585252130120004
0.290042501013088,0.57648656672399,0.20825939989861,0.0578570543010769
0.288350257837196,0.575756726420645,0.206698643728794,0.0571975228772714
0.286667638143752,0.575028176724056,0.205149989258953,0.0565464989780183
0.284994612245039,0.574300915654421,0.203613361160595,0.0559038645069233
0.283331149964795,0.573574941227475,0.202088683974268,0.0552695030139082
0.281677220652005,0.572850251454583,0.200575882128226,0.0546432996754171
0.280032793194483,0.57212684434285,0.199074879956643,0.0540251412746999
0.278397836032303,0.571404717895212,0.197585601717367,0.0534149161821759
0.276772317171019,0.57068387011054,0.19610797160923,0.0528125143358845
0.275156204194719,0.569964298983731,0.194641913788904,0.0522178272220358
0.273549464278894,0.569246002505808,0.193187352387337,0.0516307478556615
0.271952064203121,0.568528978664011,0.191744211525749,0.0510511707613754
0.270363970363573,0.567813225441894,0.190312415331206,0.0504789919542511
0.268785148785329,0.567098740819414,0.188891887951776,0.0499141089208144
0.26721556513453,0.566385522773027,0.187482553571283,0.0493564206001689
0.265655184730331,0.565673569275771,0.186084336423644,0.0488058273652474
0.264103972556685,0.564962878297363,0.184697160806817,0.0482622310041977
0.262561893273945,0.564253447804284,0.183320951096359,0.0477255347019121
0.261028911230292,0.563545275759863,0.18195563175859,0.0471956430216943
0.259504990472975,0.562838360124371,0.180601127363391,0.0466724618870786
0.257990094759387,0.5621326988551,0.179257362596621,0.0461558985637933
0.256484187567952,0.561428289906449,0.17792426227217,0.0456458616418839
0.25498723210885,0.56072513123001,0.17660175134366,0.0451422610179853
0.253499191334559,0.560023220774646,0.175289754915779,0.0446450078777578
0.252020027950228,0.559322556486578,0.173988198255287,0.0441540146784814
0.250549704423876,0.558623136309458,0.172697006801664,0.0436691951318141
0.249088182996423,0.55792495818446,0.171416106177437,0.0431904641867141
0.247635425691547,0.557228020050346,0.17014542219817,0.0427177380125292
0.246191394325377,0.556532319843553,0.168884880882142,0.042250933982256
0.244756050516021,0.555837855498269,0.167634408459699,0.0417899706559651
0.243329355692916,0.555144624946505,0.166393931382304,0.0413347677644004
0.241911271106032,0.554452626118172,0.165163376331283,0.0408852461927475
0.240501757834894,0.553761856941158,0.163942670226266,0.0404413279645772
0.239100776797456,0.553072315341399,0.162731740233351,0.0400029362259606
0.237708288758808,0.552383999242953,0.161530513772963,0.039569995229757
0.236324254339724,0.55169690656807,0.160338918527453,0.0391424303200802
0.234948634025056,0.551011035237265,0.159156882448407,0.0387201679169335
0.23358138817197,0.550326383169388,0.157984333763694,0.0383031355010246
0.232222477018025,0.549642948281693,0.156821200984253,0.0378912615987531
0.230871860689101,0.548960728489907,0.155667412910615,0.0374844757673715
0.229529499207177,0.548279721708295,0.15452289863918,0.0370827085803228
0.228195352497958,0.547599925849733,0.153387587568244,0.0366858916127519
0.22686938039835,0.546921338825769,0.152261409403787,0.0362939574271905
0.225551542663792,0.54624395854669,0.151144294165022,0.0359068395594145
0.224241798975444,0.54556778292159,0.150036172189717,0.0355244725044775
0.222940108947227,0.544892809858427,0.148936974139288,0.0351467917029127
0.221646432132721,0.544219037264092,0.147846631003676,0.0347737335271091
0.220360728031929,0.543546463044471,0.146765074106002,0.0344052352678582
0.219082956097893,0.542875085104503,0.14569223510702,0.0340412351210696
0.217813075743181,0.542204901348248,0.144628046009355,0.0336816721746575
0.216551046346232,0.541535909678937,0.14357243916155,0.0333264863955932
0.215296827257569,0.540868107999043,0.142525347261906,0.0329756186171271
0.214050377805887,0.540201494210331,0.141486703362141,0.0326290105261766
0.212811657303995,0.539536066213921,0.140456440870855,0.0322866046508765
0.211580625054643,0.538871821910344,0.139434493556816,0.0319483443482969
0.210357240356216,0.538208759199599,0.138420795552065,0.0316141737923211
0.209141462508303,0.53754687598121,0.137415281354854,0.0312840379616874
0.20793325081714,0.536886170154279,0.136417885832406,0.0309578826281883
0.206732564600936,0.536226639617545,0.135428544223515,0.0306356543450314
0.205539363195071,0.535568282269435,0.134447192140985,0.0303173004353564
0.204353605957181,0.534911096008115,0.133473765573913,0.0300027689809088
0.203175252272124,0.534255078731553,0.132508200889813,0.0296920088108685
0.202004261556826,0.533600228337557,0.131550434836601,0.0293849694908317
0.200840593265022,0.532946542723839,0.130600404544425,0.0290816013119455
0.199684206891873,0.532294019788061,0.129658047527364,0.0287818552801919
0.198535061978484,0.531642657427882,0.128723301684979,0.0284856831058222
0.1973931181163,0.530992453541016,0.127796105303738,0.0281930371929387
0.196258334951409,0.530343406025274,0.126876397058308,0.0279038706292225
0.195130672188724,0.529695512778614,0.12596411601272,0.0276181371758053
0.194010089596072,0.529048771699193,0.125059201621411,0.0273357912572853
0.192896547008174,0.52840318068541,0.124161593730151,0.0270567879518853
0.191790004330525,0.527758737635954,0.123271232576842,0.0267810829817484
0.190690421543178,0.527115440449852,0.122388058792214,0.0265086327033756
0.189597758704422,0.526473287026513,0.121512013400414,0.0262393940981973
0.18851197595437,0.525832275265772,0.120643037819472,0.0259733247632826
0.187433033518452,0.525192403067938,0.119781073861683,0.0257103829021811
0.186360891710809,0.524553668333835,0.118926063733873,0.0254505273158976
0.185295510937598,0.523916068964848,0.118077950037575,0.0251937173939976
0.18423685170021,0.523279602862963,0.117236675769112,0.0249399131058422
0.183184874598394,0.522644267930812,0.116402184319577,0.0246890749919501
0.182139540333293,0.522010062071714,0.11557441947474,0.0244411641554858
0.181100809710398,0.521376983189716,0.114753325414852,0.0241961422538739
0.180068643642415,0.520745029189633,0.11393884671438,0.0239539714905347
0.179043003152049,0.520114197977091,0.113130928341649,0.0237146146067409
0.178023849374705,0.519484487458566,0.112329515658411,0.0234780348735973
0.177011143561111,0.518855895541422,0.111534554419342,0.0232441960841354
0.176004847079859,0.518228420133948,0.110745990771451,0.0230130625455272
0.175004921419871,0.517602059145401,0.109963771253438,0.0227845990714137
0.174011328192791,0.516976810486044,0.109187842794966,0.0225587709743476
0.17302402913529,0.516352672067177,0.108418152715873,0.0223355440583478
0.172042986111319,0.515729641801181,0.107654648725321,0.0221148846115662
0.171068161114264,0.515107717601548,0.10689727892088,0.021896759399062
0.170099516269053,0.514486897382926,0.106145991787554,0.0216811356556865
0.169137013834177,0.513867179061142,0.105400736196745,0.021467981079072
0.168180616203654,0.51324856055325,0.104661461405169,0.0212572638227276
0.167230285908919,0.512631039777556,0.103928117053711,0.0210489524892385
0.166285985620645,0.512014614653657,0.103200653166226,0.0208430161235658
0.165347678150517,0.511399283102474,0.102479020148299,0.0206394242064504
0.164415326452916,0.510785043046284,0.101763168785953,0.0204381466479127
0.163488893626568,0.510171892408751,0.101053050244301,0.0202391537808539
0.162568342916105,0.509559829114967,0.100348616066173,0.0200424163547514
0.161653637713596,0.508948851091472,0.0996498181706796,0.0198479055294506
0.16074474155999,0.508338956266294,0.0989566088517464,0.0196555928690509
0.159841618146523,0.507730142568978,0.0982689407766079,0.0194654503358843
0.158944231316057,0.507122407930616,0.0975867669842598,0.0192774502845849
0.158052545064371,0.506515750283877,0.0969100408838756,0.0190915654562491
0.15716652354139,0.505910167563039,0.0962387162531903,0.0189077689726842
0.156286131052368,0.505305657704015,0.0955727472368496,0.0187260343307441
0.155411332059017,0.504702218644386,0.0949120883447267,0.0185463353967527
0.154542091180581,0.504099848323428,0.094256694450209,0.0183686464010108
0.153678373194867,0.503498544682139,0.0936065207884559,0.018192941932387
0.152820143039223,0.502898305663269,0.092961522954628,0.0180191969329915
0.151967365811466,0.502299129211348,0.0923216569020912,0.017847386692932
0.151120006770768,0.501701013272709,0.0916868789405927,0.0176774868451474
0.150278031338497,0.501103955795523,0.0910571457344177,0.0175094733603232
0.149441405099005,0.500507954729815,0.0904324143005184,0.0173433225418824
0.14861009380038,0.499913008027497,0.0898126420066233,0.0171790110210545
0.147784063355152,0.499319113642397,0.0891977865693289,0.0170165157520198
0.146963279840957,0.498726269530272,0.0885878060521665,0.0168558140071268
0.146147709501161,0.498134473648846,0.0879826588636541,0.0166968833721846
0.145337318745441,0.497543723957827,0.0873823037553326,0.0165397017418266
0.144532074150332,0.496954018418935,0.0867866998197825,0.016384247314945
0.143731942459727,0.496365354995925,0.0861958064886258,0.0162304985901957
0.14293689058535,0.495777731654607,0.0856095835305165,0.0160784343615728
0.142146885607181,0.495191146362878,0.085027991049115,0.0159280337140493
0.141361894773855,0.494605597090735,0.0844509894810499,0.0157792760192862
0.14058188550302,0.494021081810304,0.0838785395938735,0.0156321409314073
0.139806825381662,0.493437598495862,0.083310602483998,0.0154866083828381
0.139036682166398,0.492855145123855,0.0827471395746288,0.0153426585802086
0.138271423783732,0.492273719672926,0.0821881126136885,0.0152002720003207
0.137511018330286,0.491693320123929,0.0816334836717275,0.0150594293861754
0.136755434072992,0.491113944459956,0.0810832151398332,0.0149201117430616
0.136004639449261,0.490535590666356,0.0805372697275295,0.0147823003347063
0.135258603067114,0.489958256730753,0.0799956104606705,0.0146459766794819
0.134517293705293,0.48938194064307,0.0794582006793308,0.0145111225466733
0.133780680313335,0.488806640395547,0.0789250040356875,0.0143777199528015
0.133048732011628,0.48823235398276,0.0783959844919037,0.0142457511580042
0.132321418091427,0.487659079401642,0.0778711063180036,0.0141151986624715
0.131598708014859,0.487086814651499,0.0773503340897493,0.0139860452029366
0.130880571414889,0.486515557734033,0.0768336326865113,0.0138582737492202
0.130166978095267,0.485945306653357,0.0763209672891419,0.0137318675008284
0.129457898030456,0.485376059416013,0.0758123033778446,0.0136068098836023
0.128753301365522,0.484807814030992,0.075307606730045,0.013483084546419
0.128053158416016,0.484240568509752,0.0748068434182607,0.013360675357944
0.127357439667827,0.483674320866232,0.0743099798079733,0.0132395664034324
0.126666115777004,0.483109069116873,0.0738169825554995,0.0131197419815795
0.125979157569579,0.482544811280629,0.0733278186058661,0.0130011866014203
0.125296536041344,0.481981545378992,0.0728424551906876,0.0128838849792758
0.12461822235763,0.481419269436,0.0723608598260427,0.012767822035746
0.123944187853045,0.480857981478257,0.0718830003103574,0.01265298289275
0.123274404031212,0.480297679534952,0.0714088447222914,0.0125393528706101
0.12260884256448,0.479738361637864,0.0709383614186262,0.0124269174851817
0.121947475293609,0.479180025821391,0.070471519032159,0.0123156624450259
0.121290274227458,0.478622670122553,0.0700082864696022,0.0122055736486272
0.120637211542632,0.478066292581013,0.069548632909484,0.0120966371816515
0.11998825958313,0.477510891239091,0.0690925278000605,0.0119888393142479
0.11934339085997,0.476956464141778,0.0686399408572268,0.0118821664983906
0.1187025780508,0.476403009336747,0.06819084206244,0.0117766053652623
0.118065793999487,0.475850524874373,0.0677452016606432,0.0116721427226761
0.117433011715707,0.475299008807739,0.0673029901582012,0.011568765552539
0.116804204374503,0.474748459192656,0.0668641783208394,0.0114664610083518
0.11617934531584,0.474198874087672,0.066428737171591,0.0113652164127486
0.115558408044145,0.473650251554087,0.0659966379887531,0.0112650192550734
0.11494136622783,0.473102589655962,0.065567852303847,0.0111658571889931
0.114328193698806,0.472555886460139,0.0651423518995916,0.0110677180301479
0.113718864451986,0.472010140036245,0.064720108807879,0.0109705897538366
0.113113352644771,0.471465348456709,0.0643010953077634,0.0108744604927374
0.112511632596531,0.470921509796772,0.063885283923457,0.0107793185346633
0.111913678788069,0.470378622134498,0.0634726474223331,0.010685152320352
0.111319465861077,0.469836683550787,0.0630631588129408,0.0105919504412882
0.110728968617585,0.469295692129386,0.0626567913430273,0.0104997016375609
0.110142162019392,0.468755645956898,0.0622535184975703,0.0104083947957511
0.109559021187497,0.468216543122796,0.0618533139968192,0.0103180189468531
0.108979521401512,0.46767838171943,0.0614561517943468,0.0102285632642263
0.108403638099074,0.46714115984204,0.0610620060751116,0.0101400170615789
0.10783134687524,0.466604875588764,0.0606708512535273,0.0100523697909811
0.107262623481883,0.466069527060651,0.0602826619715456,0.00996561104090904
0.106697443827071,0.465535112361668,0.0598974130967482,0.00987973053431856
0.106135783974443,0.46500162959871,0.0595150797204476,0.00979471812674684
0.105577620142582,0.464469076881611,0.0591356371558018,0.00971056380444428
0.105022928704369,0.463937452323153,0.0587590609359365,0.00962725768253308
0.104471686186345,0.463406754039073,0.0583853268120803,0.00954479000319499
0.103923869268052,0.462876980148072,0.0580144107517086,0.00946315113388494
0.103379454781379,0.462348128771827,0.0576462889367003,0.00938233156557269
0.102838419709895,0.461820198034996,0.0572809377615057,0.00930232191101033
0.102300741188182,0.46129318606523,0.0569183338313231,0.00922311290302612
0.101766396501158,0.460767090993174,0.0565584539602897,0.00914469539284347
0.101235363083395,0.460241910952484,0.0562012751696816,0.00906706034842612
0.100707618518436,0.459717644079829,0.0558467746861261,0.008990198852847
0.100183140538105,0.459194288514901,0.055494929939825,0.00891410210268239
0.0996619070218078,0.458671842400421,0.0551457185627899,0.00883876140642957
0.0991438959958399,0.458150303882146,0.0547991183870885,0.00876416818294873
0.0986290856326777,0.45762967110888,0.0544551074431021,0.00869031395992751
0.0981174542502751,0.457109942232475,0.0541136639577956,0.00861719037236897
0.0976089803113525,0.456591115407844,0.0537747663529992,0.00854478916110207
0.0971036424226824,0.456073188792962,0.0534383932437007,0.00847310217131415
0.0966014193343742,0.455556160548877,0.0531045234363498,0.00840212135110562
0.0961022899391518,0.455040028839712,0.0527731359271751,0.00833183875006577
0.0956062332716342,0.454524791832678,0.0524442099005119,0.00826224651787031
0.0951132285076084,0.454010447698074,0.0521177247271425,0.00819333690289912
0.0946232549633017,0.453496994609292,0.0517936599626461,0.00812510225087505
0.0941362920946535,0.452984430742828,0.0514719953457641,0.00805753500352292
0.0936523194965818,0.452472754278287,0.0511527107967751,0.00799062769724812
