"Xyleborinus saxeseni","Euwallacea fornicatus","Xyleborus posticus","Xyleborus affinis"
0.982753578429959,0.99489417959839,0.876343858380777,0.988889731319074
0.969308837940281,0.989726279200114,0.812359287799093,0.98293187475947
0.957196783562704,0.984568341632665,0.764429694273436,0.978089659926966
0.945959365772837,0.979435761713424,0.725632151186326,0.973863572138171
0.935383031067512,0.974335619541434,0.692943007434864,0.970048835644353
0.925342335049412,0.96927185466926,0.664693379557351,0.966536272475062
0.915754005288336,0.964246862225974,0.639841557776995,0.963259041589997
0.906558346952937,0.959262160128535,0.617684892969795,0.960172496945907
0.897710238988389,0.954318719949819,0.59772321355173,0.957244962058344
0.889174229716964,0.949417150508252,0.579586016520625,0.954452940974093
0.880921630912297,0.944557808253167,0.56299027839276,0.951778400134535
0.872928683147208,0.939740867771957,0.547714427266958,0.949207118345192
0.865175338402173,0.934966369003396,0.53358147904204,0.946727631010344
0.857644419198363,0.930234250073877,0.520447671842649,0.944330525350598
0.850321018278039,0.925544370854506,0.508194553305506,0.94200795319785
0.843192057964962,0.920896530303555,0.496723319695607,0.939753284184505
0.836245959004062,0.916290479514902,0.485950671011027,0.937560852635388
0.829472386564404,0.911725931719489,0.475805714776559,0.935425768830725
0.822862051944298,0.907202570074401,0.466227612501418,0.9333437756082
0.816406555335319,0.902720053813015,0.45716376297928,0.931311137603524
0.810098259414322,0.898278023159477,0.448568380733242,0.929324554443051
0.803930186463836,0.893876103296852,0.4404013700222,0.927381091816763
0.797895933714565,0.889513907600437,0.43262742312582,0.925478126104733
0.791989602987583,0.885191040293297,0.425215291036647,0.923613299419537
0.786205741692683,0.880907098642411,0.41813718824919,0.921784482753693
0.780539292943445,0.876661674785852,0.41136830296843,0.919989745505691
0.774985553063973,0.872454357260909,0.40488639100625,0.91822733007808
0.769540135143167,0.868284732287779,0.398671436712225,0.916495630547108
0.764198937578236,0.864152384851973,0.392705368044475,0.914793174629402
0.758958116766121,0.860056899619828,0.386971815701759,0.913118608340086
0.753814063267979,0.855997861714731,0.381455908369123,0.911470682864431
0.748763380900939,0.851974857376469,0.376144097758691,0.909848243262648
0.743802868312313,0.847987474521958,0.371024008384175,0.908250218702635
0.738929502671116,0.844035303222373,0.3660843079858,0.906675613973985
0.734140425175172,0.840117936109086,0.36131459528959,0.905123502082479
0.72943292812287,0.836234968718741,0.356705302391215,0.903593017760574
0.724804443339712,0.832385999786097,0.352247609537131,0.90208335175831
0.72025253178309,0.828570631491908,0.34793337046221,0.900593745802241
0.715774874176075,0.824788469671962,0.343755046754621,0.899123488128714
0.711369262543371,0.821039123992484,0.339705649971286,0.897671909513015
0.70703359254121,0.817322208096347,0.33577869043314,0.896238379728322
0.70276585648837,0.813637339723865,0.331968131798203,0.894822304378603
0.69856413701843,0.809984140811442,0.328268350649425,0.893423122057998
0.694426601284201,0.806362237570878,0.324674100449297,0.892040301796234
0.690351495654427,0.802771260551742,0.3211804793088,0.890673340755417
0.6863371408506,0.799210844688944,0.317782901098061,0.88932176214844
0.682381927478316,0.795680629337306,0.314477069492979,0.887985113353315
0.67848431191324,0.792180258294743,0.311258954608338,0.886662964201229
0.674642812506576,0.788709379815447,0.308124771915467,0.885354905419024
0.670856006079077,0.785267646614276,0.305070963182774,0.884060547209298
0.667122524676233,0.781854715863454,0.302094179211735,0.882779517953478
0.663441052560358,0.778470249182486,0.29919126417015,0.881511463024989
0.65981032341802,0.775113912622153,0.296359241349482,0.880256043701254
0.656229117763571,0.771785376643299,0.293595300194551,0.879012936164571
0.652696260521634,0.768484316091065,0.290896784472379,0.877781830583102
0.649210618773152,0.765210410165158,0.288261181462877,0.87656243026422
0.645771099651232,0.761963342386637,0.285686112067931,0.875354450873299
0.64237664837436,0.758742800561705,0.28316932174739,0.874157619711859
0.639026246405845,0.755548476742876,0.280708672200907,0.872971675049596
0.635718909729387,0.752380067187904,0.278302133723661,0.871796365505421
0.632453687231666,0.749237272316768,0.275947778171939,0.870631449473176
0.629229659183679,0.746119796667026,0.273643772481522,0.869476694588107
0.626045935813343,0.743027348847762,0.271388372687923,0.86833187723059
0.622901655962529,0.739959641492379,0.269179918402899,0.867196782063969
0.61979598582234,0.736916391210425,0.267016827706401,0.866071201603653
0.616728117740961,0.733897318538644,0.264897592417312,0.864954935814924
0.613697269098917,0.730902147891399,0.262820773710019,0.863847791737116
0.610702681247002,0.727930607510631,0.260784998047149,0.862749583132088
0.607743618502561,0.724982429415466,0.258788953401715,0.861660130155075
0.60481936720014,0.722057349351596,0.256831385744514,0.860579259046189
0.601929234792863,0.719155106740539,0.254911095774922,0.859506801841007
0.599072549001165,0.716275444628852,0.253026935875296,0.858442596098796
0.596248657005812,0.713418109637406,0.251177807271035,0.85738648464709
0.593456924682343,0.710582851910777,0.249362657380006,0.856338315341409
0.590696735874307,0.707769425066821,0.24758047733652,0.855297940839034
0.587967491702867,0.704977586146499,0.245830299676356,0.854265218385846
0.58526860991052,0.702207095563994,0.244111196170552,0.853240009615302
0.582599524236859,0.699457717057171,0.242422275796738,0.852222180358713
0.579959683824431,0.696729217638415,0.240762682837756,0.851211600466058
0.577348552652917,0.694021367545894,0.239131595098206,0.850208143636609
0.574765608999954,0.69133394019526,0.23752822223031,0.849211687258728
0.57221034492707,0.688666712131831,0.235951804161259,0.84822211225822
0.569682265789272,0.686019462983268,0.234401609614793,0.847239302954697
0.567180889766965,0.683391975412774,0.232876934720403,0.846263146925431
0.564705747418932,0.680784035072828,0.231377101704053,0.845293534876224
0.562256381255229,0.678195430559468,0.229901457654813,0.844330360518854
0.559832345328888,0.675625953367138,0.228449373362239,0.843373520454689
0.557433204845414,0.67307539784411,0.227020242219724,0.842422914064094
0.555058535789133,0.670543561148492,0.225613479189447,0.841478443401276
0.552707924565483,0.668030243204816,0.22422851982483,0.840540013094245
0.550380967658422,0.665535246661227,0.222864819346777,0.839607530249588
0.548077271302175,0.663058376847268,0.221521851770204,0.838680904361769
0.545796451166562,0.660599441732266,0.220199109077655,0.837760047226699
0.543538132055247,0.658158251884316,0.218896100437011,0.836844872859329
0.541301947616238,0.655734620429871,0.217612351460548,0.835935297415036
0.539087540064032,0.653328363013929,0.216347403502763,0.835031239114595
0.536894559912843,0.650939297760826,0.215100812994584,0.834132618172531
0.53472266572035,0.648567245235614,0.213872150811772,0.833239356728664
0.532571523841486,0.64621202840605,0.21266100167542,0.832351378782689
0.530440808191762,0.643873472605157,0.211466963582662,0.831468610131608
0.528330200019687,0.641551405494387,0.210289647265791,0.830590978309867
0.526239387687857,0.639245657027356,0.209128675678121,0.829718412532071
0.524168066462305,0.636956059414163,0.207983683505043,0.828850843638119
0.522115938309736,0.63468244708627,0.206854316698825,0.827988204040646
0.52008271170228,0.632424656661961,0.2057402320358,0.827130427674661
0.518068101429438,0.630182526912352,0.204641096694681,0.826277449949251
0.516071828416875,0.627955898727953,0.203556587854809,0.825429207701258
0.514093619551779,0.625744615085785,0.202486392313239,0.824585639150843
0.512133207514483,0.62354852101703,0.201430206119622,0.823746683858811
0.510190330616079,0.621367463575217,0.200387734227909,0.822912282685645
0.508264732641764,0.619201291804936,0.199358690163967,0.822082377752149
0.506356162699675,0.617049856711068,0.198342795708261,0.821256912401622
0.504464375074979,0.61491301122853,0.197339780592785,0.820435831163499
0.502589129088988,0.612790610192526,0.196349382211511,0.81961907971838
0.500730188963101,0.610682510309289,0.195371345343622,0.81880660486439
0.498887323687357,0.608588570127323,0.194405421888892,0.817998354484804
0.497060306893432,0.606508650009124,0.193451370614566,0.817194277516882
0.495248916731862,0.60444261210337,0.192508956913167,0.81639432392185
0.493452935753368,0.602390320317593,0.19157795257067,0.815598444655996
0.49167215079407,0.600351640291299,0.190658135544518,0.814806591642801
0.489906352864464,0.598326439369553,0.189749289750999,0.814018717746088
0.488155337042013,0.596314586576998,0.188851204861508,0.813234776744123
0.486418902367189,0.594315952592329,0.187963676107272,0.812454723304642
0.48469685174285,0.592330409723182,0.187086504092113,0.811678512960753
0.482988991836818,0.590357831881463,0.186219494612864,0.810906102087676
0.481295132987531,0.588398094559085,0.185362458487073,0.810137447880298
0.479615089112653,0.58645107480412,0.184515211387646,0.809372508331486
0.477948677620531,0.584516651197355,0.183677573684099,0.808611242211156
0.476295719324394,0.582594703829244,0.182849370290114,0.807853609046029
0.474656038359185,0.58068511427725,0.182030430517095,0.807099569100088
0.473029462100932,0.578787765583574,0.181220587933456,0.806349083355667
0.471415821088567,0.576902542233256,0.180419680229375,0.805602113495181
0.469814948948093,0.575029330132649,0.179627549086764,0.804858621883439
0.468226682319034,0.573168016588261,0.178844040054211,0.804118571550547
0.466650860783057,0.571318490285944,0.178069002426689,0.803381926175357
0.465087326794715,0.569480641270445,0.177302289129799,0.802648650069444
0.463535925614214,0.567654360925299,0.176543756608356,0.801918708161597
0.461996505242153,0.565839541953059,0.17579326471913,0.801192065982803
0.460468916356146,0.564036078355859,0.175050676627548,0.800468689651691
0.458953012249274,0.562243865416306,0.174315858708195,0.799748545860444
0.457448648770306,0.560462799678696,0.173588680448952,0.799031601861133
0.455955684265608,0.558692778930537,0.1728690143586,0.798317825452482
0.454473979522713,0.556933702184392,0.172156735877761,0.797607184967025
0.453003397715464,0.555185469660018,0.171451723293022,0.796899649258665
0.451543804350697,0.553447982766811,0.17075385765411,0.796195187690595
0.450095067216409,0.551721144086537,0.170063022694003,0.795493770123586
0.44865705633135,0.550004857356361,0.16937910475183,0.794795366904622
0.44722964389601,0.548299027452146,0.168701992698472,0.794099948855866
0.445812704244936,0.546603560372046,0.168031577864735,0.793407487263955
0.444406113800347,0.544918363220356,0.167367753971999,0.7927179538696
0.443009751027008,0.543243344191642,0.16671041706524,0.792031320857489
0.441623496388304,0.541578412555127,0.166059465448328,0.79134756084648
0.440247232303497,0.53992347863934,0.165414799621513,0.790666646880072
0.438880843106114,0.538278453817016,0.164776322221014,0.789988552417144
0.437524215003433,0.536643250490245,0.16414393796062,0.789313251322961
0.436177236037034,0.535017782075869,0.163517553575231,0.788640717860423
0.434839796044383,0.533401962991113,0.162897077766263,0.787970926681562
0.433511786621411,0.531795708639461,0.16228242114884,0.787303852819271
0.432193101086061,0.530198935396755,0.161673496200712,0.786639471679263
0.43088363444277,0.528611560597523,0.161070217212822,0.785977759032245
0.429583283347864,0.52703350252154,0.160472500241472,0.785318691006304
0.428291946075827,0.52546468038059,0.159880263062014,0.784662244079504
0.427009522486429,0.523905014305462,0.159293425124021,0.78400839507267
0.425735913992679,0.522354425333147,0.158711907507873,0.783357121142375
0.424471023529575,0.520812835394243,0.158135632882716,0.782708399774105
0.423214755523647,0.519280167300569,0.157564525465728,0.782062208775604
0.421967015863234,0.517756344732974,0.156998510982656,0.781418526270397
0.420727711869516,0.516241292229345,0.156437516629578,0.780777330691476
0.419496752268239,0.514734935172811,0.155881471035837,0.780138600775148
0.418274047162142,0.513237199780127,0.15533030422811,0.77950231555505
0.417059508004043,0.511748013090259,0.154783947595572,0.778868454356304
0.41585304757059,0.510267302953136,0.154242333856111,0.778236996789828
0.414654579936625,0.508794998018596,0.153705397023567,0.777607922746787
0.413464020450181,0.507331027725496,0.153173072375939,0.776981212393186
0.412281285708059,0.505875322291004,0.152645296424552,0.776356846164593
0.411106293531991,0.504427812700058,0.152122006884129,0.775734804760996
0.409938962945367,0.502988430694993,0.151603142643748,0.775115069141788
0.4087792141505,0.501557108765329,0.151088643738646,0.774497620520865
0.407626968506433,0.500133780137725,0.150578451322849,0.773882440361863
0.406482148507258,0.498718378766086,0.150072507642592,0.773269510373484
0.405344677760928,0.497310839321833,0.149570756010509,0.77265881250496
0.404214480968574,0.495911097184319,0.14907314078056,0.772050328941605
0.403091483904282,0.494519088431395,0.148579607323676,0.771444042100488
0.401975613395339,0.493134749830131,0.148090102004091,0.770839934626198
0.400866797302925,0.491758018827674,0.147604572156351,0.770237989386716
0.399764964503243,0.490388833542252,0.14712296606296,0.769638189469378
0.398670044869075,0.489027132754313,0.146645232932656,0.769040518176936
0.397581969251746,0.487672855897814,0.146171322879293,0.768444959023709
0.396500669463501,0.486325943051626,0.145701186901299,0.767851495731819
0.395426078260259,0.484986334931091,0.145234776861711,0.767260112227523
0.394358129324763,0.48365397287969,0.14477204546875,0.766670792637615
0.393296757250092,0.482328798860862,0.144312946256924,0.766083521285923
0.392241897523535,0.481010755449921,0.143857433568653,0.765498282689877
0.391193486510826,0.479699785826124,0.14340546253638,0.764915061557153
0.390151461440704,0.47839583376484,0.142956989065169,0.7643338427824
0.389115760389829,0.477098843629849,0.142511969815763,0.76375461144403
0.388086322268003,0.475808760365755,0.142070362188102,0.763177352801088
0.387063086803723,0.474525529490514,0.141632124305266,0.762602052290183
0.386045994530032,0.473249097088076,0.141197214997848,0.76202869552249
0.38503498677068,0.471979409801138,0.14076559378874,0.761457268280819
0.384030005626571,0.470716414824007,0.140337220878307,0.760887756516744
0.383030993962499,0.469460059895568,0.139912057129952,0.760320146347795
0.382037895394164,0.468210293292362,0.139490064056056,0.75975442405471
0.381050654275455,0.466967063821764,0.139071203804278,0.759190576078748
0.380069215686006,0.465730320815263,0.1386554391442,0.758628589019056
0.379093525419001,0.464500014121846,0.138242733454324,0.758068449630092
0.378123529969236,0.46327609410148,0.137833050709394,0.757510144819106
0.377159176521428,0.462058511618683,0.137426355468031,0.756953661643667
0.376200412938761,0.460847218036203,0.137022612860694,0.756398987309248
0.375247187751663,0.459642165208781,0.136621788577928,0.755846109166857
0.374299450146823,0.45844330547701,0.136223848858917,0.755295014710721
0.373357149956412,0.457250591661286,0.135828760480309,0.75474569157601
0.37242023764754,0.45606397705584,0.13543649074533,0.754198127536618
0.371488664311911,0.454883415422871,0.135047007473157,0.753652310502979
0.370562381655697,0.453708860986753,0.134660278988551,0.753108228519932
0.369641341989598,0.452540268428333,0.13427627411175,0.752565869764634
0.368725498219118,0.451377592879307,0.133894962148601,0.752025222544503
0.367814803835022,0.450220789916687,0.13351631288093,0.751486275295214
0.366909212903977,0.449069815557338,0.133140296557149,0.750949016578725
0.366008680059393,0.447924626252599,0.132766883883085,0.75041343508135
0.365113160492426,0.446785178882986,0.132396046013027,0.749879519611868
0.364222609943167,0.44565143075296,0.132027754540986,0.749347259099662
0.363336984691996,0.444523339585784,0.131661981492165,0.748816642592905
0.362456241551108,0.443400863518443,0.131298699314622,0.748287659256775
0.361580337856199,0.442283961096644,0.130937880871141,0.747760298371707
0.360709231458312,0.441172591269883,0.13057949943128,0.747234549331673
0.359842880715841,0.440066713386582,0.130223528663612,0.746710401642507
0.358981244486684,0.438966287189304,0.129869942628141,0.746187844920247
0.358124282120545,0.437871272810025,0.129518715768899,0.745666868889522
0.357271953451389,0.436781630765475,0.129169822906707,0.74514746338196
0.356424218790028,0.435697321952554,0.128823239232104,0.744629618334632
0.355581038916853,0.434618307643802,0.128478940298434,0.744113323788518
0.3547423750747,0.433544549482939,0.1281369020151,0.743598569887016
0.353908188961851,0.432476009480465,0.127797100640954,0.743085346874458
0.353078442725164,0.431412650009322,0.127459512777854,0.742573645094673
0.352253098953325,0.430354433800621,0.127124115364349,0.742063454989565
0.351432120670234,0.429301323939423,0.126790885669515,0.741554767097721
0.350615471328504,0.428253283860579,0.126459801286925,0.741047572053043
0.349803114803085,0.427210277344634,0.126130840128755,0.740541860583406
0.348995015384999,0.426172268513782,0.125803980420014,0.740037623509342
0.348191137775195,0.425139221827881,0.125479200692905,0.739534851742743
0.347391447078508,0.424111102080518,0.125156479781314,0.739033536285593
0.346595908797734,0.423087874395133,0.124835796815405,0.738533668228719
0.345804488827809,0.422069504221198,0.124517131216351,0.738035238750564
0.345017153450088,0.42105595733044,0.124200462691162,0.737538239115984
0.344233869326735,0.420047199813125,0.123885771227635,0.737042660675067
0.343454603495207,0.41904319807439,0.12357303708941,0.736548494861967
0.342679323362831,0.418043918830621,0.123262240811126,0.736055733193768
0.341907996701493,0.417049329105885,0.122953363193692,0.735564367269359
0.341140591642402,0.416059396228413,0.122646385299645,0.735074388768334
0.34037707667096,0.41507408782712,0.122341288448614,0.734585789449906
0.339617420621711,0.414093371828185,0.122038054212881,0.734098561151847
0.338861592673389,0.41311721645167,0.121736664413027,0.733612695789441
0.338109562344042,0.412145590208184,0.121437101113679,0.733128185354455
0.337361299486248,0.411178461895596,0.121139346619333,0.73264502191413
0.336616774282408,0.41021580059579,0.120843383470281,0.732163197610186
0.335875957240125,0.409257575671464,0.120549194438602,0.73168270465785
0.335138819187658,0.408303756762969,0.120256762524254,0.731203535344892
0.33440533126946,0.407354313785197,0.119966070951232,0.730725682030683
0.333675464941781,0.406409216924502,0.119677103163814,0.730249137145268
0.332949191968358,0.405468436635669,0.119389842822878,0.729773893188452
0.332226484416171,0.404531943638918,0.119104273802295,0.729299942728904
0.331507314651271,0.403599708916953,0.118820380185397,0.728827278403276
0.330791655334684,0.402671703712046,0.118538146261513,0.728355892915331
0.330079479418372,0.401747899523159,0.118257556522577,0.727885779035095
0.329370760141274,0.400828268103106,0.117978595659802,0.727416929598013
0.328665471025407,0.399912781455754,0.117701248560423,0.726949337504128
0.327963585872032,0.399001411833256,0.117425500304498,0.726482995717261
0.327265078757884,0.398094131733324,0.117151336161784,0.726017897264222
0.326569924031463,0.397190913896535,0.11687874158866,0.725554035234013
0.32587809630939,0.396291731303675,0.116607702225123,0.725091402777065
0.32518957047282,0.395396557173113,0.116338203891838,0.724629993104466
0.324504321663911,0.394505364958218,0.116070232587241,0.724169799487221
0.323822325282358,0.393618128344795,0.115803774484706,0.72371081525551
0.323143556981973,0.39273482124857,0.115538815929764,0.723253033797962
0.322467992667333,0.391855417812696,0.115275343437373,0.722796448560944
0.32179560849047,0.390979892405297,0.115013343689241,0.722341053047857
0.321126380847623,0.39010821961704,0.114752803531209,0.721886840818443
0.320460286376037,0.389240374258742,0.114493709970669,0.721433805488103
0.319797301950817,0.388376331359003,0.114236050174041,0.720981940727231
0.31913740468183,0.387516066161875,0.113979811464302,0.720531240260549
0.318480571910655,0.386659554124554,0.113724981318547,0.720081697866462
0.317826781207587,0.385806770915106,0.113471547365608,0.719633307376412
0.317176010368679,0.384957692410221,0.113219497383719,0.719186062674255
0.316528237412843,0.384112294692997,0.11296881929821,0.718739957695635
0.315883440578985,0.383270554050747,0.112719501179265,0.718294986427375
0.31524159832319,0.382432446972836,0.112471531239702,0.717851142906879
0.314602689315954,0.38159795014855,0.112224897832808,0.717408421221531
0.313966692439454,0.380767040464986,0.111979589450206,0.71696681550812
0.313333586784862,0.379939695004971,0.111735594719766,0.716526319952261
0.312703351649699,0.379115891045002,0.111492902403551,0.716086928787829
0.31207596653524,0.378295606053223,0.111251501395803,0.7156486362964
0.311451411143942,0.377478817687416,0.111011380720963,0.715211436806706
0.310829665376923,0.376665503793023,0.110772529531731,0.714775324694089
0.31021070933148,0.375855642401188,0.110534937107158,0.71434029437997
0.30959452329864,0.375049211726832,0.11029859285077,0.713906340331323
0.308981087760749,0.374246190166739,0.110063486288734,0.713473457060156
0.308370383389102,0.373446556297678,0.10982960706805,0.713041639123003
0.307762391041604,0.372650288874541,0.109596944954774,0.712610881120421
0.307157091760466,0.371857366828505,0.109365489832281,0.712181177696492
0.306554466769944,0.371067769265218,0.109135231699549,0.711752523538337
0.305954497474098,0.370281475463008,0.108906160669482,0.711324913375636
0.3053571654546,0.369498464871108,0.108678266967254,0.710898341980148
0.304762452468562,0.368718717107912,0.108451540928692,0.710472804165251
0.304170340446402,0.367942211959245,0.10822597299868,0.710048294785477
0.303580811489745,0.367168929376657,0.108001553729589,0.709624808736057
0.302993847869347,0.366398849475735,0.107778273779746,0.709202340952475
0.302409432023056,0.36563195253444,0.107556123911917,0.708780886410026
0.3018275465538,0.364868218991462,0.10733509499182,0.708360440123382
0.301248174227605,0.364107629444593,0.107115177986669,0.707940997146159
0.300671297971648,0.363350164649119,0.106896363963738,0.7075225525705
0.300096900872324,0.362595805516239,0.106678644088948,0.70710510152665
0.299524966173356,0.361844533111493,0.106462009625484,0.706688639182554
0.298955477273928,0.361096328653213,0.10624645193243,0.706273160743443
0.298388417726839,0.360351173510996,0.106031962463431,0.705858661451437
0.29782377123669,0.359609049204188,0.105818532765377,0.705445136585153
0.297261521658098,0.358869937400394,0.105606154477105,0.705032581459311
0.29670165299393,0.358133819913999,0.105394819328131,0.704620991424356
0.296144149393568,0.357400678704708,0.105184519137396,0.704210361866073
0.295588995151194,0.356670495876108,0.104975245812037,0.703800688205219
0.295036174704103,0.355943253674243,0.104766991346173,0.703391965897152
0.29448567263104,0.355218934486202,0.104559747819724,0.702984190431468
0.293937473650556,0.354497520838734,0.104353507397231,0.702577357331645
0.293391562619394,0.353778995396868,0.104148262326715,0.702171462154684
0.292847924530894,0.353063340962558,0.103944004938537,0.701766500490766
0.292306544513417,0.352350540473339,0.103740727644292,0.701362467962905
0.291767407828801,0.351640577000999,0.103538422935709,0.700959360226607
0.291230499870826,0.350933433750269,0.103337083383579,0.700557172969541
0.290695806163715,0.350229094057526,0.10313670163669,0.700155901911199
0.290163312360639,0.349527541389512,0.102937270420792,0.699755542802578
0.289633004242257,0.348828759342065,0.102738782537566,0.699356091425855
0.289104867715273,0.348132731638874,0.102541230863619,0.698957543594068
0.288578888811004,0.347439442130234,0.10234460834949,0.698559895150804
0.288055053683979,0.346748874791827,0.102148908018674,0.698163141969889
0.287533348610554,0.346061013723515,0.101954122966661,0.697767279955084
0.287013759987541,0.345375843148139,0.101760246359993,0.697372305039781
0.286496274330864,0.344693347410344,0.101567271435332,0.696978213186708
0.285980878274223,0.344013510975407,0.101375191498543,0.696585000387632
0.285467558567789,0.343336318428085,0.101183999923794,0.696192662663074
0.284956302076904,0.342661754471471,0.100993690152674,0.695801196062018
0.284447095780809,0.341989803925871,0.100804255693311,0.695410596661631
0.283939926771382,0.341320451727682,0.100615690119521,0.695020860566982
0.283434782251895,0.340653682928293,0.10042798706996,0.694631983910771
0.282931649535791,0.339989482692994,0.10024114024729,0.69424396285305
0.282430516045473,0.3393278362999,0.10005514341736,0.693856793580963
0.281931369311112,0.338668729138879,0.0998699904084015,0.693470472308474
0.281434196969467,0.338012146710508,0.099685675110233,0.693084995276108
0.280938986762727,0.33735807462502,0.0995021914734772,0.692700358750693
0.280445726537366,0.336706498601284,0.0993195335087924,0.692316559025103
0.279954404243006,0.336057404465777,0.0991376952861138,0.691933592418008
0.279465007931307,0.335410778151584,0.0989566709339078,0.691551455273624
0.278977525754863,0.334766605697399,0.0987764546384361,0.691170143961468
0.278491945966116,0.334124873246539,0.0985970406430329,0.690789654876113
0.278008256916285,0.333485567045971,0.098418423247391,0.690409984436951
0.277526447054304,0.332848673445351,0.0982405968068607,0.690031129087955
0.27704650492578,0.332214178896066,0.0980635557317582,0.689653085297442
0.276568419171962,0.331582069950298,0.0978872944866842,0.68927584955785
0.276092178528723,0.330952333260087,0.0977118075898539,0.6888994183855
0.275617771825554,0.330324955576416,0.0975370896124356,0.688523788320378
0.275145187984576,0.329699923748292,0.0973631351779007,0.688148955925907
0.274674416019557,0.329077224721853,0.097189938961382,0.687774917788732
0.274205445034951,0.328456845539469,0.0970174956890423,0.687401670518497
0.273738264224938,0.327838773338866,0.0968458001374525,0.687029210747635
0.273272862872489,0.327222995352253,0.0966748471329783,0.686657535131154
0.272809230348433,0.326609498905456,0.0965046315511766,0.686286640346427
0.272347356110539,0.32599827141707,0.0963351483162001,0.685916523092982
0.271887229702614,0.325389300397613,0.0961663924002115,0.685547180092306
0.271428840753603,0.324782573448691,0.0959983588228054,0.685178608087632
0.270972178976709,0.324178078262171,0.095831042650439,0.684810803843747
0.270517234168524,0.32357580261937,0.0956644389958715,0.684443764146791
0.270063996208161,0.322975734390239,0.095498543017611,0.684077485804061
0.26961245505641,0.322377861532573,0.0953333499193697,0.683711965643821
0.269162600754896,0.321782172091211,0.0951688549495269,0.68334720051511
0.268714423425251,0.321188654197263,0.0950050534006,0.682983187287553
0.268267913268293,0.32059729606733,0.0948419406087228,0.682619922851175
0.267823060563221,0.320008086002741,0.0946795119531315,0.682257404116217
0.267379855666815,0.319421012388794,0.0945177628556573,0.681895628012955
0.266938289012648,0.318836063694013,0.0943566887802282,0.681534591491518
0.266498351110305,0.318253228469396,0.0941962852323751,0.681174291521712
0.266060032544618,0.317672495347694,0.0940365477587475,0.680814725092846
0.265623323974904,0.317093853042675,0.0938774719466341,0.680455889213554
0.265188216134213,0.316517290348414,0.0937190534234918,0.680097780911626
0.264754699828592,0.315942796138578,0.09356128785648,0.679740397233836
0.264322765936347,0.315370359365724,0.0934041709520022,0.67938373524578
0.263892405407325,0.314799969060607,0.0932476984552537,0.679027792031703
0.263463609262196,0.314231614331486,0.0930918661497757,0.678672564694337
0.26303636859175,0.31366528436345,0.0929366698570162,0.678318050354742
0.262610674556199,0.31310096841774,0.0927821054358956,0.677964246152144
0.262186518384486,0.312538655831081,0.0926281687823799,0.677611149243772
0.261763891373612,0.311978336015029,0.0924748558290588,0.67725875680471
0.261342784887953,0.311419998455311,0.0923221625447302,0.676907066027732
0.260923190358606,0.310863632711183,0.0921700849339897,0.676556074123158
0.260505099282728,0.31030922841479,0.0920186190368265,0.676205778318695
0.260088503222888,0.309756775270534,0.0918677609282249,0.675856175859291
0.259673393806428,0.309206263054446,0.0917175067177699,0.675507264006988
0.259259762724828,0.308657681613567,0.0915678525492605,0.675159040040771
0.258847601733084,0.308111020865338,0.0914187946003256,0.674811501256424
0.258436902649087,0.307566270796988,0.0912703290820476,0.674464644966392
0.258027657353013,0.307023421464937,0.091122452238589,0.674118468499632
0.257619857786722,0.3064824629942,0.090975160346826,0.673772969201476
0.257213495953158,0.305943385577801,0.090828449715985,0.673428144433493
0.256808563915764,0.305406179476187,0.0906823166872854,0.67308399157335
0.256405053797895,0.304870835016653,0.0905367576335875,0.672740508014676
0.256002957782247,0.304337342592774,0.0903917689590434,0.67239769116693
0.255602268110284,0.303805692663835,0.0902473470987543,0.672055538455268
0.25520297708168,0.30327587575428,0.090103488518431,0.671714047320406
0.25480507705376,0.302747882453149,0.0899601897140603,0.6713732152185
0.254408560440953,0.302221703413539,0.0898174472115746,0.671033039621006
0.254013419714247,0.301697329352057,0.0896752575665266,0.670693518014564
0.253619647400656,0.301174751048284,0.0895336173637678,0.670354647900862
0.253227236082685,0.300653959344246,0.0893925232171316,0.670016426796519
0.252836178397811,0.300134945143886,0.0892519717691207,0.669678852232957
0.25244646703796,0.299617699412542,0.0891119596905978,0.669341921756283
0.252058094748998,0.299102213176436,0.0889724836804813,0.669005632927165
0.251671054330222,0.298588477522161,0.0888335404654444,0.668669983320713
0.251285338633863,0.298076483596176,0.0886951267996182,0.668334970526363
0.250900940564587,0.297566222604306,0.088557239464299,0.66800059214776
0.250517853079009,0.297057685811247,0.0884198752676588,0.66766684580264
0.250136069185208,0.296550864540077,0.0882830310444597,0.667333729122717
0.249755581942246,0.296045750171769,0.0881467036557727,0.667001239753569
0.2493763844597,0.295542334144713,0.0880108899886989,0.666669375354529
0.248998469897194,0.295040607954236,0.0878755869560956,0.666338133598569
0.248621831463931,0.294540563152136,0.0877407914963045,0.666007512172194
0.248246462418242,0.294042191346212,0.0876065005728846,0.665677508775334
0.247872356067133,0.293545484199805,0.0874727111743478,0.665348121121231
0.247499505765836,0.293050433431339,0.0873394203138983,0.66501934693634
0.247127904917366,0.292557030813868,0.0872066250291745,0.664691183960219
0.246757546972092,0.292065268174631,0.0870743223819955,0.664363629945424
0.246388425427293,0.291575137394602,0.0869425094581095,0.664036682657412
0.246020533826741,0.291086630408058,0.0868111833669459,0.663710339874429
0.245653865760271,0.290599739202137,0.0866803412413709,0.663384599387419
0.24528841486337,0.290114455816413,0.0865499802374456,0.663059458999918
0.244924174816756,0.289630772342464,0.0864200975341871,0.662734916527956
0.244561139345976,0.289148680923452,0.0862906903333332,0.662410969799959
0.244199302220999,0.288668173753706,0.0861617558591093,0.662087616656653
0.243838657255814,0.288189243078303,0.0860332913579985,0.661764854950967
0.243479198308038,0.287711881192662,0.0859052940985151,0.661442682547938
0.243120919278523,0.287236080442136,0.0857777613709797,0.661121097324617
0.242763814110972,0.286761833221607,0.0856506904872983,0.660800097169976
0.24240787679155,0.286289131975091,0.0855240787807432,0.660479679984813
0.242053101348512,0.285817969195343,0.0853979236057373,0.660159843681667
0.241699481851825,0.285348337423463,0.0852722223376407,0.659840586184721
0.2413470124128,0.284880229248508,0.0851469723725393,0.659521905429713
0.240995687183723,0.284413637307116,0.0850221711270376,0.659203799363853
0.240645500357493,0.283948554283115,0.0848978160380526,0.658886265945729
0.240296446167267,0.283484972907156,0.0847739045626104,0.658569303145223
0.239948518886101,0.283022885956335,0.0846504341776459,0.658252908943423
0.239601712826599,0.282562286253826,0.0845274023798043,0.657937081332541
0.239256022340572,0.282103166668515,0.0844048066852456,0.657621818315825
0.238911441818686,0.281645520114636,0.0842826446294507,0.657307117907476
0.238567965690128,0.281189339551415,0.0841609137670303,0.656992978132569
0.238225588422268,0.280734617982713,0.0840396116715364,0.656679397026965
0.237884304520328,0.280281348456675,0.0839187359352752,0.656366372637235
0.237544108527049,0.279829524065377,0.0837982841691231,0.656053903020575
0.23720499502237,0.279379137944489,0.0836782540023442,0.65574198624473
0.236866958623103,0.278930183272925,0.0835586430824108,0.655430620387914
0.236529993982614,0.278482653272505,0.083439449074825,0.655119803538732
0.236194095790511,0.278036541207626,0.083320669662943,0.654809533796101
0.235859258772328,0.277591840384921,0.0832023025478018,0.654499809269174
0.235525477689216,0.277148544152931,0.0830843454479471,0.654190628077268
0.235192747337642,0.276706645901785,0.0829667960992645,0.653881988349781
0.234861062549081,0.276266139062867,0.0828496522548105,0.653573888226126
0.234530418189721,0.275827017108504,0.0827329116846482,0.65326632585565
0.234200809160163,0.275389273551643,0.0826165721756832,0.652959299397565
0.233872230395132,0.274952901945538,0.082500631531501,0.652652807020877
0.233544676863184,0.274517895883439,0.0823850875722085,0.652346846904308
0.233218143566418,0.274084248998283,0.0822699381342746,0.652041417236232
0.232892625540196,0.273651954962388,0.082155181070375,0.6517365162146
0.232568117852859,0.27322100748715,0.0820408142492374,0.651432142046872
0.232244615605449,0.272791400322742,0.0819268355554883,0.651128292949948
0.231922113931431,0.272363127257818,0.0818132428895035,0.650824967150099
0.231600607996426,0.271936182119215,0.0817000341672577,0.650522162882899
0.231280092997938,0.271510558771666,0.0815872073201776,0.65021987839316
0.230960564165085,0.271086251117506,0.0814747602949963,0.649918111934863
0.230642016758338,0.270663253096386,0.0813626910536092,0.649616861771091
0.230324446069257,0.270241558684991,0.0812509975729312,0.649316126173967
0.230007847420234,0.269821161896757,0.0811396778447564,0.649015903424589
0.229692216164234,0.269402056781592,0.0810287298756188,0.648716191812963
0.229377547684544,0.268984237425598,0.0809181516866547,0.648416989637941
0.229063837394519,0.268567697950799,0.0808079413134662,0.648118295207159
0.228751080737335,0.268152432514871,0.0806980968059877,0.647820106836972
0.228439273185742,0.267738435310868,0.0805886162283519,0.647522422852397
0.228128410241822,0.267325700566959,0.0804794976587587,0.647225241587046
0.227818487436743,0.266914222546164,0.0803707391893455,0.646928561383069
0.227509500330527,0.266503995546089,0.0802623389260581,0.646632380591091
0.227201444511806,0.266095013898671,0.0801542949885241,0.646336697570158
0.226894315597594,0.265687271969916,0.0800466055099267,0.646041510687671
0.226588109233052,0.265280764159649,0.0799392686368809,0.64574681831933
0.226282821091259,0.264875484901255,0.07983228252931,0.645452618849079
0.225978446872983,0.264471428661435,0.0797256453603249,0.645158910669045
0.225674982306461,0.264068589939957,0.079619355316103,0.64486569217948
0.225372423147171,0.263666963269405,0.0795134105957699,0.64457296178871
0.225070765177613,0.26326654321494,0.0794078094112817,0.644280717913074
0.224770004207092,0.262867324374056,0.0793025499873088,0.643988958976867
0.224470136071499,0.262469301376345,0.0791976305611207,0.643697683412294
0.224171156633099,0.262072468883252,0.0790930493824724,0.643406889659405
0.223873061780319,0.261676821587848,0.0789888047134922,0.643116576166047
0.223575847427536,0.26128235421459,0.0788848948285699,0.642826741387809
0.223279509514871,0.260889061519094,0.0787813180142473,0.642537383787968
0.222984044007981,0.260496938287906,0.0786780725691089,0.64224850183744
0.222689446897859,0.260105979338272,0.0785751568036748,0.641960094014721
0.222395714200626,0.259716179517916,0.0784725690402937,0.641672158805843
0.222102841957337,0.259327533704814,0.0783703076130379,0.641384694704318
0.221810826233778,0.258940036806978,0.0782683708675987,0.641097700211087
0.221519663120274,0.258553683762229,0.0781667571611841,0.640811173834473
0.221229348731492,0.258168469537988,0.078065464862416,0.640525114090127
0.220939879206249,0.257784389131055,0.0779644923512297,0.640239519500985
0.220651250707321,0.257401437567396,0.0778638380187744,0.639954388597208
0.220363459421258,0.257019609901934,0.0777635002673139,0.639669719916145
0.220076501558191,0.256638901218339,0.0776634775101293,0.639385512002279
0.21979037335165,0.256259306628815,0.0775637681714225,0.639101763407177
0.219505071058383,0.255880821273902,0.0774643706862203,0.638818472689449
0.21922059095817,0.255503440322264,0.0773652835002799,0.638535638414695
0.218936929353645,0.25512715897049,0.0772665050699955,0.638253259155462
0.218654082570119,0.254751972442893,0.0771680338623057,0.637971333491198
0.2183720469554,0.25437787599131,0.0770698683546015,0.637689860008201
0.218090818879622,0.254004864894905,0.0769720070346364,0.637408837299582
0.21781039473507,0.253632934459974,0.0768744484004358,0.637128263965213
0.217530770936009,0.253262080019747,0.0767771909602092,0.636848138611685
0.217251943918511,0.252892296934203,0.0766802332322616,0.636568459852264
0.216973910140293,0.25252358058987,0.076583573744907,0.636289226306847
0.216696666080543,0.252155926399644,0.0764872110363826,0.636010436601917
0.216420208239761,0.251789329802596,0.0763911436547631,0.635732089370502
0.216144533139591,0.25142378626379,0.0762953701578771,0.635454183252131
0.21586963732266,0.251059291274093,0.0761998891132235,0.635176716892792
0.215595517352418,0.250695840350001,0.076104699097889,0.634899688944888
0.21532216981298,0.250333429033447,0.0760097986984666,0.6346230980672
0.215049591308964,0.249972052891632,0.0759151865109747,0.63434694292484
0.21477777846534,0.249611707516836,0.0758208611407774,0.634071222189212
0.214506727927272,0.249252388526252,0.0757268212025051,0.633795934537975
0.214236436359965,0.248894091561802,0.0756330653199766,0.633521078654996
0.213966900448515,0.248536812289968,0.0755395921261207,0.633246653230316
0.213698116897755,0.24818054640162,0.0754464002629011,0.632972656960106
0.213430082432109,0.247825289611841,0.0753534883812387,0.632699088546629
0.213162793795444,0.247471037659761,0.0752608551409375,0.632425946698203
0.212896247750919,0.24711778630839,0.0751684992106101,0.632153230129159
0.212630441080849,0.246765531344448,0.075076419267604,0.631880937559806
0.212365370586551,0.246414268578201,0.0749846139979283,0.631609067716388
0.212101033088209,0.246063993843299,0.0748930820961826,0.631337619331051
0.211837425424728,0.24571470299661,0.0748018222654842,0.631066591141805
0.211574544453598,0.245366391918064,0.0747108332173987,0.630795981892483
0.211312387050753,0.245019056510487,0.0746201136718691,0.630525790332707
0.211050950110434,0.244672692699448,0.074529662357147,0.630256015217852
0.210790230545054,0.244327296433099,0.0744394780097241,0.62998665530901
0.210530225285061,0.243982863682018,0.0743495593742636,0.62971770937295
0.210270931278807,0.243639390439059,0.0742599052035341,0.629449176182087
0.210012345492412,0.243296872719193,0.074170514258342,0.629181054514444
0.209754464909637,0.242955306559361,0.0740813853074662,0.628913343153617
0.20949728653175,0.242614688018319,0.0739925171275928,0.628646040888742
0.2092408073774,0.242275013176493,0.0739039085032503,0.628379146514458
0.208985024482486,0.241936278135826,0.0738155582267461,0.628112658830875
0.208729934900036,0.241598479019634,0.0737274650981026,0.627846576643536
0.208475535700074,0.241261611972458,0.0736396279249949,0.62758089876339
0.2082218239695,0.240925673159922,0.073552045522689,0.627315624006751
0.207968796811968,0.240590658768587,0.0734647167139796,0.627050751195271
0.207716451347761,0.240256565005809,0.0733776403291297,0.626786279155902
0.207464784713669,0.2399233880996,0.0732908152058107,0.626522206720869
0.207213794062874,0.239591124298484,0.0732042401890418,0.62625853272763
0.206963476564823,0.239259769871362,0.073117914131132,0.625995256018851
0.20671382940512,0.238929321107372,0.0730318358916208,0.625732375442369
0.2064648497854,0.238599774315752,0.0729460043372206,0.625469889851166
0.206216534923217,0.238271125825707,0.0728604183417592,0.62520779810333
0.205968882051932,0.237943371986271,0.0727750767861232,0.62494609906203
0.205721888420593,0.237616509166177,0.0726899785582014,0.624684791595481
0.205475551293828,0.237290533753721,0.0726051225528295,0.624423874576919
0.205229867951727,0.236965442156634,0.0725205076717345,0.624163346884562
0.204984835689738,0.23664123080195,0.0724361328234805,0.623903207401587
0.204740451818552,0.236317896135879,0.072351996923414,0.623643455016098
0.204496713663995,0.235995434623675,0.0722680988936109,0.623384088621094
0.204253618566921,0.235673842749511,0.0721844376628231,0.623125107114441
0.204011163883104,0.235353117016356,0.0721010121664257,0.622866509398846
0.203769346983135,0.235033253945843,0.0720178213463656,0.62260829438182
0.20352816525231,0.234714250078151,0.0719348641511092,0.622350460975658
0.203287616090531,0.23439610197188,0.0718521395355916,0.622093008097405
0.203047696912203,0.234078806203927,0.0717696464611663,0.621835934668827
0.202808405146127,0.233762359369368,0.0716873838955543,0.621579239616388
0.202569738235402,0.233446758081334,0.0716053508127955,0.621322921871216
0.202331693637323,0.233131998970897,0.0715235461931984,0.621066980369079
0.202094268823282,0.232818078686946,0.0714419690232925,0.620811414050356
0.201857461278666,0.232504993896072,0.071360618295779,0.62055622186001
0.201621268502762,0.232192741282455,0.0712794930094837,0.620301402747561
0.201385688008658,0.231881317547741,0.0711985921693095,0.62004695566706
0.201150717323148,0.231570719410934,0.0711179147861894,0.619792879577059
0.200916353986632,0.23126094360828,0.0710374598770399,0.619539173440587
0.200682595553027,0.230951986893153,0.0709572264647153,0.619285836225125
0.200449439589668,0.230643846035945,0.0708772135779619,0.619032866902578
0.200216883677218,0.230336517823953,0.0707974202513727,0.618780264449247
0.199984925409573,0.23002999906127,0.0707178455253431,0.618528027845807
0.199753562393769,0.229724286568675,0.0706384884460259,0.61827615607728
0.199522792249897,0.229419377183527,0.0705593480652878,0.618024648133009
0.199292612611006,0.229115267759652,0.0704804234406661,0.617773503006635
0.199063021123018,0.228811955167241,0.0704017136353248,0.617522719696067
0.198834015444636,0.228509436292743,0.0703232177180127,0.617272297203465
0.198605593247259,0.228207708038759,0.0702449347630205,0.617022234535207
0.198377752214891,0.227906767323936,0.0701668638501392,0.61677253070187
0.19815049004406,0.227606611082868,0.0700890040646184,0.616523184718205
0.197923804443727,0.227307236265989,0.0700113544971251,0.616274195603113
0.197697693135202,0.227008639839471,0.0699339142437028,0.616025562379617
0.197472153852062,0.226710818785129,0.0698566824057317,0.615777284074844
0.197247184340065,0.226413770100311,0.0697796580898875,0.615529359719999
0.197022782357067,0.226117490797807,0.0697028404081029,0.615281788350341
0.196798945672942,0.225821977905744,0.0696262284775275,0.615034569005161
0.196575672069496,0.225527228467491,0.0695498214204892,0.614787700727757
0.196352959340391,0.225233239541563,0.0694736183644551,0.614541182565415
0.196130805291063,0.22494000820152,0.0693976184419942,0.614295013569381
0.195909207738639,0.224647531535874,0.0693218207907382,0.614049192794845
0.195688164511862,0.224355806647994,0.069246224553345,0.61380371930091
0.195467673451013,0.22406483065601,0.0691708288774607,0.613558592150579
0.195247732407828,0.223774600692722,0.0690956329156834,0.613313810410727
0.195028339245429,0.223485113905504,0.0690206358255259,0.61306937315208
0.19480949183824,0.223196367456213,0.06894583676938,0.612825279449196
0.194591188071915,0.222908358521097,0.0688712349144801,0.612581528380439
0.194373425843263,0.222621084290706,0.0687968294328681,0.612338119027963
0.194156203060171,0.222334541969799,0.0687226195013579,0.612095050477685
0.193939517641534,0.222048728777256,0.0686486043015001,0.611852321819267
0.193723367517177,0.221763641945988,0.068574783019548,0.611609932146098
0.193507750627785,0.221479278722852,0.0685011548464226,0.611367880555265
0.19329266492483,0.221195636368559,0.0684277189776789,0.611126166147541
0.193078108370499,0.220912712157591,0.0683544746134721,0.610884788027359
0.192864078937626,0.220630503378111,0.0682814209585242,0.610643745302793
0.192650574609615,0.220349007331882,0.0682085572220908,0.61040303708554
0.192437593380377,0.220068221334178,0.0681358826179278,0.610162662490895
0.192225133254258,0.219788142713701,0.0680633963642599,0.609922620637737
0.192013192245967,0.2195087688125,0.0679910976837472,0.609682910648504
0.191801768380513,0.219230096985882,0.0679189858034538,0.609443531649178
0.191590859693135,0.218952124602336,0.0678470599548158,0.609204482769261
0.191380464229233,0.218674849043448,0.0677753193736102,0.608965763141758
0.191170580044306,0.218398267703819,0.0677037632999233,0.608727371903158
0.19096120520388,0.218122377990986,0.06763239097812,0.608489308193415
0.190752337783448,0.217847177325342,0.0675612016568135,0.608251571155926
0.1905439758684,0.217572663140057,0.0674901945888341,0.608014159937518
0.190336117553963,0.217298832880996,0.0674193690312,0.607777073688421
0.190128760945135,0.217025684006645,0.0673487242450869,0.607540311562259
0.189921904156618,0.216753213988031,0.0672782594957986,0.607303872716024
0.189715545312763,0.216481420308645,0.0672079740527377,0.607067756310061
0.189509682547499,0.216210300464365,0.0671378671893763,0.606831961508049
0.189304314004278,0.215939851963382,0.0670679381832275,0.606596487476984
0.189099437836006,0.215670072326124,0.0669981863158168,0.606361333387159
0.18889505220499,0.215400959085179,0.0669286108726534,0.606126498412148
0.188691155282873,0.215132509785223,0.0668592111432024,0.605891981728787
0.188487745250571,0.214864721982947,0.066789986420857,0.605657782517158
0.188284820298221,0.214597593246978,0.0667209360029106,0.60542389996057
0.188082378625116,0.214331121157815,0.0666520591905299,0.605190333245542
0.187880418439647,0.214065303307751,0.0665833552887273,0.604957081561786
0.187678937959246,0.213800137300802,0.0665148236063341,0.604724144102192
0.187477935410329,0.213535620752637,0.066446463455974,0.604491520062805
0.187277409028236,0.213271751290507,0.0663782741540364,0.604259208642816
0.187077357057176,0.213008526553176,0.0663102550206505,0.604027209044538
0.18687777775017,0.212745944190849,0.0662424053796588,0.603795520473396
0.186678669368995,0.212484001865104,0.0661747245585918,0.603564142137903
0.186480030184129,0.212222697248827,0.0661072118886421,0.603333073249652
